case_id,Class
300000,0
300001,0
300002,0
300003,0
300004,0
300005,0
300006,0
300007,0
300008,0
300009,0
300010,0
300011,0
300013,0
300014,0
300015,1
300016,0
300017,0
300018,1
300019,0
300020,0
300021,0
300022,0
300023,1
300024,0
300025,0
300026,1
300027,0
300028,0
300029,0
300030,0
300031,0
300032,0
300033,0
300034,1
300035,0
300036,1
300037,0
300038,0
300039,0
300040,1
300041,0
300042,0
300043,0
300044,0
300045,0
300046,0
300047,0
300048,0
300049,2
300050,0
300051,0
300052,0
300053,1
300054,0
300055,0
300056,0
300057,0
300058,0
300059,1
300060,0
300061,0
300062,0
300063,1
300064,0
300065,0
300066,0
300067,0
300068,0
300069,0
300070,1
300071,2
300072,0
300073,0
300074,0
300075,0
300076,0
300077,0
300078,0
300079,0
300080,0
300081,0
300082,0
300083,0
300084,0
300085,1
300087,0
300088,1
300089,0
300090,1
300091,0
300092,0
300093,0
300094,0
300095,1
300096,0
300097,1
300098,0
300099,1
300100,0
300101,0
300102,0
300103,1
300104,1
300105,0
300106,0
300107,1
300108,0
300109,0
300110,0
300111,0
300112,1
300113,0
300114,1
300115,2
300116,0
300117,0
300118,1
300119,0
300120,0
300121,0
300122,0
300123,0
300124,0
300125,0
300126,0
300127,0
300128,1
300129,0
300130,0
300131,1
300132,0
300133,0
300134,0
300135,0
300136,0
300137,0
300138,0
300139,0
300140,0
300141,1
300142,0
300143,0
300144,0
300145,1
300146,0
300147,0
300148,0
300149,0
300150,1
300151,1
300152,0
300153,0
300154,0
300155,1
300156,1
300157,0
300158,1
300159,0
300160,1
300161,0
300162,1
300163,1
300164,1
300165,0
300166,0
300167,1
300168,0
300169,0
300170,0
300171,0
300172,0
300173,0
300174,1
300175,0
300176,0
300177,0
300178,1
300179,0
300180,0
300181,0
300182,0
300183,0
300184,0
300185,1
300186,0
300187,1
300188,0
300189,0
300190,0
300191,0
300192,0
300193,0
300194,1
300196,0
300197,0
300198,0
300199,0
300200,0
300201,0
300203,0
300204,1
300205,0
300206,0
300207,0
300208,0
300209,0
300210,2
300211,0
300212,1
300213,0
300214,0
300215,0
300216,0
300217,0
300218,0
300219,0
300220,0
300221,0
300222,0
300223,0
300224,1
300225,0
300226,0
300227,1
300228,0
300229,0
300230,1
300231,0
300232,0
300233,0
300234,0
300235,0
300236,1
300237,0
300238,0
300239,0
300240,0
300241,1
300242,0
300243,1
300244,1
300245,1
300246,0
300247,0
300248,0
300249,0
300250,1
300251,0
300253,1
300254,0
300255,0
300256,0
300257,1
300258,0
300259,0
300260,0
300261,0
300262,1
300263,1
300264,1
300265,0
300266,0
300267,0
300268,0
300269,0
300270,1
300271,0
300272,0
300273,0
300274,0
300275,1
300277,1
300278,0
300279,1
300280,0
300281,0
300282,0
300283,0
300284,0
300285,1
300286,0
300287,1
300288,0
300289,1
300290,1
300291,0
300292,0
300293,0
300294,0
300295,0
300296,0
300297,1
300298,0
300299,1
300300,1
300301,1
300302,0
300303,1
300304,1
300305,1
300306,0
300307,0
300308,0
300309,0
300311,0
300312,0
300313,0
300314,0
300315,1
300316,0
300317,1
300318,0
300319,0
300320,0
300321,0
300322,0
300323,0
300324,0
300325,2
300326,1
300327,0
300328,0
300329,0
300330,0
300331,1
300332,0
300333,0
300334,0
300335,0
300336,0
300337,0
300338,0
300339,0
300340,1
300341,1
300342,0
300343,0
300344,0
300345,1
300346,0
300347,0
300348,0
300349,1
300350,0
300351,0
300352,0
300353,0
300354,0
300355,0
300356,0
300357,0
300358,0
300359,1
300360,0
300361,0
300362,0
300363,0
300364,0
300365,0
300366,0
300367,0
300368,0
300369,1
300370,1
300371,0
300372,0
300373,0
300374,1
300375,0
300376,1
300377,1
300378,0
300379,0
300380,0
300381,0
300382,0
300383,0
300384,0
300385,1
300386,0
300387,0
300388,0
300389,0
300390,0
300391,0
300392,0
300393,0
300395,0
300396,0
300397,0
300398,0
300399,0
300400,0
300401,1
300402,0
300403,1
300404,0
300405,1
300406,0
300407,1
300408,0
300409,1
300410,0
300411,0
300412,0
300413,0
300414,0
300415,1
300416,0
300417,0
300418,0
300419,0
300420,0
300421,0
300422,0
300423,0
300424,0
300425,0
300426,1
300427,0
300428,1
300429,0
300430,0
300431,0
300432,2
300433,0
300434,1
300435,0
300436,0
300437,1
300438,0
300439,1
300440,0
300441,2
300442,0
300443,0
300444,0
300445,0
300446,0
300447,2
300448,0
300449,0
300450,0
300451,1
300452,0
300453,1
300454,0
300455,0
300456,1
300457,0
300458,0
300459,0
300460,0
300461,0
300462,0
300463,0
300464,0
300465,0
300466,0
300467,1
300468,2
300469,0
300470,0
300471,0
300472,0
300473,1
300474,0
300475,0
300476,0
300477,1
300478,0
300479,0
300480,0
300481,0
300482,1
300483,0
300484,0
300485,0
300486,0
300487,0
300488,0
300489,0
300490,0
300491,0
300492,0
300493,0
300494,1
300495,2
300496,1
300497,0
300498,0
300499,1
300500,0
300501,1
300502,1
300503,1
300504,0
300505,0
300506,0
300507,0
300508,0
300509,0
300510,0
300511,0
300512,0
300513,0
300514,0
300515,0
300516,0
300517,1
300518,0
300519,0
300520,2
300521,1
300522,2
300523,0
300524,0
300525,0
300526,1
300527,1
300528,0
300529,0
300530,0
300531,1
300532,1
300533,0
300534,1
300535,0
300536,1
300537,0
300538,0
300539,1
300540,0
300541,1
300542,0
300543,0
300544,0
300545,1
300546,1
300547,0
300548,0
300549,0
300550,0
300551,1
300552,1
300553,0
300554,1
300555,1
300556,0
300557,1
300558,0
300559,0
300560,0
300561,0
300562,0
300563,0
300564,0
300565,0
300566,0
300567,0
300568,1
300569,1
300570,1
300571,0
300572,2
300573,0
300574,1
300575,1
300576,0
300577,0
300578,1
300579,0
300580,1
300581,0
300582,0
300583,0
300584,1
300585,1
300586,0
300587,0
300589,0
300590,0
300591,2
300592,1
300593,1
300594,0
300595,1
300596,0
300597,0
300598,0
300599,1
300600,1
300601,0
300602,0
300603,0
300604,0
300606,0
300607,0
300608,0
300609,0
300610,1
300611,0
300612,1
300613,0
300614,0
300615,1
300616,0
300617,0
300618,1
300619,0
300620,0
300621,0
300622,0
300623,0
300624,0
300625,1
300627,0
300628,0
300629,0
300630,1
300631,0
300632,1
300633,0
300634,0
300635,0
300636,1
300637,1
300638,0
300639,1
300640,0
300641,0
300642,1
300643,0
300644,0
300645,1
300646,0
300647,0
300648,0
300649,0
300650,0
300651,0
300652,0
300654,1
300655,0
300656,0
300657,1
300658,0
300659,0
300660,0
300661,0
300662,0
300663,0
300664,0
300665,0
300666,1
300667,1
300668,0
300669,0
300670,1
300671,1
300672,1
300673,0
300674,0
300675,1
300676,0
300677,2
300678,0
300679,0
300680,0
300681,1
300682,0
300683,0
300684,0
300685,0
300686,0
300687,1
300688,0
300689,1
300690,1
300691,0
300692,0
300693,0
300694,0
300695,0
300696,0
300697,1
300698,0
300699,1
300700,0
300701,0
300702,0
300703,0
300704,1
300705,0
300706,0
300708,0
300709,1
300710,0
300711,0
300712,1
300713,0
300714,0
300715,0
300716,0
300717,0
300718,0
300719,0
300720,0
300721,0
300722,1
300723,0
300724,0
300725,0
300726,0
300727,0
300728,0
300729,0
300730,0
300731,0
300732,0
300733,0
300734,0
300735,0
300736,0
300737,0
300739,0
300740,1
300741,0
300742,1
300743,0
300744,0
300745,0
300746,0
300747,0
300748,2
300749,1
300750,1
300751,1
300752,0
300753,1
300754,1
300755,0
300756,0
300757,1
300758,0
300759,0
300760,0
300761,0
300762,0
300763,0
300764,0
300765,0
300766,0
300767,0
300768,0
300769,0
300770,0
300771,0
300772,1
300773,0
300774,0
300775,1
300776,0
300777,1
300778,1
300779,0
300780,0
300781,1
300782,2
300783,0
300784,0
300785,0
300786,0
300787,0
300788,0
300789,0
300790,0
300791,0
300792,0
300793,0
300794,1
300795,0
300796,0
300797,1
300798,0
300799,0
300800,0
300801,1
300802,0
300803,0
300804,0
300805,0
300806,0
300807,0
300808,0
300809,0
300810,0
300811,1
300812,0
300813,1
300814,0
300815,0
300816,2
300817,0
300818,0
300819,0
300820,0
300821,1
300822,0
300823,0
300824,1
300825,0
300826,0
300827,0
300828,1
300829,0
300830,0
300831,1
300832,1
300833,0
300834,0
300835,0
300836,0
300837,1
300838,0
300839,1
300840,0
300841,2
300842,0
300843,0
300844,0
300845,0
300846,1
300847,0
300848,0
300849,0
300850,1
300851,0
300852,0
300853,1
300854,0
300855,0
300856,0
300857,0
300858,0
300859,1
300860,0
300861,0
300862,0
300863,0
300864,0
300865,0
300866,0
300867,0
300868,1
300869,0
300870,0
300871,0
300872,1
300873,0
300874,0
300875,1
300876,1
300877,1
300878,1
300880,2
300881,1
300882,0
300883,0
300884,0
300885,1
300886,0
300887,1
300888,0
300889,0
300890,0
300891,0
300892,0
300893,0
300894,0
300895,0
300896,1
300897,0
300898,0
300899,0
300900,0
300901,0
300902,1
300903,0
300904,0
300905,1
300906,1
300907,1
300908,0
300909,0
300910,0
300911,0
300912,1
300913,0
300914,0
300915,0
300916,0
300917,0
300918,0
300919,1
300920,0
300921,1
300922,0
300923,0
300924,0
300925,0
300926,0
300927,0
300928,0
300929,1
300930,0
300931,0
300932,2
300933,0
300934,1
300935,0
300936,0
300937,0
300938,1
300939,0
300940,0
300941,0
300942,0
300943,0
300944,0
300945,1
300946,0
300947,0
300948,0
300949,0
300950,2
300951,0
300952,0
300953,0
300954,1
300955,1
300956,1
300957,2
300958,0
300959,0
300960,1
300961,0
300962,0
300963,0
300964,0
300965,0
300967,0
300968,0
300969,0
300970,0
300971,0
300972,0
300973,0
300974,1
300975,0
300976,0
300977,0
300978,0
300979,0
300980,0
300981,0
300982,0
300983,1
300985,0
300986,1
300987,0
300988,1
300989,0
300990,0
300991,0
300992,0
300993,0
300994,0
300995,0
300996,0
300997,0
300998,0
300999,0
301000,2
301001,0
301002,0
301003,0
301004,0
301005,0
301006,0
301007,1
301008,0
301009,0
301010,0
301011,0
301012,1
301013,0
301014,0
301015,2
301016,1
301017,0
301018,0
301019,0
301020,0
301021,0
301022,2
301023,0
301024,2
301025,0
301026,1
301027,0
301028,0
301029,0
301030,0
301031,0
301032,0
301033,0
301034,1
301035,2
301036,0
301037,0
301038,0
301039,0
301040,0
301041,0
301042,0
301043,1
301044,0
301045,0
301046,1
301047,1
301048,0
301049,0
301050,2
301051,0
301052,0
301053,0
301054,1
301055,0
301056,0
301057,1
301058,0
301059,0
301060,0
301061,2
301062,1
301063,0
301064,1
301065,0
301066,1
301067,0
301068,0
301069,0
301070,1
301071,0
301072,0
301073,1
301074,1
301075,1
301077,0
301078,0
301079,0
301080,1
301081,0
301082,1
301083,0
301084,0
301085,1
301086,0
301087,0
301088,1
301089,1
301090,1
301091,0
301092,0
301093,2
301094,0
301095,0
301096,0
301097,0
301098,0
301099,0
301100,0
301101,0
301102,0
301104,2
301105,0
301106,0
301107,1
301108,0
301109,0
301110,0
301111,1
301112,0
301113,1
301114,0
301115,0
301116,0
301117,0
301118,0
301119,0
301120,0
301121,1
301122,0
301123,0
301124,1
301125,0
301126,0
301127,0
301128,0
301129,0
301130,1
301131,0
301132,0
301133,0
301134,0
301135,0
301136,0
301137,0
301138,0
301139,0
301140,0
301141,1
301142,0
301143,0
301144,0
301145,0
301146,0
301147,0
301148,0
301149,0
301150,0
301151,1
301152,0
301153,0
301154,0
301155,1
301156,1
301157,0
301158,0
301159,1
301160,2
301161,0
301162,0
301163,0
301164,0
301165,1
301166,2
301167,0
301168,0
301169,0
301170,0
301171,0
301172,0
301173,0
301174,0
301175,0
301176,1
301177,0
301178,1
301179,0
301180,2
301181,0
301182,0
301183,1
301184,2
301185,0
301186,1
301187,0
301188,0
301189,2
301190,0
301191,0
301192,0
301193,0
301194,0
301195,0
301196,0
301197,0
301198,0
301199,0
301200,0
301201,0
301202,1
301203,0
301204,0
301205,1
301206,0
301207,0
301208,0
301209,0
301210,0
301211,0
301212,0
301213,0
301214,0
301215,0
301216,1
301217,0
301218,0
301219,0
301220,0
301221,0
301222,0
301223,0
301224,0
301225,0
301226,1
301227,1
301228,0
301229,0
301230,0
301231,2
301232,0
301233,0
301234,0
301235,0
301236,0
301237,0
301238,2
301239,0
301240,0
301241,0
301242,1
301243,0
301244,1
301245,0
301246,0
301247,0
301248,1
301249,1
301250,0
301251,0
301252,1
301253,0
301254,1
301255,0
301256,0
301257,2
301258,0
301259,0
301260,0
301261,0
301262,0
301263,1
301264,2
301265,0
301266,1
301267,0
301268,0
301269,1
301270,1
301271,1
301272,0
301273,0
301274,1
301275,1
301276,0
301277,1
301278,1
301279,0
301280,1
301281,1
301282,1
301283,0
301284,0
301285,1
301286,0
301287,0
301289,1
301290,1
301291,1
301292,1
301293,0
301294,0
301295,0
301296,1
301297,1
301298,0
301299,0
301300,0
301301,0
301302,0
301303,2
301304,0
301305,1
301306,0
301308,1
301309,1
301310,1
301311,0
301312,0
301313,0
301314,0
301315,1
301316,0
301317,0
301318,1
301319,1
301320,0
301321,0
301322,0
301323,0
301324,1
301325,0
301326,0
301327,0
301328,0
301329,0
301330,0
301331,0
301332,0
301333,0
301334,1
301335,0
301336,0
301337,0
301338,2
301339,0
301340,0
301341,1
301342,0
301343,0
301344,0
301345,1
301346,0
301347,0
301348,1
301350,0
301351,1
301352,0
301353,0
301354,0
301355,1
301356,0
301357,0
301358,0
301359,0
301360,0
301361,0
301362,1
301363,0
301364,1
301365,0
301366,0
301367,1
301368,0
301369,0
301370,1
301371,0
301372,1
301373,0
301374,0
301375,0
301376,0
301377,1
301378,0
301379,0
301380,0
301381,0
301382,0
301383,0
301385,0
301386,1
301387,0
301388,0
301389,0
301390,0
301391,2
301392,0
301393,0
301394,1
301395,0
301396,1
301397,0
301398,0
301399,0
301400,0
301402,0
301403,0
301404,0
301405,1
301406,1
301407,0
301408,0
301409,0
301410,0
301411,0
301412,0
301413,0
301414,0
301415,0
301416,1
301417,1
301418,1
301419,0
301420,1
301421,1
301422,1
301423,1
301424,0
301425,0
301426,0
301427,1
301428,0
301429,0
301430,0
301431,0
301432,0
301433,0
301434,0
301435,0
301436,0
301437,0
301438,0
301439,1
301440,0
301441,0
301442,0
301443,0
301444,1
301445,0
301446,0
301447,0
301448,0
301449,0
301450,1
301452,0
301453,1
301454,1
301455,1
301456,0
301457,1
301458,1
301459,1
301460,0
301461,0
301462,0
301463,1
301464,0
301465,0
301466,0
301467,0
301468,0
301469,0
301470,0
301471,0
301472,1
301473,0
301474,0
301475,0
301476,0
301477,0
301478,0
301479,0
301480,0
301481,1
301482,0
301483,0
301484,0
301485,0
301486,0
301487,0
301488,0
301489,0
301490,0
301491,0
301492,1
301493,0
301494,0
301495,2
301496,0
301497,0
301498,0
301499,0
301500,1
301501,0
301502,0
301503,0
301504,0
301505,0
301506,1
301507,1
301508,1
301509,0
301510,0
301513,0
301514,0
301515,1
301516,0
301517,1
301518,1
301519,0
301520,0
301521,0
301522,0
301523,0
301524,1
301525,0
301526,1
301527,1
301528,1
301529,0
301530,0
301531,0
301532,1
301533,0
301534,2
301535,0
301537,0
301538,0
301539,0
301540,0
301541,0
301542,0
301543,0
301544,2
301545,0
301546,0
301547,0
301548,0
301549,0
301550,0
301551,0
301552,0
301553,0
301554,0
301555,0
301556,1
301557,0
301558,0
301559,1
301560,0
301561,0
301562,0
301563,1
301564,0
301565,0
301566,0
301567,1
301568,0
301569,0
301570,0
301571,1
301572,0
301573,0
301574,0
301575,0
301576,0
301577,2
301578,1
301579,0
301580,0
301581,0
301582,0
301583,0
301584,0
301585,0
301586,0
301587,0
301588,0
301589,0
301590,0
301592,0
301593,0
301594,0
301595,0
301596,2
301597,0
301598,0
301599,0
301600,0
301601,0
301602,0
301603,0
301604,1
301605,1
301606,1
301607,1
301608,0
301609,0
301610,0
301611,0
301612,0
301613,0
301614,0
301615,0
301616,0
301617,0
301618,0
301619,0
301620,0
301621,0
301622,1
301623,0
301624,2
301625,0
301626,0
301627,1
301628,0
301629,0
301630,0
301631,0
301632,0
301633,0
301634,0
301635,1
301636,0
301637,0
301638,0
301639,0
301640,0
301641,0
301642,0
301643,1
301644,1
301645,0
301646,1
301647,0
301648,0
301649,0
301650,0
301651,1
301652,0
301653,0
301654,0
301655,0
301656,0
301657,0
301658,0
301659,0
301660,0
301661,1
301662,0
301663,0
301664,1
301665,0
301666,0
301667,0
301668,0
301669,0
301670,1
301671,0
301672,0
301673,0
301674,1
301675,1
301676,2
301677,0
301678,0
301679,0
301680,1
301681,0
301682,1
301683,0
301684,1
301685,1
301686,0
301687,1
301688,0
301689,0
301690,0
301691,0
301692,0
301693,0
301694,0
301696,1
301697,0
301698,0
301699,0
301700,0
301701,0
301702,0
301703,0
301704,0
301705,1
301706,0
301708,0
301709,0
301710,0
301711,0
301712,0
301713,1
301714,0
301716,0
301717,1
301718,0
301719,0
301720,0
301721,0
301722,2
301724,0
301725,0
301726,0
301727,0
301728,0
301729,0
301730,0
301731,1
301732,0
301734,0
301735,2
301736,1
301737,0
301738,0
301739,0
301740,0
301741,0
301742,1
301743,0
301744,1
301745,0
301746,0
301747,0
301748,0
301749,1
301750,0
301751,0
301753,0
301754,0
301755,0
301756,0
301757,0
301758,0
301759,1
301760,0
301761,0
301762,0
301763,0
301764,0
301765,0
301766,0
301767,1
301768,0
301769,1
301770,1
301771,1
301772,2
301773,1
301774,2
301775,0
301776,0
301777,0
301778,0
301779,0
301780,0
301781,1
301782,0
301783,0
301784,2
301785,0
301786,1
301787,0
301788,0
301789,0
301790,0
301791,0
301792,1
301793,0
301794,0
301795,0
301796,1
301797,0
301798,0
301799,0
301800,0
301801,0
301802,1
301803,0
301804,0
301805,1
301806,0
301807,1
301808,0
301809,0
301810,0
301811,1
301812,1
301813,0
301814,0
301815,0
301816,0
301817,0
301818,0
301819,0
301820,0
301821,0
301822,1
301823,0
301824,0
301825,0
301826,0
301827,0
301828,0
301829,1
301830,0
301831,1
301832,1
301833,0
301834,1
301835,1
301836,1
301837,1
301838,0
301839,0
301840,0
301841,0
301842,0
301843,1
301844,0
301845,0
301846,0
301847,1
301848,0
301849,0
301850,0
301851,0
301852,1
301853,1
301854,0
301855,0
301856,1
301857,0
301859,0
301860,0
301861,0
301862,1
301863,0
301864,0
301865,0
301866,0
301867,0
301868,0
301869,0
301870,0
301871,0
301872,0
301873,1
301874,0
301875,1
301876,1
301877,0
301878,0
301879,0
301880,1
301881,0
301882,0
301883,0
301884,0
301885,0
301886,1
301887,0
301888,0
301889,1
301890,0
301891,0
301892,0
301893,0
301894,0
301895,2
301896,0
301897,1
301898,0
301899,2
301900,1
301901,1
301902,0
301903,1
301904,0
301905,0
301906,0
301907,0
301908,0
301909,0
301910,1
301911,0
301912,1
301913,0
301914,0
301915,0
301916,1
301917,1
301918,0
301919,0
301920,1
301921,1
301922,1
301923,0
301924,0
301925,0
301926,1
301927,0
301928,0
301929,0
301930,0
301931,0
301932,0
301933,0
301934,0
301935,0
301936,0
301937,1
301938,0
301939,0
301940,0
301941,0
301942,1
301943,0
301944,0
301945,0
301946,0
301947,1
301948,0
301949,0
301950,0
301951,0
301952,0
301953,0
301955,0
301956,0
301957,0
301958,1
301959,0
301960,0
301961,1
301962,1
301963,0
301964,0
301965,1
301966,0
301967,0
301968,2
301969,1
301970,0
301971,0
301972,0
301973,0
301974,1
301975,0
301976,2
301977,1
301978,0
301979,0
301980,0
301981,0
301982,1
301983,0
301984,0
301985,0
301986,2
301987,0
301988,0
301989,1
301990,1
301991,0
301992,1
301993,1
301994,1
301995,0
301996,1
301997,0
301998,0
301999,0
302000,1
302001,0
302003,1
302004,1
302005,0
302006,0
302007,0
302008,0
302009,0
302010,0
302011,0
302012,0
302013,1
302014,1
302015,0
302016,1
302017,0
302018,2
302019,1
302020,0
302021,0
302022,0
302023,0
302024,1
302025,1
302026,0
302027,0
302028,0
302029,0
302030,0
302031,0
302032,0
302033,1
302034,0
302035,1
302036,0
302037,0
302038,0
302039,0
302040,1
302041,0
302042,0
302043,0
302044,1
302045,0
302046,0
302048,0
302049,2
302050,0
302051,0
302052,0
302053,0
302054,1
302055,1
302056,0
302057,1
302058,1
302059,0
302060,1
302061,0
302062,0
302063,0
302064,0
302065,1
302066,0
302067,0
302068,0
302069,0
302070,0
302071,1
302072,1
302073,0
302074,0
302075,2
302076,0
302077,0
302078,0
302079,0
302080,1
302081,0
302082,1
302083,0
302084,0
302085,1
302086,0
302087,0
302088,1
302089,0
302090,1
302091,1
302092,0
302093,1
302094,1
302095,0
302096,0
302097,0
302098,1
302099,0
302100,0
302101,0
302102,0
302103,0
302104,1
302105,1
302106,1
302107,1
302108,0
302109,0
302111,1
302112,0
302113,0
302114,0
302115,0
302116,0
302117,1
302118,0
302119,0
302120,0
302121,1
302122,0
302123,1
302124,0
302125,0
302126,0
302127,0
302128,0
302129,0
302130,0
302131,0
302132,0
302133,0
302134,2
302135,0
302136,0
302137,0
302138,0
302139,1
302140,1
302141,0
302142,0
302143,1
302144,0
302145,0
302146,2
302147,0
302148,0
302149,0
302150,1
302151,0
302152,0
302154,0
302155,0
302156,0
302157,0
302158,1
302159,1
302160,2
302161,0
302162,0
302163,1
302165,0
302166,0
302167,0
302168,0
302169,0
302170,0
302171,1
302172,1
302174,1
302175,1
302176,0
302177,2
302178,1
302179,1
302180,0
302181,1
302182,0
302183,0
302184,0
302185,0
302186,1
302187,0
302188,0
302189,0
302190,1
302191,0
302192,1
302193,0
302194,1
302195,0
302196,0
302197,0
302198,0
302199,0
302200,0
302201,2
302202,0
302203,1
302204,0
302205,1
302206,1
302207,0
302208,0
302209,0
302210,0
302211,0
302212,0
302213,0
302214,1
302215,0
302216,0
302217,0
302218,0
302219,0
302220,0
302221,2
302222,0
302223,0
302224,0
302225,0
302226,0
302227,0
302228,0
302229,0
302230,0
302231,0
302232,0
302233,0
302234,1
302235,1
302236,0
302237,1
302238,0
302239,0
302240,1
302241,0
302243,1
302244,1
302245,1
302246,0
302247,0
302248,1
302249,1
302250,0
302251,2
302252,0
302253,0
302254,1
302255,0
302256,0
302257,0
302258,1
302259,0
302261,0
302262,1
302263,0
302264,0
302265,0
302266,0
302267,1
302268,0
302269,0
302270,0
302271,1
302272,0
302273,0
302274,0
302275,0
302276,0
302277,1
302278,0
302279,0
302280,1
302281,0
302282,1
302283,0
302284,0
302285,1
302286,0
302287,1
302288,1
302289,0
302290,0
302291,0
302292,1
302293,0
302294,0
302295,0
302296,1
302297,0
302298,0
302299,0
302300,1
302301,1
302302,0
302303,0
302304,1
302305,1
302307,1
302309,0
302310,2
302311,0
302312,0
302313,0
302314,0
302315,0
302316,0
302317,0
302318,0
302319,0
302320,0
302321,0
302322,0
302323,0
302324,1
302325,0
302326,0
302327,1
302328,0
302329,0
302330,0
302331,0
302332,0
302333,0
302334,1
302335,0
302336,2
302337,1
302338,0
302339,1
302340,0
302341,1
302342,0
302343,0
302344,0
302345,1
302346,0
302347,0
302348,0
302349,1
302350,1
302351,0
302352,1
302353,0
302354,1
302355,0
302356,0
302357,0
302358,1
302359,0
302360,1
302361,1
302362,1
302363,1
302364,2
302365,1
302366,1
302367,0
302368,0
302369,0
302370,0
302371,1
302372,0
302373,0
302374,0
302375,0
302376,1
302377,1
302378,0
302379,0
302380,0
302381,0
302382,0
302383,0
302384,0
302385,0
302386,0
302387,0
302388,0
302389,0
302390,0
302391,0
302392,1
302393,0
302394,2
302395,0
302396,1
302397,0
302398,0
302399,0
302400,0
302401,0
302402,0
302403,0
302404,0
302405,1
302406,2
302407,0
302408,1
302409,0
302410,0
302411,0
302412,0
302413,0
302414,0
302415,0
302416,0
302417,0
302418,1
302420,0
302421,0
302423,1
302424,0
302425,0
302426,0
302427,0
302428,1
302429,0
302430,0
302431,1
302432,0
302433,0
302434,0
302435,0
302436,0
302437,0
302438,0
302439,0
302440,1
302441,0
302442,0
302443,0
302444,1
302445,0
302446,0
302447,0
302448,1
302449,1
302450,0
302451,0
302452,2
302453,2
302454,1
302455,0
302456,1
302458,0
302459,0
302460,0
302461,1
302462,1
302463,1
302464,0
302465,0
302466,0
302467,0
302468,0
302469,0
302470,0
302471,0
302472,0
302473,0
302474,0
302475,0
302476,0
302477,1
302478,0
302479,0
302480,0
302481,0
302482,0
302483,0
302484,0
302485,0
302486,0
302487,0
302488,1
302489,0
302490,0
302491,0
302492,0
302493,1
302494,0
302495,1
302496,0
302497,1
302498,0
302499,0
302500,2
302501,0
302502,1
302503,0
302504,0
302505,0
302506,0
302507,0
302508,0
302509,0
302510,0
302511,0
302512,1
302513,1
302514,1
302515,0
302516,1
302517,0
302518,2
302519,0
302520,0
302521,0
302522,0
302523,0
302524,0
302525,0
302526,0
302527,1
302528,0
302529,0
302530,0
302531,1
302532,0
302533,0
302534,1
302535,0
302536,1
302537,0
302538,0
302539,0
302540,0
302541,0
302542,0
302543,0
302544,0
302545,0
302546,0
302547,0
302548,0
302549,0
302550,0
302551,0
302552,1
302553,0
302554,1
302555,0
302556,0
302557,0
302558,0
302559,0
302560,1
302561,0
302562,0
302563,1
302564,1
302565,0
302566,1
302567,2
302568,1
302569,1
302570,2
302571,0
302572,0
302573,2
302574,0
302575,0
302576,1
302577,0
302578,0
302579,0
302580,1
302581,0
302582,0
302583,0
302584,0
302585,0
302586,0
302587,0
302588,0
302589,0
302590,1
302591,0
302592,1
302593,0
302594,0
302595,1
302596,0
302597,0
302598,0
302599,1
302600,0
302601,0
302602,0
302603,0
302604,0
302605,0
302606,0
302607,1
302608,0
302609,0
302610,0
302611,1
302612,0
302613,0
302614,0
302615,1
302616,0
302617,0
302618,1
302619,0
302620,1
302621,0
302622,0
302623,0
302624,0
302625,1
302626,0
302627,0
302628,1
302629,0
302630,1
302631,0
302632,0
302633,0
302634,0
302635,1
302636,0
302637,0
302638,0
302639,0
302640,0
302641,0
302642,0
302643,0
302644,0
302645,0
302646,0
302647,0
302648,0
302649,0
302650,0
302651,0
302652,0
302653,0
302654,1
302655,0
302656,0
302657,1
302658,0
302659,1
302660,0
302661,1
302662,0
302663,0
302664,0
302665,1
302666,1
302667,1
302669,0
302670,0
302671,0
302672,0
302673,0
302674,0
302675,0
302676,0
302677,1
302678,1
302679,1
302680,1
302681,1
302682,1
302683,0
302684,0
302685,1
302686,0
302687,1
302688,1
302689,1
302690,1
302691,2
302692,0
302693,1
302694,0
302695,0
302696,0
302697,0
302698,1
302699,0
302700,0
302701,0
302702,1
302703,0
302704,0
302705,1
302706,0
302707,1
302708,1
302709,0
302710,0
302711,0
302712,1
302713,0
302714,0
302715,0
302716,0
302717,0
302718,0
302719,0
302720,0
302722,1
302723,0
302724,1
302725,1
302726,0
302727,0
302728,0
302729,0
302730,0
302731,1
302732,0
302733,0
302734,0
302735,0
302736,0
302737,0
302738,0
302739,0
302740,1
302741,0
302742,2
302743,1
302744,0
302745,1
302746,0
302747,0
302748,0
302749,0
302750,1
302751,1
302752,0
302753,0
302754,0
302755,0
302756,0
302757,1
302758,0
302759,0
302760,0
302761,0
302762,2
302763,2
302764,0
302765,0
302766,0
302767,0
302768,0
302769,0
302770,0
302771,1
302772,0
302773,0
302774,1
302775,0
302776,1
302777,0
302778,0
302779,0
302780,0
302781,1
302782,0
302783,0
302784,0
302785,1
302786,0
302787,0
302788,1
302789,0
302790,1
302791,0
302792,2
302793,1
302794,0
302795,1
302796,0
302797,0
302798,1
302799,0
302800,0
302801,0
302802,1
302803,0
302804,0
302805,0
302806,2
302807,2
302808,0
302809,0
302810,0
302811,0
302812,0
302813,0
302814,0
302815,1
302816,1
302817,0
302818,0
302819,0
302820,0
302821,0
302822,1
302823,0
302824,1
302825,1
302826,2
302827,0
302828,0
302829,1
302830,1
302831,0
302832,0
302833,0
302834,0
302835,1
302836,0
302837,0
302838,0
302839,1
302840,0
302841,1
302842,1
302843,0
302844,0
302845,0
302846,0
302847,0
302848,0
302849,0
302850,1
302851,0
302852,1
302853,0
302854,1
302855,0
302856,0
302857,0
302858,0
302859,2
302860,0
302861,2
302862,0
302863,1
302864,0
302865,0
302867,0
302868,0
302869,0
302870,0
302871,0
302872,0
302873,2
302874,0
302875,1
302876,1
302877,0
302878,2
302879,1
302880,1
302881,1
302882,2
302883,0
302884,0
302885,0
302886,0
302887,0
302888,1
302889,1
302890,1
302891,0
302892,0
302893,0
302894,1
302895,0
302896,0
302897,1
302898,0
302899,1
302900,1
302901,1
302902,1
302903,1
302904,0
302905,0
302906,1
302907,1
302908,1
302909,1
302910,0
302911,0
302912,1
302913,0
302914,0
302915,0
302916,1
302917,0
302918,0
302919,0
302920,0
302921,0
302922,0
302923,0
302924,0
302925,1
302926,0
302927,1
302928,1
302929,0
302930,0
302931,0
302932,1
302933,1
302934,0
302935,0
302936,0
302937,1
302938,1
302939,1
302940,0
302941,0
302942,0
302943,1
302944,0
302945,1
302946,0
302947,0
302948,1
302949,0
302950,0
302951,0
302952,2
302953,0
302954,0
302955,0
302956,0
302957,0
302958,0
302959,0
302960,0
302961,0
302962,0
302963,0
302964,0
302965,0
302966,0
302967,0
302968,0
302969,0
302970,0
302971,1
302972,0
302973,0
302974,0
302975,0
302976,1
302977,1
302978,0
302979,0
302980,2
302981,1
302982,0
302983,0
302984,0
302985,0
302986,0
302987,0
302988,0
302989,1
302990,0
302991,0
302992,0
302993,0
302994,0
302995,0
302996,0
302997,0
302998,0
302999,1
303000,0
303001,0
303002,1
303003,0
303004,0
303005,0
303006,0
303007,0
303008,0
303009,1
303010,0
303011,1
303012,1
303013,0
303014,1
303015,1
303016,0
303017,1
303018,1
303019,0
303020,0
303021,0
303022,0
303023,1
303024,0
303025,0
303026,0
303027,1
303028,0
303029,0
303030,0
303031,2
303032,0
303033,0
303034,1
303035,0
303036,0
303037,0
303038,0
303040,0
303041,0
303042,0
303043,0
303044,1
303045,1
303046,0
303047,0
303048,1
303049,0
303050,0
303051,0
303052,0
303053,0
303054,0
303055,0
303056,1
303057,0
303058,0
303059,0
303060,0
303061,0
303062,1
303063,1
303064,0
303066,1
303067,0
303068,0
303069,0
303070,0
303071,1
303072,0
303073,0
303074,1
303075,0
303076,0
303077,0
303078,2
303079,0
303080,0
303081,1
303082,0
303083,2
303084,0
303085,0
303086,0
303087,0
303088,0
303090,1
303091,0
303092,0
303093,0
303094,0
303095,0
303096,1
303097,1
303098,0
303099,0
303100,0
303101,0
303103,0
303104,1
303105,0
303106,0
303107,0
303108,0
303109,0
303110,0
303111,0
303112,0
303113,0
303114,1
303115,0
303116,1
303117,0
303118,1
303119,0
303120,0
303121,0
303122,0
303123,0
303124,1
303125,0
303126,0
303127,0
303128,0
303129,0
303130,0
303131,0
303132,0
303133,0
303134,1
303135,0
303136,1
303137,1
303138,0
303139,0
303140,0
303141,1
303142,0
303143,0
303144,0
303145,0
303146,0
303147,1
303148,0
303149,1
303150,0
303151,0
303153,1
303154,0
303155,0
303156,0
303157,0
303158,0
303159,0
303161,1
303162,0
303163,0
303164,2
303165,0
303166,0
303167,1
303168,0
303169,1
303170,1
303171,0
303172,1
303173,0
303174,0
303175,1
303176,1
303177,0
303178,1
303179,0
303180,0
303181,0
303182,1
303183,1
303184,0
303185,1
303186,1
303187,0
303188,1
303189,0
303190,0
303191,0
303192,1
303193,0
303194,0
303195,0
303196,0
303197,0
303198,0
303199,0
303200,1
303201,0
303202,0
303203,0
303204,0
303205,1
303206,0
303207,0
303208,0
303209,0
303210,0
303211,0
303212,0
303213,0
303214,0
303215,1
303216,0
303217,0
303218,0
303219,0
303220,1
303221,0
303222,0
303223,0
303224,0
303225,0
303226,0
303227,0
303228,1
303229,0
303230,0
303231,1
303232,0
303233,1
303234,0
303235,0
303236,0
303237,0
303238,0
303239,0
303240,0
303241,1
303242,0
303243,1
303244,0
303245,1
303246,0
303247,0
303248,0
303249,0
303250,0
303251,1
303252,0
303253,2
303254,0
303255,0
303256,0
303257,0
303258,0
303259,0
303260,0
303261,1
303262,1
303263,1
303264,1
303265,0
303266,0
303267,0
303268,2
303269,1
303270,1
303271,0
303272,0
303273,0
303274,0
303275,0
303276,0
303277,1
303278,0
303279,0
303280,1
303281,1
303282,0
303283,1
303284,2
303285,0
303286,1
303287,1
303288,0
303289,0
303290,0
303291,0
303292,0
303293,0
303294,1
303295,0
303296,0
303297,0
303298,0
303299,0
303300,0
303301,0
303302,0
303303,1
303304,0
303305,1
303306,1
303307,0
303308,1
303309,0
303310,0
303311,0
303312,0
303313,0
303314,0
303315,0
303316,2
303317,0
303318,1
303319,0
303320,0
303321,0
303322,0
303323,0
303324,1
303325,0
303326,1
303327,1
303328,1
303329,1
303330,0
303331,0
303332,0
303333,1
303334,0
303335,1
303336,0
303337,1
303338,2
303339,0
303340,0
303341,0
303342,0
303343,0
303344,0
303345,0
303346,1
303347,0
303348,0
303350,0
303351,0
303352,1
303353,0
303354,0
303355,0
303356,0
303357,1
303358,0
303359,0
303360,1
303361,1
303362,1
303363,0
303364,0
303365,0
303366,2
303367,1
303368,0
303369,0
303370,0
303372,0
303373,1
303374,0
303375,1
303376,1
303377,0
303378,1
303379,0
303380,0
303381,0
303382,1
303383,1
303384,1
303385,0
303386,1
303387,2
303388,0
303389,0
303390,0
303391,0
303392,0
303393,0
303394,0
303395,0
303396,0
303397,0
303398,0
303399,2
303400,0
303401,1
303402,0
303403,0
303404,1
303405,1
303406,1
303407,1
303408,1
303409,0
303410,0
303411,0
303412,0
303413,1
303414,0
303415,0
303416,0
303417,0
303418,0
303419,0
303420,0
303421,1
303422,0
303423,0
303424,0
303425,1
303426,1
303427,0
303428,0
303429,0
303430,0
303431,0
303432,0
303433,0
303434,0
303435,0
303436,0
303437,0
303438,0
303439,0
303440,0
303441,0
303442,0
303443,1
303444,0
303445,0
303446,0
303447,0
303448,0
303450,1
303451,0
303452,0
303453,0
303454,0
303455,0
303456,0
303457,1
303458,0
303459,0
303460,0
303461,0
303462,0
303463,0
303464,0
303465,0
303466,1
303467,0
303468,2
303469,0
303470,0
303471,0
303472,0
303473,0
303474,1
303475,2
303476,0
303477,0
303478,1
303479,0
303480,0
303481,0
303483,1
303484,0
303485,1
303486,0
303487,0
303488,1
303489,0
303490,0
303491,1
303492,0
303493,1
303495,0
303496,0
303497,0
303498,0
303499,0
303500,0
303501,0
303502,0
303503,0
303504,0
303505,0
303506,0
303507,0
303508,0
303509,0
303510,0
303511,0
303512,0
303513,0
303514,0
303515,0
303516,2
303517,1
303518,0
303519,0
303520,1
303521,0
303522,0
303523,1
303524,0
303525,1
303526,0
303527,1
303528,0
303529,0
303530,0
303531,0
303532,0
303533,1
303534,0
303535,0
303536,1
303537,1
303538,1
303539,1
303540,0
303541,0
303542,0
303543,0
303544,0
303545,0
303546,0
303547,0
303548,1
303549,0
303550,1
303551,0
303552,1
303553,0
303554,0
303555,1
303556,0
303557,0
303558,0
303559,0
303560,0
303561,0
303562,1
303563,0
303564,2
303565,0
303566,1
303567,0
303568,0
303569,0
303570,0
303571,0
303572,1
303573,0
303574,0
303575,0
303576,0
303577,0
303578,0
303579,0
303580,1
303581,2
303582,0
303583,0
303584,0
303585,1
303586,0
303587,0
303588,1
303589,0
303590,0
303591,0
303592,0
303593,0
303594,0
303595,0
303596,0
303597,1
303598,0
303599,0
303600,1
303601,0
303602,0
303603,1
303604,0
303605,1
303606,2
303607,0
303608,0
303609,1
303610,1
303611,0
303612,0
303613,0
303614,2
303615,0
303616,0
303617,0
303618,0
303619,2
303620,0
303622,1
303623,0
303624,1
303625,0
303626,0
303627,0
303628,0
303629,0
303630,0
303631,0
303632,0
303633,0
303634,1
303635,1
303636,0
303637,1
303638,0
303639,0
303640,0
303641,0
303642,1
303643,0
303644,0
303645,0
303646,1
303647,0
303648,0
303649,0
303650,0
303651,0
303652,0
303653,0
303654,0
303655,0
303656,0
303657,0
303658,0
303659,0
303660,0
303662,1
303663,0
303664,0
303665,2
303666,1
303667,0
303668,0
303669,2
303670,1
303671,0
303672,0
303673,0
303674,0
303675,0
303676,0
303677,0
303678,1
303679,0
303680,1
303681,0
303682,0
303683,1
303684,0
303685,0
303686,0
303687,1
303688,1
303689,0
303690,0
303691,1
303692,0
303693,0
303694,0
303695,0
303696,0
303697,0
303698,0
303699,0
303700,1
303701,1
303702,0
303703,0
303704,0
303705,0
303706,1
303707,0
303708,0
303709,0
303710,0
303711,0
303712,0
303713,1
303714,0
303715,0
303716,1
303717,0
303718,0
303719,0
303720,0
303721,0
303722,0
303723,0
303724,0
303725,0
303726,0
303727,0
303728,1
303729,1
303730,0
303731,0
303732,0
303733,0
303734,0
303735,0
303736,1
303737,0
303738,0
303739,0
303740,0
303741,0
303742,0
303743,1
303744,0
303745,0
303746,1
303747,1
303748,0
303749,0
303750,0
303751,1
303752,1
303753,0
303754,0
303755,0
303756,0
303757,0
303758,0
303759,0
303760,0
303761,0
303762,0
303763,0
303764,1
303765,0
303766,0
303767,0
303768,0
303769,0
303770,0
303771,0
303772,0
303773,0
303774,0
303775,0
303776,2
303777,0
303778,0
303779,1
303780,0
303781,0
303782,0
303783,1
303784,0
303785,2
303786,0
303787,1
303788,0
303789,0
303790,0
303791,1
303792,1
303793,1
303794,1
303795,0
303796,1
303797,0
303798,0
303799,0
303800,2
303801,0
303802,0
303803,1
303804,0
303805,0
303806,0
303807,1
303808,0
303809,1
303810,0
303811,0
303812,0
303813,1
303814,0
303815,1
303816,0
303817,2
303818,0
303819,0
303820,0
303821,0
303822,0
303823,0
303824,0
303825,0
303826,0
303827,0
303828,0
303829,1
303830,0
303831,0
303832,0
303833,1
303834,0
303835,0
303836,0
303837,1
303838,1
303839,0
303840,0
303841,0
303842,2
303843,0
303844,0
303845,0
303846,0
303847,1
303848,1
303849,1
303850,0
303851,0
303852,0
303853,0
303854,0
303855,0
303856,1
303857,0
303858,0
303859,0
303860,0
303861,0
303862,0
303863,0
303864,0
303865,1
303866,0
303867,1
303868,0
303869,1
303870,1
303871,0
303872,0
303873,0
303874,0
303875,0
303876,1
303877,0
303878,0
303879,0
303880,0
303881,0
303882,0
303883,0
303884,0
303885,0
303886,0
303887,0
303888,0
303889,1
303890,0
303891,0
303892,2
303893,1
303894,0
303895,0
303896,1
303897,0
303898,1
303899,0
303900,1
303901,1
303902,0
303903,1
303904,0
303905,1
303906,1
303907,0
303908,0
303909,0
303910,0
303911,0
303912,0
303913,0
303914,0
303915,0
303916,0
303917,0
303918,1
303919,1
303920,0
303921,0
303922,0
303923,1
303924,1
303925,0
303926,0
303927,0
303928,0
303929,0
303930,0
303931,0
303932,1
303933,0
303934,0
303935,1
303936,0
303937,0
303938,0
303939,0
303940,1
303941,0
303942,1
303943,1
303945,1
303946,0
303947,0
303948,1
303949,1
303950,2
303951,0
303952,2
303953,2
303954,0
303955,1
303956,0
303957,0
303958,1
303959,0
303960,0
303961,0
303962,1
303963,0
303964,0
303965,0
303966,0
303967,1
303968,0
303969,0
303970,0
303971,0
303972,0
303973,1
303974,1
303975,0
303976,0
303977,0
303978,0
303979,0
303980,0
303981,2
303982,0
303983,0
303984,1
303985,1
303986,0
303987,0
303988,0
303989,0
303990,1
303991,1
303992,1
303993,1
303994,0
303995,0
303996,1
303997,0
303998,0
304000,0
304001,0
304002,1
304003,1
304004,1
304006,1
304007,0
304008,1
304009,0
304010,0
304011,0
304012,0
304013,0
304014,1
304015,0
304016,0
304017,0
304018,0
304019,0
304020,0
304021,0
304022,1
304023,0
304024,0
304025,0
304026,0
304027,0
304028,0
304029,0
304030,1
304031,1
304032,0
304033,0
304034,0
304035,0
304036,0
304037,0
304038,0
304039,0
304040,2
304041,0
304042,0
304043,0
304044,0
304045,0
304046,1
304047,0
304048,0
304049,0
304050,2
304051,0
304052,1
304053,0
304054,0
304055,0
304056,0
304057,0
304058,1
304059,1
304060,1
304061,0
304062,1
304063,0
304064,1
304065,0
304066,1
304067,0
304068,0
304070,0
304071,0
304072,2
304073,0
304074,0
304075,0
304076,0
304077,2
304079,0
304080,0
304081,0
304082,0
304083,1
304084,0
304085,0
304087,0
304088,1
304089,1
304090,1
304091,0
304092,0
304093,0
304095,1
304096,0
304097,0
304098,2
304099,0
304100,0
304101,0
304102,0
304103,1
304104,0
304105,0
304106,0
304107,0
304108,2
304109,1
304110,0
304111,0
304112,1
304113,0
304114,0
304115,1
304117,0
304118,0
304119,0
304120,1
304121,0
304122,0
304123,1
304125,1
304126,0
304127,0
304128,1
304129,0
304130,0
304131,0
304132,0
304133,0
304134,0
304135,1
304136,0
304137,1
304138,0
304139,0
304140,0
304141,0
304142,1
304143,0
304144,0
304145,0
304146,1
304147,1
304148,0
304149,0
304150,0
304151,1
304152,1
304153,0
304154,0
304155,0
304156,0
304157,1
304158,0
304159,0
304160,0
304161,1
304162,0
304163,0
304164,1
304165,0
304166,0
304167,2
304168,0
304169,0
304170,0
304171,0
304172,0
304173,2
304174,0
304175,0
304176,0
304177,0
304178,1
304179,0
304180,0
304181,1
304182,0
304183,0
304184,0
304185,0
304186,0
304187,0
304188,0
304189,0
304190,0
304191,0
304192,0
304193,1
304194,0
304195,0
304196,0
304197,0
304198,1
304199,0
304200,0
304201,0
304202,0
304203,0
304204,1
304205,0
304206,0
304207,1
304208,1
304209,0
304210,0
304211,1
304212,0
304213,1
304214,1
304215,0
304216,1
304217,0
304218,0
304219,1
304220,0
304221,0
304222,0
304223,0
304224,0
304225,0
304226,1
304227,0
304228,0
304229,0
304230,0
304231,0
304232,1
304233,0
304234,0
304235,0
304236,0
304237,0
304238,0
304239,1
304240,0
304241,0
304242,1
304243,0
304244,0
304245,0
304246,0
304247,0
304248,0
304249,0
304250,0
304251,1
304252,2
304253,0
304254,0
304255,1
304256,0
304257,0
304258,0
304259,1
304260,0
304261,1
304262,0
304263,1
304264,0
304265,1
304266,0
304267,1
304268,1
304269,2
304270,0
304271,0
304272,0
304273,0
304274,0
304275,1
304276,1
304277,0
304278,1
304279,1
304280,0
304281,0
304282,0
304283,0
304284,1
304285,0
304286,0
304287,0
304288,0
304289,1
304290,0
304291,0
304292,0
304293,1
304294,0
304295,0
304296,0
304297,0
304298,0
304299,0
304300,0
304302,0
304303,0
304304,0
304305,0
304306,0
304307,2
304308,1
304309,0
304310,1
304311,0
304312,0
304313,0
304314,0
304315,0
304316,0
304317,0
304318,0
304319,0
304320,1
304321,0
304322,0
304323,1
304324,0
304325,0
304326,1
304327,2
304328,0
304329,0
304330,0
304331,0
304332,0
304333,0
304334,0
304335,0
304336,1
304337,0
304338,1
304339,1
304340,1
304342,0
304343,0
304344,0
304345,0
304346,0
304347,0
304348,1
304349,0
304350,0
304351,1
304352,0
304353,0
304354,1
304355,1
304356,0
304357,1
304358,1
304359,0
304360,0
304361,2
304362,0
304363,0
304364,0
304365,0
304366,0
304367,0
304368,1
304369,0
304370,0
304371,0
304372,1
304373,1
304374,0
304375,0
304376,1
304377,0
304378,2
304379,1
304380,0
304381,0
304382,0
304383,0
304384,0
304385,0
304386,1
304387,0
304388,1
304389,0
304390,0
304391,0
304392,0
304393,0
304394,0
304395,0
304396,1
304397,0
304398,0
304399,1
304400,1
304401,1
304402,0
304403,0
304404,0
304405,1
304406,0
304407,0
304408,1
304409,1
304410,2
304411,0
304412,1
304413,0
304414,0
304415,0
304416,0
304417,0
304418,0
304419,0
304420,1
304421,0
304422,0
304423,0
304424,1
304425,1
304426,0
304427,1
304428,0
304429,2
304430,1
304431,1
304432,1
304433,0
304434,0
304436,0
304437,0
304438,0
304439,0
304440,0
304441,0
304442,0
304443,0
304444,0
304445,0
304446,0
304447,0
304448,0
304449,0
304450,0
304451,0
304452,0
304453,1
304454,1
304455,0
304456,0
304457,1
304458,1
304459,0
304460,0
304461,0
304462,0
304463,0
304464,0
304465,0
304466,0
304467,0
304468,0
304469,0
304470,0
304471,0
304472,0
304473,1
304474,0
304475,2
304476,0
304477,1
304478,1
304479,1
304480,0
304481,0
304482,1
304483,0
304484,0
304485,1
304486,0
304487,0
304488,0
304489,0
304490,1
304491,0
304492,0
304493,1
304494,0
304495,0
304496,0
304497,0
304498,0
304499,0
304500,0
304501,0
304502,0
304503,1
304504,0
304505,0
304506,0
304507,0
304508,1
304509,1
304510,0
304511,0
304512,0
304513,0
304514,0
304515,1
304516,1
304517,0
304518,1
304519,0
304520,1
304521,0
304522,1
304523,0
304524,0
304525,0
304526,1
304527,1
304528,0
304529,0
304530,0
304531,0
304532,0
304533,0
304534,0
304535,2
304536,0
304537,0
304538,0
304539,1
304540,0
304541,0
304542,0
304543,0
304544,1
304545,1
304546,0
304547,0
304548,2
304549,1
304550,0
304551,0
304552,0
304553,0
304554,0
304555,0
304556,0
304557,0
304558,0
304559,1
304560,0
304561,0
304562,1
304563,0
304564,0
304565,0
304566,0
304567,1
304568,0
304569,0
304570,0
304571,0
304572,0
304573,0
304574,0
304575,0
304576,1
304577,0
304578,0
304579,0
304580,0
304581,0
304582,0
304583,0
304584,0
304585,0
304586,0
304587,0
304588,0
304589,0
304590,1
304591,1
304592,0
304593,1
304594,0
304595,0
304596,0
304597,1
304598,0
304599,0
304601,0
304602,0
304603,1
304604,0
304605,0
304606,0
304607,0
304608,0
304609,1
304610,0
304611,0
304612,1
304613,0
304614,0
304615,1
304616,0
304617,0
304618,0
304619,0
304620,0
304621,1
304622,0
304623,0
304624,0
304625,0
304626,1
304627,0
304628,0
304629,1
304630,0
304631,0
304632,1
304633,1
304634,0
304635,0
304636,1
304637,1
304638,0
304639,0
304640,1
304641,0
304642,0
304643,0
304644,0
304645,0
304646,0
304647,1
304648,0
304649,0
304650,0
304651,0
304652,0
304654,0
304655,1
304656,0
304657,1
304658,1
304659,0
304660,0
304661,0
304662,1
304663,0
304664,0
304665,2
304666,0
304667,0
304668,0
304669,0
304670,0
304671,1
304672,1
304673,0
304674,1
304675,0
304676,0
304677,1
304678,0
304679,0
304680,0
304681,0
304682,1
304683,0
304684,0
304685,0
304686,0
304687,0
304688,0
304689,0
304690,1
304691,0
304692,1
304693,0
304694,2
304695,0
304696,0
304698,1
304699,1
304700,0
304701,0
304702,0
304703,0
304704,0
304705,0
304706,0
304707,1
304708,0
304709,1
304710,0
304711,1
304712,0
304713,0
304714,1
304715,0
304716,0
304717,1
304718,0
304719,0
304720,0
304721,0
304722,1
304723,0
304724,0
304725,0
304726,0
304727,0
304728,0
304729,0
304730,0
304731,0
304732,0
304733,0
304734,0
304735,0
304736,0
304737,0
304738,0
304739,0
304740,0
304741,1
304742,0
304743,0
304744,0
304745,0
304746,0
304747,0
304748,0
304749,0
304750,0
304751,0
304752,0
304753,0
304754,0
304755,2
304756,0
304757,1
304758,0
304759,1
304760,0
304761,1
304762,1
304763,0
304764,0
304765,0
304766,0
304767,0
304768,0
304769,0
304770,1
304771,0
304772,0
304773,0
304774,0
304775,0
304776,0
304777,1
304778,1
304779,0
304780,0
304781,0
304782,1
304783,0
304784,0
304785,1
304786,0
304787,2
304788,0
304789,1
304790,0
304791,0
304792,0
304793,0
304794,0
304795,0
304796,0
304797,1
304798,0
304799,0
304800,2
304801,1
304802,0
304803,0
304804,1
304805,1
304806,0
304807,0
304808,0
304809,0
304810,0
304811,0
304813,1
304814,1
304815,0
304816,0
304817,0
304818,1
304819,0
304820,0
304821,0
304822,0
304823,2
304824,0
304825,0
304826,0
304827,1
304828,0
304829,0
304830,1
304831,1
304832,0
304833,0
304834,0
304835,0
304836,2
304837,2
304838,0
304839,0
304840,0
304841,1
304842,0
304843,1
304844,0
304845,0
304846,0
304847,0
304848,0
304849,1
304850,0
304851,0
304852,0
304853,0
304854,0
304855,0
304856,0
304857,1
304859,0
304860,0
304861,0
304862,0
304863,0
304864,1
304865,0
304866,0
304867,0
304868,0
304869,0
304870,1
304871,0
304872,1
304873,0
304874,1
304875,0
304876,0
304877,0
304878,0
304879,0
304880,1
304881,1
304882,0
304883,0
304884,1
304885,0
304886,0
304887,0
304888,0
304889,1
304890,0
304891,0
304892,1
304893,1
304894,1
304895,0
304896,0
304897,0
304898,0
304899,0
304900,2
304901,0
304902,1
304903,0
304904,0
304905,0
304906,0
304907,1
304908,0
304909,0
304910,1
304911,1
304912,0
304913,0
304914,0
304915,0
304916,1
304917,0
304918,1
304919,0
304920,2
304921,0
304922,1
304923,0
304924,0
304925,1
304926,0
304927,0
304928,0
304929,0
304930,0
304931,0
304932,0
304933,0
304934,0
304935,0
304936,0
304937,0
304938,1
304939,0
304940,0
304941,0
304942,0
304943,0
304944,1
304945,0
304946,0
304947,0
304948,1
304949,0
304950,0
304951,1
304952,1
304953,0
304954,2
304955,0
304956,0
304957,0
304958,2
304959,0
304960,0
304961,0
304962,0
304963,0
304964,0
304965,0
304966,0
304967,1
304968,0
304969,1
304970,0
304971,1
304972,1
304973,0
304974,0
304975,0
304976,2
304977,1
304978,0
304979,0
304980,1
304981,0
304982,2
304983,0
304984,0
304985,0
304986,0
304987,0
304988,0
304989,0
304990,0
304991,0
304992,0
304993,0
304994,0
304995,0
304996,0
304997,0
304998,1
304999,0
305000,0
305001,0
305002,1
305003,0
305004,1
305005,0
305006,0
305007,1
305008,0
305009,0
305010,1
305011,1
305012,1
305013,0
305014,0
305015,0
305016,1
305017,0
305018,1
305019,0
305020,0
305021,1
305022,0
305023,1
305024,1
305025,1
305026,0
305027,0
305028,1
305029,0
305030,0
305031,0
305032,0
305033,0
305034,0
305035,0
305036,0
305037,1
305038,0
305039,1
305040,1
305041,0
305042,0
305043,0
305044,0
305045,0
305046,0
305047,0
305048,0
305049,1
305050,0
305051,0
305052,0
305053,0
305054,0
305055,0
305056,1
305057,0
305058,0
305059,0
305060,0
305061,0
305062,0
305063,0
305064,1
305065,0
305066,0
305068,0
305069,1
305070,0
305071,0
305072,0
305073,0
305074,0
305075,0
305076,0
305077,1
305078,1
305079,0
305080,1
305081,0
305082,0
305083,0
305084,0
305085,1
305086,0
305087,0
305088,0
305089,0
305090,0
305091,1
305092,0
305093,0
305094,0
305095,0
305096,0
305097,0
305098,0
305099,0
305100,0
305101,0
305102,0
305103,1
305104,1
305105,0
305106,0
305107,0
305108,1
305109,0
305110,0
305111,1
305112,0
305113,0
305114,1
305115,0
305116,0
305117,0
305118,0
305119,0
305120,0
305121,0
305122,0
305123,1
305124,0
305125,1
305126,1
305127,1
305128,2
305129,1
305130,1
305131,0
305132,0
305133,1
305134,0
305135,0
305136,0
305137,0
305138,0
305139,0
305140,0
305141,0
305142,0
305143,1
305144,1
305145,1
305146,1
305147,0
305148,0
305149,1
305150,0
305151,1
305152,0
305153,0
305154,0
305155,0
305156,0
305157,0
305158,0
305159,0
305160,0
305161,0
305162,0
305163,1
305164,0
305165,0
305166,0
305167,0
305169,1
305170,0
305171,0
305172,0
305173,0
305174,1
305175,0
305176,1
305177,0
305178,0
305179,0
305180,0
305181,0
305182,0
305183,0
305184,0
305185,0
305186,1
305187,0
305188,1
305189,1
305190,0
305191,0
305192,0
305193,0
305194,0
305195,1
305196,0
305197,0
305198,0
305199,0
305200,1
305201,0
305202,1
305203,0
305204,0
305205,0
305206,1
305207,0
305208,0
305209,0
305210,0
305211,1
305212,1
305213,0
305214,0
305215,0
305216,0
305217,1
305218,0
305219,0
305220,1
305221,1
305222,0
305223,0
305224,0
305225,0
305226,0
305227,0
305228,0
305229,0
305230,0
305231,1
305232,0
305233,2
305234,0
305235,0
305236,1
305237,1
305238,0
305239,0
305240,1
305241,0
305242,2
305243,0
305244,1
305245,1
305247,0
305248,1
305249,1
305250,1
305251,1
305252,2
305253,0
305254,0
305255,1
305256,0
305257,0
305258,0
305259,1
305260,1
305261,0
305262,0
305263,0
305264,1
305265,0
305266,1
305267,0
305268,0
305269,1
305270,2
305271,0
305272,0
305273,0
305274,0
305275,0
305276,0
305277,0
305278,0
305279,0
305280,0
305281,1
305282,1
305283,0
305284,0
305285,0
305286,0
305287,0
305288,0
305289,0
305290,0
305291,0
305292,0
305293,1
305294,0
305295,1
305296,0
305297,0
305298,0
305299,0
305300,0
305301,0
305302,0
305303,0
305304,0
305305,0
305306,0
305307,0
305308,0
305309,0
305310,0
305311,0
305312,0
305313,0
305314,0
305315,1
305317,1
305318,0
305319,0
305320,1
305321,0
305322,0
305323,0
305324,0
305325,0
305326,0
305327,1
305328,0
305329,0
305330,0
305331,0
305332,0
305333,0
305334,0
305335,0
305336,0
305337,0
305338,0
305339,0
305340,0
305341,0
305342,0
305343,0
305344,1
305345,1
305346,0
305347,0
305348,0
305349,0
305350,1
305351,0
305352,1
305353,1
305354,0
305355,0
305356,0
305357,1
305358,0
305359,0
305360,0
305361,0
305362,0
305363,0
305364,0
305365,0
305366,0
305367,1
305369,2
305370,0
305371,0
305372,0
305373,0
305374,0
305375,0
305376,0
305377,1
305378,0
305379,0
305380,1
305381,1
305382,0
305383,2
305384,1
305385,1
305386,0
305387,0
305389,1
305390,0
305391,0
305392,0
305393,0
305394,0
305395,0
305396,1
305397,0
305398,0
305399,0
305400,1
305401,0
305402,1
305403,1
305404,1
305405,0
305406,0
305407,0
305408,1
305409,2
305410,1
305411,0
305412,0
305413,0
305414,0
305415,0
305416,1
305417,1
305418,0
305419,1
305420,0
305421,1
305422,1
305423,1
305424,0
305425,0
305426,1
305427,1
305428,0
305429,0
305430,2
305431,1
305432,0
305433,1
305434,0
305435,0
305436,0
305437,0
305438,0
305439,0
305440,0
305441,0
305442,0
305443,1
305444,1
305445,2
305446,0
305447,0
305448,0
305449,0
305450,0
305451,1
305452,0
305453,1
305454,0
305455,0
305456,0
305457,0
305458,0
305459,0
305460,0
305461,0
305462,0
305463,0
305464,0
305465,0
305466,0
305467,1
305468,0
305469,0
305470,0
305471,0
305472,2
305473,0
305474,1
305475,0
305476,0
305477,0
305478,0
305479,0
305480,0
305481,0
305482,0
305483,0
305484,1
305485,0
305486,0
305487,0
305488,0
305489,0
305490,0
305491,0
305492,0
305493,1
305494,0
305495,0
305496,0
305497,2
305498,1
305499,0
305500,0
305501,1
305502,0
305503,0
305504,0
305505,0
305506,0
305507,1
305508,0
305509,0
305510,1
305511,0
305512,1
305513,0
305514,0
305515,0
305516,0
305517,1
305518,0
305519,0
305520,1
305521,0
305522,0
305523,0
305524,0
305525,0
305526,1
305527,0
305528,0
305529,1
305530,0
305531,0
305532,0
305533,0
305534,0
305535,0
305536,0
305537,0
305538,1
305539,0
305540,0
305541,1
305542,0
305543,1
305544,0
305545,0
305546,0
305547,0
305548,0
305549,0
305550,1
305551,0
305552,0
305553,0
305554,0
305555,0
305556,1
305557,1
305558,0
305559,0
305560,1
305561,0
305562,1
305563,0
305564,1
305565,1
305566,0
305567,0
305568,1
305569,0
305570,0
305571,0
305572,0
305573,0
305574,2
305575,0
305576,0
305577,0
305579,0
305580,0
305581,0
305582,0
305583,1
305584,0
305585,0
305586,0
305587,0
305588,0
305589,0
305590,0
305591,0
305592,1
305593,0
305594,0
305595,0
305596,1
305597,0
305598,0
305599,0
305600,0
305601,0
305602,0
305603,0
305604,0
305605,0
305606,0
305608,0
305609,0
305610,0
305611,0
305612,0
305613,1
305614,0
305615,0
305616,0
305617,1
305618,1
305619,0
305620,0
305621,1
305622,1
305623,0
305624,0
305625,2
305626,1
305627,1
305628,0
305629,0
305630,0
305631,0
305632,0
305633,1
305634,0
305635,1
305636,0
305637,0
305638,0
305639,0
305640,1
305641,0
305642,0
305643,1
305644,0
305645,0
305646,0
305647,0
305649,0
305651,0
305652,0
305653,1
305654,1
305655,1
305656,0
305658,0
305659,0
305660,0
305661,0
305662,0
305663,1
305664,0
305665,0
305666,1
305667,1
305668,0
305669,0
305670,0
305671,1
305672,0
305673,1
305674,0
305675,1
305676,0
305677,0
305678,1
305679,0
305680,0
305681,1
305682,0
305683,1
305684,2
305685,0
305686,0
305687,0
305688,0
305689,1
305690,1
305691,0
305692,0
305693,0
305694,0
305695,1
305696,0
305697,0
305698,0
305699,0
305700,0
305701,1
305702,0
305703,0
305704,1
305705,1
305706,1
305707,0
305708,0
305709,0
305710,0
305711,0
305712,1
305713,1
305714,0
305715,0
305716,1
305717,0
305718,0
305719,0
305720,0
305721,0
305722,0
305723,0
305724,0
305725,0
305726,2
305727,1
305728,2
305729,0
305730,2
305731,1
305732,0
305733,0
305734,0
305735,0
305736,0
305738,0
305739,0
305740,0
305741,0
305742,0
305743,0
305744,0
305745,1
305746,0
305747,0
305748,1
305749,1
305750,0
305751,1
305752,0
305753,0
305755,0
305756,1
305757,0
305758,1
305759,0
305760,1
305761,0
305762,0
305763,0
305764,0
305765,1
305766,0
305767,1
305768,1
305769,0
305770,0
305771,0
305772,1
305773,0
305774,0
305775,1
305776,0
305777,0
305778,0
305779,0
305780,0
305781,0
305782,0
305783,0
305784,2
305785,0
305786,0
305787,0
305788,0
305789,0
305790,1
305791,0
305792,1
305793,0
305794,0
305795,0
305796,0
305797,1
305798,0
305799,1
305800,1
305801,0
305802,1
305803,0
305804,0
305805,0
305806,0
305807,0
305808,0
305809,0
305810,2
305811,1
305812,1
305813,0
305814,1
305815,0
305816,1
305817,0
305818,0
305819,0
305820,0
305821,1
305822,0
305823,0
305824,0
305825,0
305826,0
305827,0
305828,0
305829,0
305831,0
305832,0
305833,1
305834,0
305835,1
305836,0
305837,1
305838,1
305839,0
305840,2
305841,0
305842,1
305843,1
305844,0
305845,0
305846,0
305847,0
305848,0
305849,0
305850,1
305851,1
305852,0
305853,0
305854,0
305855,1
305856,1
305857,0
305858,0
305859,0
305860,0
305861,0
305862,1
305863,2
305864,0
305865,0
305866,0
305867,0
305869,0
305870,0
305872,0
305873,1
305874,0
305875,0
305877,0
305878,0
305879,0
305880,0
305881,0
305882,0
305883,0
305884,1
305885,0
305886,1
305887,1
305888,0
305889,1
305890,0
305891,0
305892,0
305893,1
305894,0
305895,0
305896,0
305897,0
305898,0
305899,0
305900,1
305901,0
305902,0
305903,2
305904,0
305905,0
305906,1
305907,1
305908,0
305909,0
305910,1
305911,0
305912,0
305913,1
305914,0
305915,0
305916,1
305917,1
305918,1
305919,0
305920,0
305921,0
305922,1
305923,0
305924,0
305925,0
305926,1
305927,0
305928,0
305929,1
305930,0
305931,0
305932,0
305933,0
305935,1
305936,1
305937,0
305938,0
305939,1
305940,0
305941,0
305942,0
305943,1
305944,0
305945,0
305946,0
305947,0
305948,0
305949,1
305950,0
305951,1
305952,0
305953,0
305954,1
305955,1
305956,1
305957,0
305958,1
305959,1
305960,0
305961,0
305962,0
305963,0
305964,0
305965,0
305966,0
305967,0
305968,0
305969,0
305970,1
305971,0
305972,1
305973,0
305974,0
305975,0
305976,1
305977,0
305978,0
305979,1
305980,1
305981,0
305982,0
305983,1
305984,0
305985,0
305986,0
305987,1
305988,0
305989,0
305990,2
305991,1
305992,0
305993,1
305994,1
305995,1
305996,1
305997,0
305998,0
305999,0
306000,0
306001,2
306002,1
306003,0
306004,0
306005,0
306006,0
306007,0
306008,0
306009,0
306010,1
306011,0
306012,0
306013,1
306014,0
306015,0
306016,0
306017,1
306018,1
306019,0
306020,0
306021,0
306022,0
306023,1
306025,1
306026,2
306027,1
306028,0
306029,0
306030,1
306031,0
306032,0
306033,0
306034,1
306035,1
306036,1
306037,0
306038,1
306039,0
306040,0
306041,2
306042,0
306043,0
306044,1
306045,0
306046,0
306047,0
306048,2
306050,1
306051,1
306052,1
306053,0
306054,1
306055,0
306056,0
306057,0
306058,1
306059,0
306060,1
306061,0
306062,0
306063,0
306064,0
306065,0
306066,0
306067,0
306068,0
306069,0
306070,0
306071,1
306072,0
306073,0
306074,0
306075,1
306076,2
306077,0
306078,0
306079,0
306080,1
306081,0
306082,0
306083,0
306084,0
306085,0
306086,0
306087,2
306088,0
306089,0
306090,1
306091,0
306092,0
306093,0
306094,0
306095,0
306096,0
306097,1
306098,0
306099,0
306100,1
306101,0
306102,0
306103,0
306104,0
306105,0
306106,0
306107,0
306108,0
306109,1
306110,1
306111,1
306112,0
306113,0
306114,0
306115,0
306116,0
306117,1
306118,0
306119,0
306120,0
306121,0
306122,0
306123,0
306124,1
306125,1
306126,1
306127,0
306128,0
306129,0
306130,0
306131,1
306132,0
306133,0
306134,0
306135,0
306136,0
306137,0
306139,0
306140,0
306141,1
306142,0
306143,0
306144,1
306145,0
306146,0
306147,0
306148,0
306149,0
306150,0
306151,0
306152,0
306153,1
306154,1
306155,1
306156,0
306157,0
306158,0
306159,1
306160,1
306161,0
306162,0
306163,0
306164,0
306165,2
306166,2
306167,0
306168,1
306169,0
306170,0
306171,0
306172,0
306173,0
306174,0
306175,1
306176,1
306177,0
306178,0
306179,2
306180,0
306181,0
306182,0
306183,1
306184,0
306185,2
306186,0
306187,0
306188,1
306189,0
306190,0
306191,0
306192,0
306193,1
306194,1
306195,1
306196,1
306197,0
306198,1
306199,0
306200,0
306201,0
306202,1
306203,1
306204,0
306205,0
306206,1
306207,0
306208,0
306209,0
306210,2
306211,1
306212,0
306213,0
306214,0
306215,0
306216,0
306217,0
306218,0
306219,0
306220,1
306221,0
306222,1
306223,1
306224,0
306225,0
306226,0
306227,0
306228,0
306229,0
306230,0
306231,0
306232,0
306233,1
306234,0
306235,1
306236,0
306237,2
306238,0
306239,1
306240,0
306241,1
306242,0
306243,1
306244,0
306245,1
306246,0
306247,0
306248,0
306249,1
306250,1
306251,0
306253,1
306254,0
306255,0
306256,0
306257,0
306258,0
306259,0
306260,1
306261,2
306262,1
306263,1
306264,1
306265,0
306266,0
306267,0
306268,1
306269,0
306270,0
306271,0
306272,0
306273,0
306274,1
306275,0
306276,0
306277,1
306278,1
306279,0
306280,0
306281,1
306282,0
306283,1
306284,1
306285,0
306286,0
306287,0
306288,1
306289,0
306290,1
306291,0
306292,0
306293,1
306294,0
306295,1
306296,1
306297,0
306298,1
306299,0
306300,0
306301,1
306302,1
306303,0
306304,0
306305,0
306306,0
306307,1
306308,1
306309,0
306310,1
306311,0
306312,1
306313,1
306314,0
306315,1
306316,0
306317,0
306318,2
306319,0
306320,0
306321,1
306322,0
306323,0
306324,0
306325,0
306326,0
306327,0
306328,0
306329,0
306330,0
306331,0
306332,0
306333,1
306334,0
306335,1
306336,0
306337,1
306338,0
306339,1
306340,0
306342,0
306343,0
306344,0
306345,0
306346,2
306347,1
306348,1
306349,0
306350,1
306351,0
306352,2
306353,0
306354,0
306355,0
306356,0
306357,1
306358,1
306359,0
306360,0
306361,0
306362,1
306363,0
306364,1
306365,1
306366,0
306367,1
306368,0
306369,1
306370,0
306371,0
306372,0
306373,0
306374,0
306375,0
306376,0
306377,1
306378,0
306379,0
306380,0
306381,0
306382,0
306383,0
306384,1
306385,0
306386,0
306387,1
306388,0
306389,1
306390,2
306391,0
306392,1
306393,0
306394,0
306395,0
306396,0
306397,0
306398,2
306399,0
306400,0
306401,0
306402,0
306403,1
306404,1
306405,0
306406,2
306407,1
306408,0
306409,1
306410,1
306411,1
306412,1
306414,0
306415,0
306416,0
306417,0
306418,0
306419,0
306420,0
306421,0
306422,0
306423,1
306424,0
306425,0
306426,0
306427,0
306428,0
306429,0
306430,0
306431,0
306432,1
306433,0
306434,0
306435,1
306436,0
306437,0
306438,1
306439,0
306440,0
306441,1
306442,2
306443,0
306444,1
306445,0
306446,0
306447,0
306448,0
306449,1
306450,1
306451,0
306452,0
306453,1
306454,0
306455,0
306456,0
306457,1
306458,1
306459,2
306460,1
306461,0
306462,1
306463,0
306464,0
306465,0
306466,2
306467,0
306468,0
306469,1
306470,2
306471,0
306472,0
306473,0
306474,1
306475,0
306476,0
306477,0
306478,0
306479,1
306480,0
306481,0
306482,1
306483,0
306484,0
306485,0
306486,0
306487,1
306488,1
306489,1
306490,0
306491,1
306493,0
306494,0
306495,0
306496,0
306497,0
306498,0
306499,0
306500,0
306501,1
306502,0
306503,0
306504,0
306505,0
306506,0
306507,0
306508,0
306509,1
306510,0
306511,0
306512,0
306513,0
306514,0
306515,0
306516,1
306517,0
306518,0
306519,0
306520,0
306521,1
306522,1
306523,1
306524,0
306525,1
306526,1
306527,1
306528,0
306529,0
306530,0
306531,0
306532,1
306533,0
306534,1
306535,0
306536,1
306537,0
306538,0
306539,0
306540,2
306541,0
306542,1
306543,0
306544,1
306545,0
306546,0
306547,1
306548,1
306549,0
306550,0
306551,0
306552,0
306553,0
306554,1
306555,0
306556,1
306557,0
306558,0
306559,0
306560,1
306561,1
306562,0
306563,0
306564,0
306565,0
306566,0
306567,1
306568,0
306569,1
306570,1
306571,0
306572,1
306573,0
306574,0
306575,1
306576,0
306577,0
306578,0
306579,1
306580,0
306581,1
306582,0
306583,1
306584,0
306585,0
306586,1
306587,0
306588,1
306589,1
306590,1
306591,0
306592,0
306593,1
306594,0
306595,0
306596,0
306597,0
306598,0
306599,1
306600,0
306601,0
306602,0
306603,0
306604,1
306605,0
306606,0
306607,0
306608,0
306609,0
306610,0
306611,0
306612,0
306613,0
306614,0
306615,0
306617,1
306618,1
306619,1
306620,1
306621,0
306622,0
306623,1
306624,0
306625,0
306626,0
306627,0
306628,0
306629,0
306630,0
306631,0
306632,0
306633,0
306634,0
306635,0
306636,0
306637,0
306638,0
306640,0
306641,1
306642,1
306643,0
306644,0
306645,0
306646,1
306647,2
306648,0
306649,0
306650,0
306651,1
306652,2
306653,0
306654,1
306655,0
306656,1
306657,2
306658,0
306659,0
306660,0
306661,0
306662,0
306663,0
306664,0
306665,0
306666,0
306667,0
306668,0
306669,0
306670,0
306671,0
306672,0
306673,0
306674,0
306675,1
306676,0
306677,0
306678,1
306680,0
306681,0
306682,1
306683,0
306684,0
306685,1
306686,0
306687,1
306688,0
306689,0
306690,0
306691,0
306692,0
306693,0
306694,0
306695,0
306696,0
306697,0
306698,1
306699,0
306700,0
306701,0
306702,0
306703,0
306704,0
306705,0
306706,0
306707,0
306708,0
306709,0
306710,0
306711,0
306712,0
306713,1
306714,0
306715,1
306716,1
306717,1
306718,1
306719,0
306720,1
306721,0
306722,2
306723,0
306724,1
306725,1
306726,0
306727,0
306728,1
306729,0
306730,0
306731,0
306732,0
306733,0
306734,1
306735,0
306736,1
306737,0
306738,0
306739,0
306740,0
306741,1
306742,0
306743,0
306744,0
306746,2
306747,0
306748,0
306749,0
306750,1
306751,0
306752,0
306753,1
306754,0
306755,0
306756,0
306757,1
306758,0
306759,0
306760,1
306761,1
306762,0
306763,0
306764,0
306765,1
306766,0
306767,0
306768,2
306769,0
306770,0
306771,2
306772,1
306773,2
306774,0
306775,0
306776,1
306777,1
306778,0
306779,0
306780,0
306781,0
306782,0
306783,0
306784,0
306785,1
306786,2
306787,1
306788,1
306789,0
306790,0
306791,1
306792,0
306793,1
306794,0
306795,1
306796,0
306797,0
306798,0
306799,2
306800,1
306801,0
306802,0
306804,1
306805,0
306806,1
306807,0
306808,0
306809,0
306810,0
306811,0
306812,0
306813,1
306814,0
306816,1
306817,0
306818,0
306819,1
306820,1
306821,0
306822,0
306823,0
306824,0
306825,0
306826,0
306827,1
306828,0
306829,0
306830,0
306831,0
306832,0
306833,0
306834,0
306835,1
306836,0
306837,0
306838,0
306839,0
306840,0
306841,0
306842,0
306843,0
306844,0
306845,0
306846,0
306847,1
306848,0
306849,0
306850,0
306851,0
306852,0
306853,0
306854,0
306855,1
306856,0
306857,0
306858,0
306859,1
306860,0
306861,2
306862,1
306863,1
306864,0
306865,0
306866,0
306867,0
306868,0
306869,0
306870,0
306871,0
306872,0
306873,0
306874,0
306875,1
306876,0
306877,0
306878,0
306879,0
306880,1
306882,0
306883,0
306884,0
306885,1
306886,0
306887,0
306888,0
306889,2
306890,0
306891,1
306892,0
306893,0
306894,0
306895,0
306896,0
306897,0
306898,0
306899,0
306900,2
306901,1
306902,0
306903,1
306904,0
306905,0
306906,1
306907,0
306908,0
306909,0
306910,0
306911,1
306912,0
306913,0
306914,0
306915,0
306916,0
306917,0
306918,0
306919,1
306920,0
306921,0
306922,0
306923,0
306924,0
306925,1
306926,0
306927,2
306928,0
306929,0
306930,1
306931,0
306932,0
306933,0
306934,0
306935,0
306936,0
306937,0
306938,0
306939,0
306940,0
306941,0
306942,1
306943,1
306944,0
306945,0
306946,0
306947,0
306948,0
306949,0
306950,1
306951,0
306952,0
306953,1
306954,0
306955,0
306956,0
306957,0
306958,0
306959,0
306960,0
306961,1
306962,0
306963,1
306964,0
306965,0
306966,0
306967,0
306968,1
306969,0
306970,0
306971,0
306972,1
306973,1
306974,0
306975,0
306976,0
306977,0
306978,1
306979,0
306980,0
306981,0
306982,2
306983,0
306984,0
306985,0
306986,1
306987,0
306988,0
306989,1
306990,0
306991,0
306992,1
306993,0
306994,0
306995,0
306996,0
306997,1
306998,0
306999,0
307000,0
307001,0
307002,0
307003,1
307004,0
307005,0
307006,0
307007,0
307008,0
307009,0
307010,2
307011,0
307012,0
307013,0
307014,0
307015,0
307016,0
307017,0
307018,0
307019,0
307020,1
307021,1
307022,0
307023,0
307024,1
307025,0
307026,0
307027,0
307028,1
307029,0
307030,0
307031,1
307032,0
307033,0
307034,0
307035,0
307036,1
307037,1
307038,0
307039,0
307040,0
307041,0
307042,0
307043,1
307044,0
307045,0
307046,0
307047,0
307048,0
307049,0
307050,0
307051,0
307052,1
307053,0
307054,1
307055,0
307056,0
307057,0
307058,1
307059,0
307060,0
307061,0
307062,0
307063,1
307064,1
307065,0
307066,0
307067,0
307068,1
307069,1
307070,1
307071,0
307072,0
307073,0
307074,0
307075,1
307076,2
307077,2
307078,1
307079,0
307080,1
307081,0
307082,0
307083,0
307084,0
307085,1
307086,0
307087,0
307088,0
307089,0
307090,0
307091,0
307092,0
307093,0
307094,0
307095,0
307096,1
307097,0
307098,1
307099,1
307100,0
307101,1
307102,0
307103,0
307104,0
307105,0
307106,1
307107,0
307108,0
307109,0
307111,0
307112,0
307113,0
307114,1
307115,0
307116,0
307117,0
307118,0
307119,0
307120,1
307121,1
307122,0
307123,1
307124,0
307125,0
307126,0
307127,0
307128,0
307129,0
307130,0
307131,0
307132,0
307133,0
307134,0
307135,0
307136,0
307137,1
307138,0
307139,0
307140,1
307141,0
307142,1
307143,1
307144,0
307145,1
307146,0
307147,1
307148,0
307149,0
307150,0
307151,1
307152,2
307153,0
307154,1
307155,0
307156,0
307157,0
307158,0
307159,1
307160,0
307161,0
307162,0
307163,2
307164,0
307165,0
307166,1
307167,0
307168,1
307169,0
307170,0
307171,0
307172,0
307173,0
307174,1
307175,0
307176,0
307177,0
307178,1
307179,0
307180,0
307181,0
307182,1
307183,0
307184,1
307185,0
307186,1
307187,0
307188,0
307189,0
307190,1
307191,1
307192,0
307193,1
307194,1
307195,0
307196,0
307197,1
307198,0
307199,0
307200,0
307201,0
307202,0
307203,0
307204,1
307205,1
307206,0
307207,1
307208,0
307209,0
307210,0
307211,0
307212,0
307213,0
307214,1
307215,0
307216,0
307217,0
307218,0
307219,0
307220,0
307221,1
307222,0
307223,0
307224,1
307225,1
307226,0
307227,1
307228,2
307229,1
307230,0
307231,0
307232,0
307233,0
307234,1
307236,0
307237,0
307238,1
307239,0
307240,1
307241,0
307242,1
307243,0
307244,0
307245,0
307246,1
307247,0
307248,2
307249,0
307250,0
307251,0
307252,0
307253,0
307254,1
307255,0
307256,1
307257,0
307258,0
307259,0
307260,1
307261,0
307262,1
307263,0
307264,0
307265,1
307266,1
307267,2
307268,0
307269,0
307270,0
307271,0
307272,0
307273,0
307274,0
307275,0
307276,0
307277,0
307278,0
307279,0
307280,0
307281,0
307282,0
307283,0
307284,0
307285,0
307286,0
307287,0
307288,0
307289,0
307290,1
307291,1
307292,0
307293,1
307294,0
307295,1
307296,1
307297,0
307298,0
307299,1
307300,0
307301,0
307302,0
307303,0
307304,0
307305,1
307306,1
307307,0
307309,0
307310,2
307311,0
307312,1
307313,0
307314,1
307315,0
307316,0
307317,0
307318,0
307319,0
307320,1
307321,1
307322,0
307323,0
307324,0
307325,1
307326,0
307327,2
307328,0
307329,1
307330,0
307331,0
307332,0
307333,1
307334,0
307335,1
307336,1
307337,1
307338,0
307339,0
307340,1
307341,0
307342,1
307343,1
307344,0
307345,1
307346,0
307347,0
307348,1
307349,1
307350,0
307351,1
307352,0
307353,0
307354,1
307355,0
307356,0
307357,1
307358,1
307359,0
307360,0
307361,0
307362,0
307364,1
307365,0
307366,1
307367,0
307368,0
307369,1
307370,0
307371,0
307372,0
307373,1
307374,1
307375,0
307376,0
307377,0
307378,0
307379,1
307380,1
307381,0
307382,0
307383,0
307384,1
307385,1
307386,1
307387,0
307388,0
307389,0
307390,2
307391,1
307392,2
307393,0
307394,0
307395,1
307396,0
307397,1
307398,0
307399,0
307400,0
307401,0
307402,0
307403,0
307404,0
307405,0
307406,1
307407,0
307408,1
307409,0
307410,0
307411,1
307412,0
307413,0
307414,0
307415,0
307416,1
307417,0
307418,0
307419,0
307420,0
307421,1
307422,0
307423,0
307424,0
307425,0
307426,1
307427,0
307428,0
307429,0
307430,0
307431,1
307432,0
307433,0
307434,1
307435,0
307436,0
307437,1
307438,0
307439,0
307441,0
307442,0
307443,0
307444,0
307445,1
307446,0
307447,1
307448,0
307449,0
307450,0
307451,0
307452,2
307453,0
307454,1
307455,1
307456,0
307457,1
307458,0
307459,0
307460,1
307461,1
307462,1
307463,0
307464,0
307465,0
307466,0
307467,0
307468,0
307469,0
307470,1
307471,0
307472,1
307473,1
307474,1
307475,0
307476,0
307477,0
307478,0
307479,0
307480,0
307481,0
307482,0
307483,0
307484,0
307485,0
307486,0
307487,0
307488,0
307489,0
307490,0
307491,0
307492,1
307493,0
307494,0
307495,0
307496,0
307497,0
307498,1
307499,0
307500,0
307501,1
307502,1
307503,1
307504,1
307505,0
307506,1
307507,0
307508,1
307509,0
307510,2
307511,0
307512,0
307513,0
307514,0
307515,0
307516,0
307517,0
307518,0
307519,0
307520,0
307521,0
307522,0
307523,1
307524,0
307525,0
307526,0
307527,1
307528,0
307529,1
307530,0
307531,1
307532,0
307533,0
307534,0
307535,0
307536,1
307537,0
307538,1
307539,0
307540,0
307541,0
307542,1
307543,0
307544,0
307545,1
307546,0
307547,0
307548,0
307549,0
307550,1
307551,1
307552,1
307553,0
307554,0
307555,0
307556,2
307557,1
307558,0
307559,1
307560,2
307561,1
307562,0
307563,0
307564,0
307565,1
307566,0
307567,0
307568,0
307569,0
307570,0
307571,1
307572,0
307573,0
307574,0
307575,2
307576,0
307577,1
307578,0
307579,0
307580,2
307581,0
307582,0
307583,0
307584,0
307585,2
307586,0
307587,0
307588,0
307589,2
307590,1
307591,0
307592,1
307593,0
307594,1
307595,1
307596,0
307597,1
307598,0
307599,0
307600,0
307601,0
307602,0
307603,1
307604,1
307605,0
307606,0
307607,0
307608,1
307609,0
307610,0
307611,0
307612,1
307613,0
307614,0
307615,1
307616,0
307617,0
307618,0
307619,0
307620,1
307621,1
307622,1
307623,1
307624,0
307625,0
307626,0
307627,0
307628,1
307629,1
307630,1
307631,0
307632,0
307633,0
307635,0
307636,1
307637,1
307638,0
307639,0
307640,0
307641,0
307642,0
307643,0
307644,0
307645,0
307646,0
307647,1
307648,0
307649,0
307650,0
307651,0
307652,0
307653,0
307654,0
307655,0
307656,0
307657,1
307658,1
307659,0
307660,0
307661,1
307662,0
307663,1
307664,0
307665,0
307666,1
307667,0
307668,0
307669,0
307670,0
307671,0
307672,1
307673,1
307674,0
307675,0
307676,0
307678,1
307679,0
307680,1
307681,0
307682,1
307683,0
307684,0
307685,1
307686,0
307687,0
307688,0
307689,0
307690,0
307691,0
307692,0
307693,0
307694,0
307695,0
307696,0
307697,0
307698,0
307699,0
307700,1
307701,0
307702,0
307703,2
307704,0
307705,0
307706,0
307707,0
307708,0
307709,0
307710,0
307711,0
307712,1
307713,0
307714,0
307715,2
307716,0
307717,0
307718,0
307719,0
307720,1
307721,0
307722,2
307723,1
307724,0
307725,1
307726,0
307727,0
307728,1
307729,0
307730,0
307731,0
307732,0
307733,0
307734,1
307735,0
307736,0
307737,0
307738,0
307739,0
307740,1
307741,1
307742,1
307743,0
307744,0
307745,1
307746,1
307747,0
307748,0
307749,0
307750,1
307751,0
307752,0
307753,1
307754,0
307755,0
307756,1
307757,0
307758,0
307759,0
307760,0
307761,0
307762,0
307763,2
307764,1
307765,1
307766,1
307767,0
307768,1
307769,0
307770,0
307771,0
307772,1
307773,0
307774,0
307775,0
307776,1
307777,0
307778,0
307779,1
307780,0
307781,1
307782,1
307783,0
307784,1
307785,0
307786,0
307787,0
307788,1
307789,0
307790,0
307791,0
307792,0
307793,0
307794,0
307795,0
307796,1
307797,0
307798,1
307799,0
307800,0
307801,0
307802,1
307803,1
307804,1
307805,0
307806,0
307807,0
307808,0
307809,1
307810,0
307811,0
307812,1
307813,0
307814,1
307815,1
307816,1
307817,0
307818,1
307819,0
307820,0
307821,0
307822,0
307823,0
307824,1
307825,1
307826,0
307827,0
307828,0
307829,0
307830,0
307831,0
307832,0
307833,0
307834,1
307835,0
307836,0
307837,1
307838,1
307839,0
307840,0
307841,2
307842,1
307843,0
307844,0
307845,0
307846,0
307847,0
307848,0
307849,0
307850,0
307851,1
307852,0
307853,0
307854,0
307855,1
307856,0
307857,2
307858,0
307859,1
307860,0
307861,0
307862,0
307863,0
307864,0
307865,0
307866,0
307867,1
307868,1
307869,0
307870,0
307871,1
307872,0
307873,1
307874,0
307875,0
307876,0
307877,0
307878,0
307879,0
307880,0
307881,0
307882,0
307883,0
307884,0
307885,1
307886,0
307887,0
307888,0
307889,0
307890,1
307891,0
307892,1
307893,1
307894,0
307895,0
307896,1
307897,0
307898,0
307899,1
307900,0
307901,0
307902,0
307903,1
307904,1
307905,0
307906,1
307907,0
307908,0
307909,0
307910,0
307911,0
307912,0
307913,0
307914,0
307915,1
307916,0
307917,0
307918,0
307919,0
307920,1
307921,0
307922,1
307923,0
307924,0
307925,0
307926,1
307927,0
307928,0
307929,0
307930,0
307931,1
307932,1
307933,0
307934,0
307935,0
307936,0
307937,0
307938,0
307939,1
307940,0
307941,0
307942,0
307943,0
307944,1
307945,0
307946,0
307947,1
307948,0
307949,0
307950,0
307951,1
307952,2
307953,0
307955,0
307956,1
307957,0
307958,0
307959,0
307960,1
307961,1
307962,0
307963,1
307964,0
307965,2
307966,0
307967,1
307968,0
307969,0
307970,0
307971,0
307972,1
307973,0
307974,1
307975,0
307976,0
307977,0
307978,0
307979,0
307980,0
307981,0
307982,0
307983,2
307984,0
307985,0
307986,0
307987,0
307988,0
307989,0
307990,0
307991,2
307992,0
307993,0
307994,0
307995,0
307996,0
307997,0
307998,0
307999,1
308000,0
308001,2
308002,0
308003,0
308004,1
308005,0
308006,1
308007,1
308008,0
308009,0
308010,0
308011,0
308012,0
308013,0
308014,0
308015,1
308016,0
308017,0
308018,1
308019,0
308020,0
308021,0
308022,0
308023,0
308024,1
308025,0
308026,0
308027,0
308028,0
308029,0
308030,0
308031,0
308032,0
308033,0
308034,0
308035,0
308036,0
308037,2
308038,0
308039,0
308040,0
308041,0
308042,0
308043,1
308044,0
308045,1
308046,1
308047,0
308048,0
308049,1
308050,0
308051,0
308052,0
308053,1
308054,0
308055,0
308056,1
308057,0
308058,1
308059,1
308060,1
308061,0
308062,0
308063,0
308064,0
308065,0
308066,1
308067,0
308068,0
308069,0
308070,0
308072,0
308073,0
308074,0
308075,1
308076,1
308077,0
308078,1
308079,0
308080,0
308081,0
308082,0
308083,0
308084,0
308085,1
308086,1
308087,0
308088,1
308089,2
308090,0
308091,2
308092,1
308093,0
308094,1
308095,0
308096,0
308097,0
308098,0
308099,0
308100,0
308101,0
308102,0
308103,0
308104,0
308105,0
308106,0
308107,0
308108,1
308109,0
308110,0
308111,2
308112,0
308113,0
308114,0
308115,1
308116,2
308117,0
308118,0
308119,0
308120,0
308121,2
308122,2
308123,0
308124,0
308125,0
308126,0
308127,0
308128,0
308129,0
308130,0
308131,0
308132,0
308133,0
308134,1
308135,0
308136,0
308137,1
308138,0
308139,0
308140,1
308141,0
308142,0
308143,0
308144,0
308145,2
308146,0
308147,0
308148,0
308149,0
308150,0
308151,0
308152,0
308153,0
308154,1
308155,0
308156,0
308157,0
308158,0
308159,1
308160,0
308161,1
308163,0
308164,1
308165,0
308166,0
308167,2
308168,0
308169,0
308170,0
308171,0
308172,0
308173,1
308174,0
308175,0
308176,1
308177,0
308178,0
308179,0
308180,0
308181,0
308182,0
308183,1
308184,0
308185,0
308186,1
308187,1
308188,0
308189,2
308190,1
308191,0
308192,0
308193,0
308194,0
308195,1
308196,0
308197,1
308198,2
308199,0
308200,1
308201,0
308202,0
308203,0
308204,1
308205,0
308206,0
308207,0
308208,0
308209,0
308210,0
308211,0
308212,0
308213,0
308214,1
308215,0
308216,1
308217,0
308218,0
308219,0
308220,0
308221,1
308222,0
308223,1
308224,2
308225,0
308226,0
308227,1
308228,0
308229,0
308230,1
308231,1
308232,1
308233,0
308234,1
308235,1
308236,1
308237,0
308238,0
308239,1
308240,1
308241,0
308242,0
308243,0
308244,1
308245,0
308246,1
308247,0
308248,0
308249,0
308250,0
308252,0
308253,1
308254,0
308255,1
308256,0
308257,0
308258,0
308259,2
308260,0
308261,0
308262,0
308263,0
308264,0
308265,0
308266,0
308267,1
308268,0
308269,0
308270,0
308271,1
308272,0
308273,0
308274,0
308275,0
308277,0
308278,0
308279,0
308280,0
308281,1
308282,0
308283,1
308284,0
308285,0
308286,1
308287,0
308288,0
308289,0
308290,0
308291,0
308292,0
308293,0
308294,0
308295,1
308296,2
308297,0
308298,0
308299,0
308300,0
308301,0
308302,0
308303,0
308304,0
308305,1
308306,0
308307,0
308308,0
308309,1
308310,0
308311,0
308312,1
308313,0
308314,0
308315,0
308316,0
308317,0
308318,0
308319,2
308320,0
308321,0
308322,0
308323,2
308324,1
308325,1
308326,0
308327,1
308328,0
308329,1
308330,0
308331,0
308332,0
308333,0
308334,0
308335,1
308336,1
308337,0
308338,1
308339,0
308340,1
308341,1
308342,0
308343,0
308344,0
308345,0
308346,0
308347,0
308348,0
308349,1
308350,0
308351,0
308352,0
308353,1
308354,0
308355,0
308356,1
308357,0
308358,0
308359,0
308360,0
308362,0
308363,0
308364,0
308365,0
308366,1
308367,0
308368,1
308369,1
308370,0
308371,0
308372,0
308373,0
308374,1
308375,1
308376,0
308377,1
308378,0
308379,0
308380,0
308381,0
308382,0
308383,1
308384,0
308385,0
308386,0
308387,0
308388,1
308389,1
308390,1
308391,2
308392,0
308393,0
308394,0
308395,0
308396,0
308397,0
308398,0
308399,1
308400,1
308401,1
308402,0
308403,0
308404,1
308405,1
308406,0
308407,0
308408,0
308409,1
308410,0
308411,0
308412,0
308413,1
308414,0
308415,1
308416,0
308417,1
308418,0
308419,0
308420,0
308421,0
308422,0
308423,0
308424,0
308425,0
308426,0
308427,0
308428,0
308429,0
308430,0
308431,0
308432,0
308433,1
308434,0
308435,0
308436,1
308437,1
308438,1
308439,1
308440,1
308441,1
308442,0
308443,1
308444,0
308445,0
308446,0
308448,1
308449,0
308450,1
308451,0
308452,1
308453,0
308454,0
308455,0
308456,0
308457,0
308458,0
308459,1
308460,0
308461,0
308462,0
308463,1
308464,2
308465,0
308466,0
308467,0
308468,0
308469,0
308470,0
308471,1
308472,0
308473,0
308474,0
308475,0
308476,0
308477,0
308478,0
308479,0
308480,0
308481,1
308482,1
308483,0
308484,0
308485,0
308487,1
308488,0
308489,0
308490,1
308491,1
308492,0
308493,0
308494,0
308495,0
308496,1
308497,0
308498,0
308499,1
308500,0
308501,0
308503,0
308504,1
308505,1
308506,0
308507,0
308508,0
308509,1
308510,0
308511,0
308512,0
308513,0
308514,1
308515,0
308516,0
308517,1
308518,0
308519,0
308520,0
308521,0
308522,0
308523,0
308524,0
308525,0
308526,1
308527,0
308528,0
308529,0
308530,1
308531,0
308532,2
308533,0
308534,0
308535,0
308536,0
308537,0
308538,0
308539,0
308540,1
308541,0
308542,0
308543,0
308544,0
308545,0
308546,0
308547,1
308548,0
308549,0
308550,0
308551,0
308552,0
308553,0
308554,1
308555,1
308556,0
308557,0
308558,0
308559,0
308561,0
308562,1
308563,1
308564,2
308565,0
308566,0
308567,0
308568,0
308569,1
308570,0
308571,1
308572,1
308573,0
308574,1
308575,1
308576,0
308577,1
308578,0
308579,1
308580,1
308581,1
308582,1
308583,0
308584,1
308585,0
308586,0
308587,2
308588,0
308589,0
308590,0
308591,0
308592,1
308593,1
308594,0
308595,0
308596,0
308597,0
308598,1
308599,0
308600,0
308601,0
308602,1
308603,1
308604,0
308605,1
308606,0
308607,1
308608,0
308609,1
308611,0
308612,0
308613,0
308614,0
308615,0
308616,0
308617,0
308618,1
308619,0
308620,0
308621,1
308622,0
308623,0
308624,1
308625,1
308626,0
308627,1
308628,1
308629,0
308630,0
308631,0
308632,0
308633,0
308634,2
308635,2
308636,0
308637,0
308638,0
308639,0
308640,0
308641,1
308642,0
308643,0
308644,0
308645,0
308646,0
308647,0
308648,0
308649,1
308650,1
308651,0
308652,0
308653,0
308654,0
308655,1
308656,1
308657,0
308658,1
308659,0
308660,0
308661,1
308662,0
308663,0
308664,1
308665,0
308667,0
308668,0
308669,0
308670,1
308671,0
308672,0
308673,0
308674,2
308675,1
308676,0
308677,0
308678,0
308679,0
308680,1
308681,0
308682,0
308683,0
308684,0
308685,0
308686,1
308687,0
308688,0
308689,0
308690,0
308691,0
308692,1
308693,0
308694,0
308695,1
308696,0
308697,0
308698,0
308699,0
308700,0
308701,1
308702,0
308703,0
308704,1
308705,0
308706,0
308707,0
308708,0
308709,0
308710,2
308711,0
308712,1
308713,0
308715,0
308716,1
308717,0
308718,0
308719,0
308720,0
308721,0
308722,1
308723,0
308724,1
308725,0
308726,1
308727,0
308728,0
308729,1
308730,0
308731,0
308732,0
308733,1
308734,1
308735,0
308736,1
308737,0
308738,1
308739,0
308740,0
308741,0
308742,0
308743,0
308744,0
308745,0
308746,0
308747,0
308748,0
308749,0
308750,0
308751,0
308752,2
308753,0
308754,0
308755,0
308756,0
308757,0
308758,0
308759,0
308760,0
308761,0
308762,0
308763,1
308764,0
308765,0
308766,0
308767,0
308768,0
308769,0
308770,1
308771,0
308772,0
308773,1
308774,0
308775,1
308776,0
308777,0
308778,0
308779,2
308780,0
308781,0
308782,1
308783,0
308784,2
308785,1
308786,0
308787,0
308788,0
308789,1
308790,1
308791,1
308792,0
308793,0
308794,2
308795,1
308796,0
308797,2
308798,0
308799,0
308800,0
308801,0
308802,1
308803,1
308804,1
308805,0
308806,0
308807,1
308808,0
308809,0
308810,0
308811,0
308812,1
308813,0
308814,1
308815,0
308816,0
308817,2
308818,0
308819,0
308820,0
308821,1
308822,0
308823,0
308824,0
308825,0
308826,0
308827,0
308828,0
308829,2
308830,0
308831,0
308832,0
308833,0
308834,0
308835,0
308836,0
308837,0
308838,0
308839,0
308840,0
308841,0
308842,0
308843,0
308844,0
308845,0
308846,0
308847,0
308848,0
308849,0
308850,0
308851,0
308852,1
308853,2
308854,1
308855,0
308856,1
308857,0
308858,0
308859,1
308860,0
308861,0
308862,1
308863,0
308864,0
308865,0
308866,0
308867,0
308868,0
308869,0
308870,0
308871,0
308872,1
308873,1
308874,0
308875,2
308876,0
308877,0
308878,0
308879,0
308880,0
308881,1
308882,2
308883,0
308884,0
308885,1
308886,0
308887,1
308888,1
308889,0
308890,0
308891,0
308892,0
308893,0
308894,0
308895,0
308896,1
308897,0
308898,0
308899,0
308900,0
308901,0
308902,0
308903,1
308904,0
308905,0
308906,0
308907,0
308908,0
308909,1
308910,0
308911,1
308912,0
308913,1
308914,0
308915,0
308916,0
308917,0
308918,0
308919,1
308920,1
308921,2
308922,0
308923,0
308924,0
308925,0
308926,0
308927,1
308928,0
308929,0
308930,2
308931,0
308932,0
308933,0
308934,0
308935,0
308936,0
308937,0
308938,0
308939,0
308940,0
308941,0
308942,1
308943,0
308944,0
308945,0
308946,0
308947,0
308948,0
308949,1
308950,1
308951,1
308952,0
308953,0
308954,0
308955,1
308956,1
308957,1
308958,0
308959,0
308960,0
308961,0
308962,1
308963,0
308964,0
308965,1
308966,0
308967,0
308968,0
308970,0
308971,0
308972,1
308973,1
308974,1
308975,1
308976,0
308977,1
308978,0
308979,0
308980,1
308981,2
308982,0
308983,0
308984,1
308985,0
308986,0
308987,0
308988,0
308989,0
308990,0
308991,0
308992,1
308993,0
308994,0
308995,0
308996,1
308997,0
308998,1
308999,0
309000,0
309001,0
309002,0
309003,1
309004,0
309005,0
309006,0
309007,1
309008,0
309009,0
309010,0
309011,0
309012,0
309013,0
309014,0
309015,1
309016,0
309017,0
309018,0
309019,0
309020,1
309021,0
309022,0
309023,0
309024,1
309025,0
309026,0
309027,0
309028,0
309029,0
309030,1
309031,0
309032,1
309033,0
309034,1
309035,0
309036,0
309037,0
309038,0
309039,1
309040,2
309041,1
309042,0
309043,0
309044,0
309045,0
309046,0
309047,1
309048,0
309049,0
309050,0
309051,0
309052,0
309053,0
309054,1
309055,0
309056,0
309057,0
309058,1
309059,0
309060,1
309061,1
309062,1
309063,0
309064,0
309065,0
309066,2
309067,1
309068,0
309069,1
309070,0
309071,1
309072,1
309073,0
309074,0
309075,0
309076,0
309077,1
309078,2
309079,0
309080,1
309081,1
309082,0
309083,0
309085,0
309086,1
309087,0
309088,0
309089,1
309090,1
309091,0
309092,0
309093,0
309094,0
309095,1
309096,1
309097,0
309098,0
309099,0
309100,0
309101,0
309102,0
309104,0
309105,1
309106,0
309107,0
309108,1
309109,0
309110,1
309111,0
309112,0
309113,0
309115,1
309116,0
309117,1
309118,0
309119,1
309120,0
309121,0
309122,0
309123,1
309124,0
309125,1
309126,0
309127,0
309128,0
309129,1
309130,0
309131,2
309132,1
309133,0
309134,1
309135,0
309136,0
309137,0
309138,0
309139,0
309140,1
309141,1
309142,0
309143,1
309144,0
309145,0
309146,0
309147,0
309148,0
309149,2
309150,0
309152,1
309153,0
309154,0
309155,0
309156,0
309157,1
309158,0
309159,0
309160,1
309161,0
309162,0
309163,0
309164,0
309165,0
309166,0
309167,0
309168,0
309169,1
309170,1
309171,0
309172,0
309173,0
309174,1
309175,1
309176,0
309177,0
309178,0
309179,0
309180,0
309181,0
309182,1
309183,0
309184,0
309186,0
309187,0
309188,1
309189,0
309190,0
309191,1
309192,0
309193,0
309194,0
309195,0
309196,0
309197,0
309198,0
309199,1
309200,0
309201,0
309202,1
309203,1
309204,0
309205,0
309206,0
309207,0
309208,1
309209,0
309210,0
309211,1
309212,1
309213,0
309214,1
309215,1
309216,0
309217,1
309218,1
309219,0
309220,0
309221,0
309222,0
309223,0
309224,0
309225,1
309226,0
309227,0
309228,0
309229,0
309230,0
309231,1
309232,0
309233,0
309234,0
309235,2
309236,0
309237,0
309238,0
309239,0
309240,1
309241,0
309242,1
309243,0
309244,0
309245,0
309246,1
309247,0
309248,0
309249,1
309250,1
309251,0
309253,0
309254,0
309255,0
309256,0
309257,0
309258,2
309259,1
309260,1
309261,0
309262,0
309263,0
309264,1
309265,0
309266,1
309267,0
309268,0
309269,0
309270,0
309271,0
309272,0
309273,0
309274,1
309275,0
309276,0
309277,1
309278,0
309279,0
309280,1
309281,0
309282,1
309283,0
309284,0
309285,0
309286,1
309287,1
309288,0
309289,0
309290,0
309291,0
309292,0
309293,1
309294,1
309295,1
309296,1
309297,0
309298,0
309299,0
309300,0
309301,0
309302,0
309303,0
309304,0
309305,1
309306,0
309307,0
309308,1
309309,0
309310,0
309311,0
309312,1
309313,0
309314,0
309315,0
309316,1
309317,0
309318,0
309319,0
309320,1
309321,1
309322,1
309323,1
309324,0
309325,0
309326,0
309327,0
309328,0
309329,0
309330,0
309331,0
309332,0
309333,0
309334,0
309335,1
309336,1
309337,0
309338,0
309339,0
309340,1
309341,0
309343,1
309344,0
309345,0
309346,1
309347,0
309348,1
309349,0
309350,0
309351,0
309352,0
309353,0
309354,1
309355,0
309356,0
309357,1
309358,0
309359,0
309360,0
309361,0
309362,0
309363,0
309364,0
309366,0
309367,1
309368,1
309369,0
309370,0
309371,0
309372,1
309373,0
309374,0
309375,1
309376,1
309377,0
309378,0
309379,0
309380,1
309381,0
309382,0
309383,0
309384,0
309385,0
309386,0
309387,0
309388,0
309389,1
309390,0
309391,1
309392,1
309393,1
309394,0
309395,0
309396,0
309397,2
309398,0
309399,0
309400,2
309401,0
309402,1
309403,0
309404,0
309405,0
309406,1
309407,0
309408,0
309409,1
309410,0
309411,1
309413,1
309414,0
309415,0
309416,0
309417,1
309418,0
309419,0
309420,0
309421,1
309422,0
309423,0
309424,0
309425,0
309426,1
309427,0
309428,0
309430,1
309431,0
309432,0
309433,0
309434,0
309435,0
309436,1
309437,0
309438,1
309439,0
309440,1
309441,0
309442,0
309443,0
309444,0
309445,0
309446,0
309447,0
309448,1
309449,0
309450,0
309451,0
309452,0
309453,0
309454,0
309455,0
309456,1
309457,0
309458,0
309459,0
309460,1
309461,1
309462,0
309463,0
309464,1
309465,0
309466,0
309467,2
309468,0
309469,0
309470,1
309471,1
309472,0
309473,0
309474,0
309475,0
309476,0
309477,0
309478,0
309479,0
309480,0
309481,0
309482,1
309483,0
309484,1
309485,0
309486,0
309487,0
309488,0
309489,1
309490,1
309491,0
309492,2
309493,2
309494,0
309495,1
309496,0
309497,0
309498,0
309499,0
309500,0
309501,1
309502,1
309503,0
309504,0
309505,0
309506,2
309507,0
309508,0
309510,0
309511,1
309512,0
309513,0
309514,0
309515,1
309516,0
309517,0
309518,0
309519,0
309520,1
309521,0
309522,0
309523,0
309524,0
309525,0
309526,1
309527,0
309528,0
309529,0
309530,1
309531,0
309532,0
309533,0
309534,0
309535,0
309536,1
309537,0
309538,0
309539,0
309540,1
309541,0
309542,2
309543,0
309544,2
309545,0
309546,0
309547,1
309548,1
309549,0
309550,0
309551,0
309552,0
309553,0
309554,2
309555,0
309556,0
309557,0
309558,1
309559,0
309560,0
309561,0
309562,1
309563,1
309564,1
309565,0
309566,0
309567,0
309568,0
309569,0
309570,1
309571,0
309572,1
309573,0
309574,0
309575,0
309576,1
309577,0
309578,0
309579,2
309580,0
309581,2
309582,0
309583,0
309584,0
309585,0
309586,1
309587,0
309588,0
309589,0
309590,0
309591,0
309592,1
309593,0
309594,1
309595,0
309596,0
309597,0
309598,1
309599,0
309600,0
309601,0
309603,1
309604,1
309605,0
309606,0
309607,0
309608,0
309609,0
309610,0
309611,0
309612,0
309613,0
309614,0
309615,0
309616,0
309617,0
309618,0
309619,0
309620,0
309621,0
309622,0
309623,0
309624,0
309625,0
309626,1
309627,1
309628,0
309629,1
309630,0
309631,1
309632,0
309633,0
309634,1
309635,1
309636,2
309637,1
309638,0
309639,2
309640,0
309641,1
309642,1
309643,0
309644,0
309645,1
309646,1
309647,0
309648,0
309649,0
309650,0
309651,0
309652,0
309653,0
309654,0
309655,0
309656,0
309657,1
309658,0
309659,0
309660,0
309661,0
309662,0
309663,0
309664,1
309665,0
309666,0
309667,1
309668,1
309669,0
309670,0
309671,0
309672,0
309673,0
309674,0
309675,0
309676,0
309677,0
309678,0
309679,0
309680,0
309681,1
309682,0
309683,1
309684,0
309685,0
309686,1
309687,0
309688,1
309689,0
309690,0
309691,1
309692,1
309693,1
309694,0
309695,2
309696,1
309697,0
309698,0
309699,0
309700,1
309701,0
309702,0
309703,0
309704,1
309705,0
309706,1
309707,1
309708,1
309709,0
309710,0
309711,0
309712,0
309713,0
309714,0
309715,0
309716,1
309717,0
309718,0
309719,1
309720,1
309721,0
309722,0
309723,0
309724,0
309725,0
309726,0
309727,0
309728,0
309729,0
309730,1
309731,0
309732,1
309733,0
309734,0
309735,0
309736,0
309737,0
309738,0
309739,0
309740,0
309741,0
309742,0
309743,2
309744,1
309745,1
309746,0
309747,0
309748,1
309749,0
309750,0
309751,0
309752,0
309753,0
309754,0
309755,1
309756,0
309757,1
309758,0
309759,0
309760,0
309761,0
309762,0
309763,0
309764,1
309765,0
309766,0
309767,0
309768,0
309769,0
309770,1
309771,0
309772,0
309773,1
309774,2
309775,1
309776,1
309777,0
309778,0
309779,0
309780,0
309781,1
309782,0
309783,1
309784,0
309785,0
309786,1
309787,0
309788,1
309789,0
309790,0
309791,0
309792,1
309793,1
309794,1
309795,1
309796,0
309797,1
309798,1
309799,0
309800,0
309801,0
309802,0
309803,0
309804,1
309805,0
309806,0
309807,1
309808,0
309809,0
309810,0
309811,1
309812,1
309813,0
309814,0
309815,0
309816,0
309817,0
309818,0
309819,1
309820,1
309821,0
309822,1
309823,1
309824,0
309825,0
309826,0
309827,0
309828,0
309829,1
309830,0
309831,0
309832,0
309833,0
309834,1
309835,0
309836,1
309837,0
309838,0
309839,0
309840,0
309841,0
309842,0
309843,0
309844,0
309845,0
309846,0
309847,1
309848,0
309849,0
309850,1
309851,0
309852,0
309853,1
309854,0
309855,0
309856,0
309857,0
309858,0
309859,1
309860,1
309861,0
309862,0
309863,1
309864,0
309865,0
309866,0
309867,0
309868,0
309869,0
309870,0
309871,0
309872,0
309873,0
309874,1
309875,0
309876,0
309877,0
309878,0
309879,0
309880,1
309881,1
309882,0
309883,1
309884,1
309885,0
309886,1
309887,0
309888,0
309889,1
309890,0
309891,0
309892,0
309893,0
309894,1
309895,0
309896,0
309897,1
309898,0
309899,0
309900,0
309901,1
309902,0
309903,0
309904,0
309905,1
309906,1
309907,1
309908,1
309909,0
309911,0
309912,0
309913,0
309914,1
309915,0
309916,0
309917,0
309918,1
309919,1
309920,1
309921,1
309922,1
309923,0
309924,0
309925,0
309926,0
309927,0
309928,1
309929,0
309930,0
309931,0
309932,0
309933,1
309934,0
309935,0
309936,0
309937,1
309938,0
309939,0
309940,1
309941,0
309942,0
309943,0
309944,0
309945,0
309946,1
309947,1
309948,0
309949,1
309950,0
309951,2
309952,0
309953,1
309954,0
309955,0
309956,0
309957,0
309958,0
309959,1
309960,0
309961,1
309962,1
309963,0
309964,2
309965,0
309966,0
309967,0
309968,1
309969,0
309970,0
309971,0
309972,1
309973,1
309974,0
309975,1
309976,0
309977,0
309978,0
309979,0
309980,0
309981,0
309982,0
309983,1
309984,0
309985,0
309986,0
309987,0
309988,0
309989,0
309990,1
309991,0
309992,1
309993,0
309994,1
309996,0
309997,0
309998,0
309999,0
310000,0
310001,0
310002,0
310003,0
310004,0
310005,0
310006,2
310007,0
310008,0
310009,0
310010,0
310011,0
310012,1
310013,0
310014,2
310015,0
310016,0
310017,0
310018,0
310019,0
310020,0
310021,0
310022,0
310023,0
310024,0
310025,0
310026,1
310027,0
310028,0
310029,2
310030,0
310031,2
310032,0
310033,1
310034,0
310035,0
310036,1
310037,0
310038,0
310039,2
310040,0
310041,0
310042,1
310043,1
310044,0
310045,0
310046,1
310047,1
310048,0
310049,1
310050,0
310051,0
310052,0
310053,1
310054,1
310055,0
310056,0
310057,2
310058,0
310059,0
310060,1
310061,0
310062,0
310063,1
310064,0
310065,0
310066,0
310067,0
310068,0
310069,0
310070,0
310071,1
310072,0
310073,0
310074,0
310075,0
310076,0
310077,0
310078,1
310079,0
310080,1
310081,1
310082,1
310083,0
310084,0
310085,0
310086,0
310087,0
310088,0
310089,0
310090,0
310091,1
310092,0
310093,1
310094,0
310095,2
310096,0
310097,0
310098,0
310099,1
310100,0
310101,0
310102,0
310103,1
310104,0
310105,0
310107,0
310108,1
310109,0
310110,1
310111,1
310112,0
310113,0
310114,0
310115,0
310116,0
310117,0
310118,1
310119,0
310120,1
310121,0
310122,0
310123,2
310124,1
310125,0
310126,0
310127,1
310128,0
310129,1
310130,1
310131,0
310132,1
310133,0
310134,1
310135,1
310136,0
310137,0
310138,2
310139,0
310140,0
310141,0
310142,1
310143,0
310145,0
310146,1
310147,1
310148,1
310149,0
310150,0
310151,0
310152,0
310153,1
310154,0
310155,0
310156,0
310157,0
310158,0
310159,0
310160,0
310161,1
310162,0
310163,0
310164,0
310166,0
310167,0
310168,0
310169,0
310170,2
310171,1
310172,0
310173,0
310174,0
310175,1
310176,0
310177,1
310178,0
310179,0
310180,0
310181,0
310182,0
310183,1
310184,0
310185,1
310186,1
310187,0
310188,0
310189,0
310190,0
310191,0
310192,0
310193,0
310194,1
310195,0
310196,0
310197,0
310198,1
310199,0
310200,1
310201,0
310202,0
310203,1
310204,0
310205,0
310206,0
310207,0
310208,1
310209,0
310210,0
310211,0
310212,0
310213,0
310214,0
310215,2
310216,0
310217,0
310218,0
310219,0
310220,0
310221,0
310222,0
310223,0
310224,0
310225,2
310226,0
310227,0
310228,0
310229,0
310230,1
310231,0
310232,1
310233,0
310234,0
310235,0
310236,0
310237,0
310238,1
310239,0
310240,0
310241,1
310242,0
310243,0
310244,1
310245,0
310246,1
310247,0
310248,1
310249,0
310250,0
310251,2
310252,1
310253,1
310254,0
310255,1
310256,1
310257,1
310258,0
310259,1
310260,0
310261,0
310262,0
310263,0
310264,0
310265,0
310266,1
310267,0
310268,1
310269,0
310270,0
310271,0
310272,0
310273,0
310274,0
310275,1
310276,0
310277,0
310278,0
310279,0
310280,1
310281,0
310282,1
310283,0
310284,0
310285,0
310286,0
310287,0
310288,0
310289,0
310290,0
310291,0
310292,1
310293,1
310294,0
310295,1
310296,1
310297,0
310298,0
310299,1
310300,1
310301,0
310302,0
310303,0
310304,0
310305,0
310306,0
310307,0
310308,0
310309,0
310310,1
310311,0
310312,1
310313,1
310314,0
310315,0
310316,0
310317,0
310318,1
310319,0
310320,0
310321,0
310322,0
310323,0
310324,0
310325,1
310326,0
310327,0
310328,0
310329,0
310330,0
310331,1
310332,0
310333,0
310334,0
310335,0
310336,0
310337,0
310338,0
310339,1
310340,0
310341,0
310342,0
310344,1
310345,1
310346,1
310347,0
310348,0
310349,0
310350,0
310351,0
310352,1
310353,0
310354,1
310355,2
310356,1
310357,1
310358,0
310359,0
310360,1
310361,0
310362,0
310363,1
310364,1
310365,0
310366,0
310367,1
310368,2
310369,0
310370,0
310371,0
310372,0
310373,0
310374,1
310375,0
310376,0
310377,0
310378,0
310379,1
310380,0
310381,0
310382,0
310383,1
310384,0
310385,0
310386,0
310387,2
310388,0
310389,1
310390,1
310391,0
310392,2
310393,1
310394,0
310396,1
310397,0
310398,0
310399,0
310400,2
310401,0
310402,0
310403,0
310404,0
310405,0
310406,0
310408,1
310409,0
310410,0
310411,0
310412,0
310413,0
310414,0
310415,1
310416,0
310417,0
310418,0
310419,0
310420,0
310421,1
310422,0
310423,0
310424,0
310425,0
310426,0
310427,0
310428,0
310429,0
310430,1
310431,2
310432,0
310433,1
310434,0
310435,0
310436,1
310437,0
310438,0
310439,1
310440,1
310441,1
310442,0
310443,1
310444,1
310445,1
310446,0
310447,0
310448,0
310449,0
310450,0
310451,0
310452,0
310453,0
310454,0
310455,0
310456,0
310457,0
310458,0
310459,1
310460,0
310461,0
310462,0
310463,0
310464,1
310465,1
310466,1
310467,0
310468,0
310469,0
310470,0
310471,0
310472,0
310473,0
310474,0
310475,1
310476,0
310477,2
310478,0
310479,0
310480,0
310481,1
310482,2
310483,1
310484,1
310485,0
310486,0
310487,0
310488,1
310489,1
310490,0
310491,0
310492,0
310493,0
310494,0
310495,0
310496,0
310497,0
310498,0
310499,0
310500,0
310501,1
310502,0
310503,0
310504,0
310505,0
310506,0
310507,0
310508,1
310509,0
310510,0
310511,0
310512,1
310513,1
310514,1
310515,1
310516,0
310517,1
310518,1
310519,0
310520,0
310521,1
310522,1
310523,0
310524,0
310525,0
310526,1
310527,0
310528,1
310529,0
310530,0
310531,0
310532,0
310533,0
310534,0
310535,1
310536,1
310537,1
310539,1
310540,0
310541,0
310542,0
310543,0
310544,1
310545,0
310546,1
310547,0
310548,1
310549,0
310550,0
310551,1
310552,1
310553,0
310554,1
310555,1
310556,0
310557,0
310558,1
310559,2
310560,1
310561,0
310562,1
310563,0
310564,1
310565,2
310566,0
310567,0
310568,1
310569,0
310570,2
310571,2
310572,0
310574,1
310575,0
310576,2
310577,0
310578,0
310579,1
310580,0
310581,0
310582,0
310583,0
310584,0
310585,0
310586,0
310587,0
310588,0
310589,0
310590,0
310591,0
310592,0
310593,0
310594,0
310595,1
310596,0
310597,1
310598,1
310599,0
310600,0
310601,0
310602,0
310603,0
310604,1
310605,0
310606,0
310607,0
310608,0
310609,0
310610,1
310611,0
310612,0
310613,0
310614,1
310615,0
310616,0
310617,0
310618,0
310619,1
310620,0
310621,0
310622,0
310623,0
310624,0
310625,0
310626,1
310627,1
310628,0
310629,0
310630,0
310631,0
310632,0
310633,1
310634,0
310635,1
310636,0
310637,1
310638,0
310639,1
310640,0
310641,1
310642,1
310643,0
310644,1
310645,0
310646,0
310647,1
310648,2
310649,1
310650,0
310651,0
310652,0
310653,0
310654,0
310655,0
310656,1
310657,0
310658,1
310659,0
310660,0
310661,1
310662,0
310663,1
310664,0
310665,0
310666,0
310667,0
310668,0
310670,0
310671,1
310672,0
310673,2
310674,0
310675,0
310676,0
310677,0
310678,0
310679,0
310680,0
310681,0
310682,0
310683,1
310684,2
310685,1
310686,1
310687,1
310688,1
310689,0
310690,0
310691,0
310692,0
310693,1
310694,0
310695,1
310696,0
310697,1
310698,1
310699,0
310700,1
310701,1
310702,0
310703,0
310704,0
310705,0
310706,0
310707,0
310708,0
310710,0
310711,0
310712,2
310713,0
310714,0
310715,0
310716,1
310717,0
310718,0
310719,1
310720,0
310721,0
310722,0
310723,1
310724,0
310725,0
310726,0
310727,0
310728,0
310729,1
310730,0
310731,0
310732,0
310733,1
310734,0
310735,1
310736,1
310737,0
310738,0
310739,0
310740,1
310741,0
310742,0
310743,0
310744,0
310745,0
310746,0
310747,0
310748,0
310749,1
310750,1
310751,0
310752,0
310753,1
310754,0
310756,0
310757,0
310758,2
310759,0
310760,0
310761,1
310762,0
310763,2
310764,0
310765,1
310766,0
310767,0
310768,0
310769,0
310770,0
310771,0
310772,0
310773,0
310774,0
310775,0
310776,0
310777,0
310779,0
310780,0
310781,0
310782,1
310783,0
310784,0
310785,0
310786,0
310787,0
310788,0
310789,0
310790,1
310792,0
310793,0
310794,0
310795,2
310796,0
310797,0
310798,0
310799,0
310800,0
310801,1
310802,0
310803,1
310804,0
310805,0
310806,1
310807,1
310808,0
310809,0
310810,0
310811,1
310812,0
310814,1
310815,0
310816,0
310817,0
310818,0
310819,0
310820,0
310821,0
310822,0
310823,1
310824,1
310826,0
310827,0
310828,0
310829,0
310830,1
310831,0
310832,0
310833,0
310834,0
310835,0
310836,1
310837,0
310838,1
310839,0
310840,0
310841,1
310842,0
310843,1
310844,0
310845,0
310846,1
310847,0
310848,0
310849,0
310850,0
310851,0
310852,0
310853,0
310854,0
310855,0
310856,0
310857,1
310858,1
310859,1
310860,1
310861,1
310862,0
310863,0
310865,0
310866,1
310867,0
310868,0
310869,0
310870,0
310871,1
310872,1
310873,1
310874,1
310875,0
310876,0
310877,1
310878,0
310879,1
310881,2
310882,1
310883,1
310884,0
310885,0
310886,0
310887,0
310888,0
310889,0
310890,1
310891,0
310892,0
310893,0
310894,0
310895,0
310896,0
310897,2
310898,0
310899,1
310900,1
310901,1
310902,1
310903,0
310904,1
310905,0
310906,0
310907,0
310908,0
310909,2
310910,2
310911,0
310912,0
310913,2
310914,0
310915,0
310916,1
310917,1
310918,0
310919,0
310920,1
310921,1
310922,1
310923,0
310924,1
310925,0
310926,0
310927,0
310928,1
310929,0
310930,0
310931,0
310932,0
310933,0
310934,0
310935,1
310936,0
310937,1
310938,0
310939,0
310940,0
310941,0
310942,2
310943,0
310944,0
310945,0
310946,0
310947,2
310948,1
310949,2
310950,0
310951,0
310952,0
310953,0
310954,0
310955,0
310956,0
310957,0
310958,0
310959,1
310961,0
310962,0
310963,0
310964,0
310965,0
310966,0
310968,1
310969,0
310970,1
310971,0
310972,1
310973,0
310974,0
310975,1
310976,1
310977,0
310978,0
310979,0
310980,2
310981,0
310982,0
310983,1
310984,0
310985,1
310986,1
310987,0
310988,0
310989,0
310990,1
310991,0
310992,0
310993,2
310994,0
310995,0
310996,0
310997,0
310998,0
310999,0
311000,2
311001,0
311002,0
311003,0
311004,0
311005,0
311006,0
311007,0
311008,0
311009,0
311010,1
311011,0
311012,1
311013,0
311014,0
311015,0
311016,0
311017,0
311018,0
311020,1
311021,0
311022,0
311023,0
311024,0
311025,0
311026,0
311027,1
311028,0
311029,0
311030,0
311031,0
311032,0
311033,0
311034,1
311035,2
311036,1
311037,0
311038,2
311039,1
311040,0
311042,0
311043,0
311044,0
311045,1
311046,0
311047,0
311048,0
311049,0
311050,0
311051,1
311052,0
311053,0
311054,0
311055,0
311056,0
311057,0
311058,0
311059,0
311060,1
311061,0
311062,2
311063,1
311064,1
311065,0
311066,0
311067,0
311068,1
311069,1
311070,0
311071,0
311072,1
311073,1
311074,0
311075,0
311076,1
311077,0
311078,1
311079,1
311080,0
311081,1
311082,0
311083,0
311084,0
311085,0
311086,1
311087,1
311088,1
311089,2
311090,0
311091,1
311092,0
311093,0
311094,1
311095,0
311096,1
311097,0
311098,0
311099,1
311100,1
311101,2
311102,0
311103,0
311104,0
311105,0
311106,0
311107,0
311108,1
311109,0
311110,0
311111,0
311112,0
311113,0
311114,0
311115,0
311116,0
311117,1
311118,0
311120,0
311121,2
311122,0
311123,0
311124,0
311125,0
311126,1
311127,0
311128,1
311129,1
311130,0
311131,0
311132,1
311133,0
311134,0
311135,0
311136,0
311137,0
311138,0
311139,0
311140,1
311141,0
311142,0
311143,0
311144,1
311145,0
311146,0
311147,0
311148,1
311149,0
311150,2
311151,0
311152,1
311153,1
311154,0
311155,0
311156,0
311157,0
311158,1
311159,0
311160,0
311161,0
311162,0
311163,1
311164,0
311165,0
311166,1
311167,0
311168,0
311169,0
311170,0
311171,0
311172,0
311173,1
311174,0
311175,1
311176,0
311177,2
311178,1
311179,0
311180,0
311181,0
311182,1
311183,0
311184,0
311185,0
311186,0
311187,1
311188,0
311189,0
311190,1
311191,1
311192,1
311193,0
311194,0
311195,1
311196,0
311197,0
311198,0
311199,1
311200,0
311201,1
311202,2
311203,1
311204,0
311205,0
311206,0
311207,1
311208,1
311209,0
311210,1
311211,1
311212,0
311213,0
311214,0
311215,1
311216,0
311217,0
311218,0
311219,0
311220,1
311221,0
311222,0
311223,1
311224,1
311225,0
311227,0
311228,0
311229,0
311230,2
311231,0
311232,0
311233,0
311234,0
311235,1
311236,0
311237,0
311238,0
311239,1
311240,0
311241,0
311242,1
311243,0
311244,0
311245,1
311246,0
311247,1
311248,1
311250,0
311251,1
311252,0
311253,0
311254,1
311255,1
311256,0
311257,0
311258,0
311259,0
311260,1
311261,1
311262,0
311263,0
311264,0
311265,0
311266,0
311267,1
311268,0
311269,0
311270,0
311271,0
311272,0
311273,0
311274,1
311275,0
311276,0
311277,0
311278,0
311279,1
311280,0
311281,1
311282,0
311283,0
311284,1
311285,0
311286,0
311287,0
311288,0
311289,0
311290,1
311291,1
311292,1
311293,0
311294,0
311295,0
311296,0
311297,1
311298,2
311299,0
311300,0
311301,1
311302,0
311303,1
311304,1
311305,0
311306,1
311307,2
311308,1
311309,0
311310,0
311311,1
311312,1
311313,2
311314,0
311315,0
311316,0
311317,0
311318,0
311319,0
311320,1
311321,1
311322,0
311323,0
311324,0
311325,0
311326,1
311327,1
311328,1
311329,0
311330,0
311331,0
311332,0
311333,0
311334,0
311335,0
311336,2
311337,0
311338,0
311339,1
311340,0
311341,1
311342,0
311343,0
311344,0
311345,0
311346,0
311347,0
311348,0
311349,1
311350,1
311351,0
311352,0
311353,0
311354,0
311355,0
311356,0
311357,1
311358,1
311359,0
311360,1
311361,0
311362,0
311363,0
311364,0
311365,1
311366,0
311367,1
311368,0
311369,0
311370,0
311371,1
311372,1
311373,0
311374,0
311375,0
311376,0
311377,0
311378,0
311379,0
311380,0
311381,1
311382,0
311383,2
311384,1
311385,0
311386,0
311387,2
311388,1
311389,0
311390,1
311391,0
311392,0
311393,0
311394,0
311395,0
311396,1
311397,1
311398,0
311399,0
311400,0
311401,1
311402,0
311403,1
311404,0
311405,0
311406,0
311407,0
311408,0
311409,0
311410,1
311411,0
311412,1
311413,0
311414,0
311415,0
311416,0
311417,1
311418,0
311419,0
311420,1
311421,1
311422,1
311423,0
311424,1
311425,0
311426,0
311427,0
311428,1
311429,0
311430,2
311431,1
311432,0
311433,0
311434,1
311435,0
311436,0
311437,1
311438,0
311439,1
311440,1
311441,2
311442,0
311443,0
311444,0
311445,0
311446,0
311447,1
311448,2
311449,0
311451,0
311452,0
311453,0
311454,0
311455,0
311456,2
311457,1
311458,0
311459,0
311460,0
311461,0
311462,0
311463,1
311464,0
311465,0
311466,1
311467,0
311468,1
311469,0
311470,0
311471,0
311472,0
311473,0
311474,0
311475,0
311476,0
311477,0
311478,1
311479,0
311480,0
311481,1
311482,0
311483,0
311484,0
311485,0
311486,0
311487,0
311488,0
311489,0
311490,0
311491,0
311492,0
311493,1
311494,0
311495,0
311496,1
311497,1
311498,1
311499,0
311500,0
311501,1
311503,0
311504,0
311505,1
311506,0
311507,0
311508,0
311509,0
311510,1
311511,0
311512,0
311513,0
311514,0
311515,0
311516,0
311517,0
311518,0
311519,2
311520,0
311521,0
311522,0
311523,0
311524,0
311525,0
311526,1
311527,0
311528,0
311529,0
311530,1
311531,0
311532,1
311533,0
311534,0
311535,1
311536,0
311537,0
311538,1
311539,1
311540,1
311541,1
311542,0
311543,0
311544,1
311545,0
311546,0
311547,0
311548,0
311549,0
311550,0
311551,0
311552,1
311553,0
311554,1
311555,0
311556,0
311557,0
311558,0
311559,0
311560,0
311561,1
311562,0
311563,0
311564,0
311565,0
311566,0
311567,0
311568,0
311569,1
311570,1
311571,0
311572,1
311573,1
311574,0
311575,0
311576,0
311577,2
311578,0
311579,0
311580,0
311582,1
311583,1
311584,0
311585,0
311586,0
311587,0
311588,0
311589,0
311590,1
311591,2
311592,0
311593,1
311594,0
311595,1
311596,1
311597,1
311598,1
311599,1
311600,0
311601,0
311602,1
311603,0
311604,0
311605,0
311606,0
311607,1
311608,0
311609,0
311610,0
311611,0
311612,1
311613,1
311614,0
311615,0
311616,0
311617,0
311618,0
311619,0
311620,0
311621,0
311622,1
311623,1
311624,1
311625,1
311626,0
311627,1
311628,0
311629,0
311630,0
311631,0
311632,0
311633,0
311634,0
311635,0
311636,0
311637,2
311638,0
311639,0
311640,0
311641,0
311642,1
311643,1
311644,1
311645,0
311646,1
311647,0
311648,0
311649,0
311650,2
311651,0
311652,0
311653,0
311654,0
311655,0
311656,0
311658,0
311659,0
311660,1
311661,0
311662,0
311663,0
311665,0
311666,1
311667,0
311668,0
311669,0
311670,1
311671,0
311672,1
311673,0
311675,0
311676,1
311677,0
311678,0
311679,1
311680,0
311681,0
311682,0
311683,0
311684,1
311685,0
311686,1
311687,2
311688,1
311689,0
311690,0
311691,0
311692,1
311693,0
311694,0
311695,0
311696,1
311697,0
311698,0
311699,0
311700,1
311701,0
311702,0
311703,0
311704,0
311705,0
311706,1
311707,1
311708,0
311709,0
311710,0
311711,1
311712,1
311713,1
311714,1
311715,0
311716,0
311717,0
311718,0
311719,0
311720,0
311721,0
311722,1
311723,0
311724,1
311725,0
311726,0
311727,0
311728,1
311730,1
311731,0
311732,0
311733,1
311734,0
311735,1
311736,1
311737,1
311738,1
311739,1
311740,1
311741,0
311742,0
311743,0
311744,1
311745,0
311746,0
311747,0
311748,1
311749,1
311750,0
311751,0
311752,0
311753,0
311754,1
311755,0
311756,0
311757,1
311758,0
311759,0
311760,0
311761,0
311762,0
311763,0
311764,0
311765,0
311766,0
311767,0
311768,0
311769,0
311770,1
311771,0
311772,1
311773,1
311774,0
311775,1
311776,1
311777,0
311778,0
311779,0
311780,1
311781,0
311782,0
311783,0
311785,1
311786,1
311787,0
311788,0
311789,0
311790,1
311791,0
311792,0
311793,1
311794,2
311795,0
311796,0
311797,0
311798,0
311799,1
311800,0
311801,1
311802,0
311803,0
311804,0
311805,1
311806,0
311807,0
311808,0
311809,0
311810,0
311811,0
311812,0
311813,1
311814,2
311815,0
311816,0
311817,0
311818,0
311819,1
311820,1
311821,0
311822,0
311823,0
311824,0
311825,0
311826,1
311827,0
311828,0
311829,0
311830,0
311831,0
311832,0
311833,1
311834,0
311835,1
311836,0
311837,0
311838,0
311839,0
311840,0
311841,1
311842,0
311843,0
311844,0
311845,0
311846,0
311847,0
311848,1
311849,0
311850,0
311851,0
311852,0
311853,0
311854,1
311855,0
311856,1
311857,0
311858,0
311859,0
311860,0
311861,0
311862,0
311863,0
311864,0
311865,0
311866,1
311867,0
311868,0
311869,0
311870,1
311871,2
311872,0
311873,1
311874,0
311875,0
311876,0
311877,1
311878,0
311879,0
311880,0
311881,1
311882,0
311883,0
311884,0
311885,1
311886,0
311887,1
311888,0
311889,0
311891,0
311892,1
311893,1
311894,1
311895,1
311896,1
311897,0
311898,0
311899,0
311900,0
311901,0
311902,0
311903,0
311904,0
311905,0
311906,0
311907,2
311908,0
311909,0
311910,1
311911,1
311912,1
311913,0
311914,0
311916,0
311917,1
311918,1
311919,1
311920,0
311921,1
311922,0
311923,0
311924,0
311925,0
311926,2
311927,0
311928,0
311929,0
311930,0
311931,0
311932,0
311933,0
311934,0
311935,0
311936,0
311937,0
311938,0
311939,0
311940,1
311941,0
311942,1
311943,0
311944,0
311945,0
311946,0
311947,1
311948,0
311949,0
311950,0
311951,0
311953,0
311954,2
311955,0
311956,1
311957,0
311958,1
311959,0
311960,1
311961,0
311962,0
311963,0
311964,0
311965,0
311966,1
311968,0
311969,0
311970,1
311971,0
311972,0
311973,1
311974,0
311975,0
311976,0
311977,0
311978,0
311979,1
311980,0
311981,1
311982,1
311983,0
311984,1
311985,1
311986,0
311987,0
311988,0
311989,0
311990,0
311991,0
311992,0
311993,0
311994,1
311995,0
311996,0
311997,0
311998,0
311999,1
312000,1
312001,0
312002,0
312003,1
312004,1
312005,0
312006,0
312008,2
312009,1
312010,0
312011,0
312012,0
312013,0
312014,0
312015,0
312016,0
312017,1
312018,0
312019,0
312020,0
312021,1
312022,0
312023,1
312024,1
312025,0
312026,0
312027,1
312028,0
312029,0
312030,2
312031,0
312032,1
312033,0
312034,1
312035,1
312036,1
312037,0
312038,0
312039,0
312040,1
312041,0
312042,0
312043,0
312044,0
312045,0
312046,0
312047,1
312048,0
312049,1
312050,0
312051,1
312052,1
312053,0
312054,2
312055,0
312056,0
312057,0
312058,0
312059,0
312060,0
312061,0
312062,1
312063,1
312064,0
312065,2
312066,0
312067,0
312068,1
312069,1
312070,0
312071,0
312072,0
312073,1
312074,1
312075,0
312076,0
312077,0
312078,0
312079,0
312080,0
312081,0
312082,1
312083,0
312084,0
312085,1
312086,0
312087,0
312088,0
312089,0
312090,0
312091,0
312092,1
312093,0
312094,0
312095,0
312096,0
312097,0
312098,0
312099,0
312100,0
312101,0
312102,1
312103,0
312104,1
312105,0
312106,0
312107,1
312108,0
312109,0
312110,0
312111,2
312112,0
312113,0
312114,0
312115,0
312116,0
312117,0
312118,0
312119,0
312120,1
312121,0
312122,0
312123,0
312124,0
312125,0
312126,1
312127,0
312128,0
312129,0
312130,0
312131,0
312132,0
312133,1
312134,0
312135,0
312136,0
312137,1
312138,0
312139,1
312140,1
312141,0
312142,0
312143,1
312144,0
312145,2
312146,0
312147,0
312148,0
312149,0
312150,0
312151,0
312152,0
312153,1
312154,0
312155,0
312156,0
312157,0
312158,2
312159,0
312160,0
312161,1
312162,1
312163,0
312164,0
312165,1
312166,1
312167,1
312168,0
312169,0
312170,0
312171,1
312172,0
312173,0
312174,1
312175,0
312176,0
312177,0
312178,0
312179,0
312180,0
312181,0
312182,0
312183,0
312184,0
312185,0
312186,1
312187,0
312188,2
312189,0
312190,1
312191,1
312192,0
312193,0
312194,1
312195,0
312196,0
312197,0
312198,0
312199,0
312200,0
312201,0
312202,1
312203,0
312204,0
312205,2
312206,0
312207,0
312208,0
312209,0
312210,0
312211,0
312212,1
312213,0
312214,0
312215,2
312216,0
312217,1
312218,0
312219,1
312220,0
312221,0
312222,2
312223,2
312224,0
312225,0
312226,1
312227,0
312228,2
312229,1
312230,0
312231,0
312232,0
312233,0
312234,0
312235,0
312236,1
312237,0
312238,0
312239,0
312240,1
312241,1
312242,0
312243,0
312244,0
312245,0
312246,1
312247,0
312248,0
312249,1
312250,0
312251,0
312252,0
312253,0
312254,0
312255,0
312256,0
312257,0
312258,0
312259,1
312260,0
312261,1
312262,0
312263,0
312264,1
312265,0
312266,1
312267,0
312268,0
312269,1
312270,0
312271,0
312272,0
312273,0
312274,0
312275,1
312276,0
312277,0
312278,0
312279,1
312280,0
312281,1
312282,0
312283,0
312284,0
312285,0
312286,0
312287,0
312288,0
312289,0
312290,0
312291,0
312292,0
312293,0
312295,1
312296,0
312297,0
312298,1
312299,0
312300,0
312301,0
312302,1
312303,0
312306,0
312307,1
312308,0
312309,0
312310,1
312311,0
312312,0
312313,0
312314,0
312315,0
312316,0
312317,0
312318,0
312319,0
312320,0
312321,1
312322,0
312323,0
312324,1
312326,1
312327,1
312328,0
312329,0
312330,0
312331,1
312332,0
312333,1
312334,0
312335,1
312336,1
312337,1
312338,0
312339,0
312340,0
312341,0
312342,1
312343,0
312344,1
312345,1
312346,0
312347,0
312349,0
312350,0
312351,1
312352,0
312353,1
312354,0
312355,0
312356,0
312357,1
312358,2
312359,2
312360,0
312361,0
312362,2
312363,1
312364,0
312365,0
312366,1
312367,0
312368,0
312369,0
312370,0
312371,1
312372,1
312373,0
312374,0
312375,0
312376,0
312377,1
312378,0
312379,1
312380,0
312381,1
312382,1
312383,0
312384,1
312385,1
312386,1
312387,1
312388,0
312389,0
312390,0
312391,0
312392,0
312393,0
312394,0
312395,1
312396,0
312397,0
312398,0
312400,0
312401,0
312402,1
312403,0
312404,1
312405,1
312406,0
312407,1
312408,0
312409,0
312410,1
312411,0
312412,1
312413,0
312414,1
312415,0
312416,0
312417,0
312418,1
312419,0
312420,0
312421,0
312422,0
312423,0
312424,0
312425,0
312426,0
312427,0
312428,0
312429,1
312430,0
312431,0
312432,0
312433,0
312434,0
312435,0
312436,1
312437,1
312438,0
312439,0
312440,0
312441,1
312442,0
312443,2
312444,0
312445,0
312446,1
312447,0
312448,1
312449,0
312450,0
312451,0
312452,0
312453,0
312454,0
312455,0
312456,0
312457,1
312458,0
312460,1
312461,0
312462,0
312463,0
312464,1
312465,0
312466,0
312467,0
312468,1
312469,0
312470,0
312471,0
312472,1
312473,0
312474,0
312475,1
312476,0
312477,0
312478,0
312479,1
312480,0
312481,0
312482,1
312483,0
312484,1
312485,0
312486,0
312487,0
312488,0
312489,1
312490,0
312491,0
312492,0
312493,1
312494,1
312495,0
312496,0
312497,0
312498,0
312499,1
312500,0
312501,0
312502,0
312503,0
312504,1
312505,1
312506,0
312507,0
312508,0
312510,0
312511,0
312512,0
312513,0
312514,0
312515,0
312516,1
312517,0
312518,0
312520,0
312521,1
312522,0
312523,1
312524,0
312525,0
312526,0
312527,0
312528,1
312529,2
312530,1
312531,0
312532,0
312533,1
312534,1
312535,0
312536,0
312537,0
312538,1
312539,0
312540,0
312541,0
312542,0
312543,0
312544,0
312545,0
312546,0
312547,0
312548,0
312549,1
312550,1
312551,0
312552,0
312553,0
312554,0
312555,2
312556,0
312557,0
312558,0
312559,0
312560,0
312561,1
312562,0
312563,0
312564,1
312565,1
312566,0
312567,0
312568,0
312569,1
312570,0
312571,0
312573,1
312574,1
312575,0
312576,0
312577,1
312578,0
312579,0
312580,0
312581,0
312582,0
312583,1
312584,0
312585,0
312586,0
312587,0
312588,0
312589,0
312590,0
312591,1
312592,0
312594,1
312595,1
312596,0
312597,0
312598,0
312599,0
312600,0
312601,0
312602,0
312603,1
312604,0
312605,0
312606,1
312607,1
312608,1
312610,0
312611,1
312612,0
312613,0
312614,0
312615,1
312616,0
312617,0
312618,0
312619,1
312620,1
312621,0
312622,1
312623,0
312624,0
312625,1
312626,1
312627,0
312628,0
312629,0
312630,1
312631,0
312632,1
312633,0
312634,0
312635,1
312636,0
312637,0
312638,0
312639,1
312640,0
312641,1
312642,0
312643,1
312644,1
312645,0
312646,1
312647,0
312648,0
312649,0
312650,0
312651,0
312652,0
312653,0
312654,1
312655,0
312656,1
312657,0
312658,1
312659,1
312660,0
312661,1
312662,1
312663,0
312664,0
312665,0
312666,0
312667,0
312668,0
312669,1
312671,0
312672,1
312673,0
312674,1
312675,0
312676,0
312677,0
312678,1
312679,1
312680,0
312681,2
312682,1
312683,0
312684,0
312685,0
312686,0
312687,0
312688,1
312689,0
312690,0
312691,0
312692,0
312693,0
312694,0
312695,1
312696,0
312697,0
312698,1
312699,1
312700,1
312701,0
312702,2
312703,0
312704,1
312705,0
312706,0
312707,0
312708,0
312709,0
312710,0
312711,0
312712,0
312713,0
312714,0
312715,0
312716,0
312717,0
312718,0
312719,1
312720,1
312721,0
312722,0
312723,0
312724,0
312725,0
312726,1
312727,1
312728,1
312729,0
312730,0
312731,1
312732,0
312733,0
312734,1
312735,1
312736,0
312737,0
312738,1
312739,0
312740,0
312741,0
312742,0
312743,1
312744,0
312745,1
312746,1
312747,1
312748,0
312749,0
312750,0
312751,0
312752,1
312753,0
312754,0
312755,0
312756,0
312757,0
312758,0
312759,0
312760,0
312761,0
312762,0
312763,0
312764,0
312765,1
312766,0
312767,0
312768,0
312769,1
312770,0
312771,0
312772,1
312773,1
312774,1
312775,2
312776,0
312777,0
312778,0
312779,1
312780,0
312781,0
312782,0
312783,1
312784,0
312785,1
312786,0
312787,0
312788,1
312789,0
312790,1
312791,0
312792,0
312793,0
312794,1
312795,1
312796,0
312797,0
312798,0
312799,0
312800,0
312801,0
312802,0
312803,1
312804,0
312805,1
312806,0
312807,1
312808,1
312809,0
312810,1
312811,0
312812,0
312813,0
312814,1
312815,0
312816,0
312817,1
312818,0
312819,0
312820,0
312821,0
312822,1
312823,0
312824,0
312825,0
312827,0
312828,0
312829,0
312830,1
312831,2
312832,0
312833,1
312834,0
312835,0
312836,1
312837,0
312838,0
312839,2
312840,1
312841,0
312842,0
312843,0
312844,0
312845,0
312846,0
312847,1
312848,0
312849,1
312850,2
312851,0
312852,0
312853,1
312854,0
312855,0
312856,0
312857,0
312858,0
312859,0
312860,0
312861,1
312862,0
312863,1
312864,0
312865,0
312866,1
312867,0
312868,0
312869,1
312870,0
312871,0
312873,1
312874,0
312875,0
312876,0
312877,0
312878,0
312879,0
312880,0
312881,0
312882,0
312883,1
312885,0
312886,0
312887,1
312888,0
312889,1
312890,0
312891,0
312892,0
312893,0
312894,0
312895,1
312896,0
312897,1
312898,0
312899,0
312900,1
312901,1
312902,1
312903,1
312904,2
312905,0
312906,0
312907,0
312908,1
312909,0
312910,0
312911,0
312912,0
312913,2
312914,0
312915,0
312916,0
312917,0
312919,0
312920,0
312921,0
312922,0
312923,1
312924,0
312925,0
312926,0
312927,0
312928,0
312929,0
312930,0
312931,0
312932,1
312933,0
312934,0
312935,1
312936,0
312937,0
312938,0
312939,1
312940,0
312941,0
312942,1
312943,0
312944,0
312945,0
312946,0
312947,0
312948,2
312949,0
312950,1
312951,0
312952,0
312953,1
312954,2
312955,0
312956,1
312959,0
312960,0
312961,1
312962,2
312963,0
312964,0
312965,0
312966,0
312967,0
312968,0
312969,1
312970,2
312971,0
312972,0
312973,0
312974,0
312975,2
312976,1
312977,1
312978,0
312979,0
312980,0
312981,0
312982,0
312983,0
312984,0
312985,1
312986,0
312987,0
312988,1
312989,0
312990,1
312991,1
312992,0
312993,0
312995,0
312996,0
312997,0
312998,0
312999,0
313000,0
313001,2
313002,0
313003,0
313004,0
313005,0
313006,0
313007,1
313008,0
313010,0
313011,1
313012,0
313013,0
313014,0
313015,2
313016,1
313017,0
313018,1
313020,0
313021,0
313022,0
313023,0
313024,1
313025,0
313026,0
313027,0
313028,1
313029,0
313030,0
313031,0
313032,0
313033,0
313034,1
313035,0
313036,0
313037,1
313038,0
313039,1
313040,0
313041,0
313042,1
313043,0
313044,0
313045,0
313046,1
313047,0
313048,0
313049,0
313050,1
313051,1
313052,1
313053,0
313054,0
313055,0
313056,1
313057,0
313058,1
313059,0
313060,0
313061,1
313062,0
313063,0
313064,0
313065,0
313066,0
313067,0
313068,0
313069,0
313070,0
313071,0
313072,0
313073,0
313074,2
313075,0
313076,0
313077,1
313078,0
313079,0
313080,0
313081,1
313082,0
313083,0
313084,0
313085,0
313086,1
313087,0
313088,0
313089,0
313090,0
313091,0
313092,0
313093,0
313094,1
313095,1
313096,1
313097,0
313098,0
313099,0
313100,1
313101,0
313102,0
313103,1
313104,1
313105,1
313106,0
313107,0
313109,0
313110,0
313111,1
313112,0
313113,1
313114,0
313115,1
313116,1
313117,0
313118,2
313119,0
313120,1
313121,0
313122,0
313123,0
313124,0
313125,1
313126,0
313127,0
313128,1
313129,0
313130,0
313131,1
313132,0
313133,0
313134,1
313135,1
313136,1
313137,0
313138,1
313139,0
313140,0
313141,0
313142,0
313143,0
313144,0
313145,0
313146,0
313148,1
313149,1
313150,1
313151,1
313152,0
313153,0
313154,1
313155,2
313156,0
313157,0
313158,1
313159,1
313160,0
313161,0
313162,0
313163,1
313164,2
313165,0
313166,0
313167,0
313168,0
313169,0
313170,0
313171,1
313172,0
313173,1
313174,0
313175,0
313176,0
313177,0
313178,0
313179,1
313180,0
313181,0
313182,1
313183,0
313184,0
313185,0
313186,1
313187,0
313188,0
313189,0
313190,0
313191,1
313192,1
313193,0
313194,1
313195,1
313196,0
313197,0
313198,1
313199,0
313200,1
313201,1
313202,2
313203,0
313204,0
313205,1
313206,0
313207,1
313208,0
313209,1
313210,1
313211,0
313212,0
313213,1
313214,0
313215,0
313216,1
313217,1
313218,1
313219,1
313220,0
313221,0
313222,0
313223,0
313224,0
313225,0
313226,0
313227,0
313228,0
313229,0
313230,0
313231,0
313232,0
313233,1
313234,0
313235,0
313236,1
313237,0
313238,0
313239,0
313240,0
313241,0
313242,0
313243,0
313244,0
313245,0
313246,1
313247,0
313248,1
313249,0
313250,2
313251,0
313252,0
313253,0
313254,0
313255,0
313256,0
313257,0
313258,1
313259,0
313260,0
313261,1
313262,1
313263,0
313264,0
313265,0
313266,0
313267,0
313268,0
313269,0
313270,0
313271,0
313272,1
313273,0
313274,1
313275,0
313276,0
313277,0
313278,0
313279,0
313280,0
313281,1
313282,1
313283,0
313284,0
313285,0
313286,1
313287,0
313288,0
313289,0
313290,0
313291,1
313292,0
313293,0
313294,1
313295,0
313296,0
313297,0
313298,1
313299,0
313300,1
313301,0
313302,0
313303,1
313304,0
313305,0
313306,0
313307,0
313308,0
313309,1
313310,0
313311,1
313312,0
313313,1
313314,0
313315,0
313316,1
313317,0
313318,0
313319,1
313320,0
313321,0
313322,1
313323,0
313324,0
313325,1
313326,0
313327,1
313328,1
313329,0
313330,0
313331,0
313332,1
313333,0
313334,0
313335,0
313336,0
313337,0
313338,1
313339,0
313340,2
313341,0
313342,0
313343,1
313344,0
313345,0
313346,0
313347,0
313348,0
313349,0
313350,0
313351,0
313352,1
313353,2
313354,1
313355,0
313356,0
313357,0
313358,0
313359,1
313360,0
313361,0
313362,1
313363,0
313364,0
313365,2
313366,0
313367,0
313368,1
313369,1
313370,2
313371,1
313372,0
313373,0
313374,0
313375,1
313376,0
313377,0
313378,1
313379,0
313380,0
313381,0
313382,0
313383,1
313384,1
313385,0
313386,0
313387,1
313388,1
313389,0
313391,1
313392,1
313393,0
313394,0
313395,1
313396,0
313397,1
313398,0
313399,0
313400,0
313401,0
313402,0
313403,0
313404,1
313405,1
313406,0
313407,0
313408,1
313409,0
313410,0
313411,0
313412,1
313413,0
313414,0
313415,0
313416,0
313417,0
313418,1
313419,0
313420,0
313421,0
313422,0
313423,1
313424,0
313425,0
313426,1
313427,0
313428,0
313429,0
313430,0
313431,0
313432,1
313433,0
313434,0
313435,0
313436,0
313437,0
313438,0
313439,0
313440,0
313441,0
313442,0
313443,0
313444,0
313445,0
313446,0
313447,0
313448,1
313449,0
313450,0
313451,0
313452,1
313453,0
313454,0
313455,0
313456,1
313457,0
313458,0
313459,0
313460,0
313461,0
313462,0
313463,0
313464,0
313465,0
313466,0
313467,2
313468,1
313469,0
313470,0
313471,0
313472,0
313473,0
313474,0
313475,0
313476,0
313477,1
313478,0
313479,1
313480,1
313481,1
313482,1
313483,0
313484,0
313485,0
313486,1
313487,1
313488,1
313489,0
313490,2
313491,0
313492,0
313493,0
313494,0
313495,0
313496,0
313497,1
313498,0
313499,0
313500,0
313501,0
313502,1
313503,0
313504,0
313505,1
313506,0
313507,0
313508,0
313509,0
313510,0
313511,1
313512,0
313513,0
313514,0
313515,1
313516,0
313517,0
313518,0
313519,0
313520,0
313521,0
313522,1
313523,1
313524,1
313525,0
313526,0
313527,0
313528,0
313530,1
313531,0
313532,0
313533,1
313534,0
313535,0
313536,1
313537,0
313538,2
313539,0
313540,1
313541,0
313542,0
313543,0
313544,0
313545,1
313546,0
313547,0
313548,0
313549,2
313550,1
313551,1
313552,0
313553,1
313554,0
313555,0
313556,0
313557,1
313558,0
313559,0
313560,0
313561,0
313562,0
313563,1
313564,1
313565,0
313566,0
313567,1
313568,0
313569,0
313570,0
313571,0
313572,0
313573,0
313574,1
313575,0
313576,0
313577,1
313578,1
313579,0
313580,0
313581,1
313582,0
313583,0
313585,0
313586,0
313587,0
313588,0
313590,0
313591,0
313592,0
313593,0
313594,0
313595,0
313596,0
313597,1
313598,0
313599,0
313600,0
313601,0
313602,0
313603,1
313604,0
313605,1
313606,0
313607,0
313608,0
313609,0
313610,1
313611,1
313612,1
313613,0
313614,0
313615,0
313616,0
313617,0
313618,0
313620,1
313621,1
313622,0
313624,0
313625,0
313626,0
313627,0
313628,1
313629,0
313630,2
313631,0
313632,0
313633,2
313634,0
313635,2
313636,0
313637,0
313638,0
313639,1
313640,0
313641,0
313642,0
313643,0
313644,0
313645,1
313646,1
313647,0
313648,0
313649,0
313650,1
313651,1
313652,0
313653,0
313654,0
313655,0
313656,0
313657,0
313658,0
313659,1
313660,0
313661,0
313662,0
313663,0
313664,0
313665,0
313666,0
313667,1
313668,0
313669,0
313670,1
313671,0
313672,0
313673,0
313674,0
313675,0
313676,0
313677,0
313678,0
313679,0
313680,0
313681,0
313682,0
313683,1
313684,0
313685,0
313686,0
313687,0
313688,0
313689,0
313690,1
313691,0
313692,0
313693,2
313694,0
313695,0
313696,1
313697,0
313698,0
313699,0
313700,1
313701,0
313702,0
313703,1
313704,0
313705,0
313706,0
313707,0
313708,0
313709,0
313710,0
313711,0
313712,0
313713,0
313714,1
313715,0
313716,0
313717,0
313718,1
313719,0
313720,1
313721,0
313722,0
313723,0
313724,1
313725,1
313726,0
313727,0
313728,0
313729,0
313730,0
313731,0
313732,2
313733,0
313734,0
313735,1
313736,0
313737,1
313738,2
313739,0
313740,0
313741,2
313742,1
313743,0
313744,1
313745,0
313746,2
313747,0
313748,0
313749,0
313750,0
313751,1
313752,0
313753,1
313754,0
313755,1
313756,1
313757,1
313758,0
313759,0
313760,0
313761,1
313762,0
313763,0
313764,0
313765,1
313766,0
313767,1
313768,1
313769,0
313770,0
313771,0
313772,0
313773,0
313774,0
313775,0
313776,0
313777,2
313778,0
313779,1
313780,1
313781,0
313782,0
313783,0
313784,0
313785,0
313786,0
313787,0
313788,0
313789,0
313790,0
313791,0
313792,0
313793,0
313794,1
313795,0
313796,1
313797,1
313798,0
313799,0
313800,1
313801,0
313802,0
313803,1
313804,0
313805,0
313806,0
313807,0
313808,0
313809,0
313810,0
313811,0
313812,1
313813,0
313814,2
313815,1
313816,1
313817,0
313818,0
313819,0
313820,0
313821,0
313822,2
313823,0
313824,0
313825,0
313826,0
313827,0
313828,0
313829,1
313830,0
313831,0
313832,2
313833,0
313834,0
313835,1
313836,0
313837,1
313838,0
313839,1
313840,0
313841,0
313842,0
313843,1
313844,0
313845,0
313846,0
313847,0
313848,0
313849,0
313850,0
313851,1
313852,0
313853,0
313854,0
313855,1
313856,0
313857,0
313858,1
313859,1
313860,0
313861,1
313862,1
313863,0
313864,2
313865,0
313866,0
313867,1
313868,0
313869,1
313870,0
313871,1
313872,0
313873,2
313874,0
313875,0
313876,1
313877,0
313879,1
313880,1
313881,0
313882,0
313883,0
313884,0
313885,0
313886,0
313887,0
313888,0
313889,1
313890,2
313891,0
313892,0
313893,1
313894,0
313896,0
313897,0
313898,0
313899,1
313900,1
313901,1
313902,0
313903,0
313904,1
313905,0
313906,1
313907,1
313908,0
313909,0
313910,2
313911,0
313912,1
313913,1
313914,0
313915,0
313916,1
313917,0
313918,1
313919,0
313920,0
313921,1
313922,1
313923,0
313924,1
313925,0
313926,0
313927,0
313928,1
313929,2
313930,1
313931,1
313932,0
313933,0
313934,0
313935,1
313936,0
313937,0
313938,0
313940,2
313941,0
313942,0
313943,0
313944,0
313945,0
313946,1
313947,0
313948,0
313949,1
313950,1
313951,1
313952,1
313953,0
313954,0
313955,1
313956,2
313957,0
313958,0
313959,2
313960,0
313961,0
313962,1
313963,0
313964,1
313965,0
313966,0
313967,1
313968,0
313969,1
313970,1
313971,1
313972,0
313973,0
313974,0
313975,0
313976,0
313977,0
313978,0
313979,1
313980,1
313981,0
313982,1
313983,0
313984,0
313985,1
313986,0
313987,0
313988,1
313989,0
313990,0
313992,0
313993,0
313994,0
313995,0
313996,1
313997,0
313998,1
313999,0
314000,1
314001,0
314002,1
314003,0
314004,0
314005,0
314006,0
314007,1
314008,0
314009,0
314010,1
314011,0
314012,1
314013,0
314014,1
314015,0
314016,1
314017,2
314018,0
314019,0
314020,0
314021,0
314022,0
314023,1
314024,1
314025,0
314026,0
314027,1
314028,0
314029,1
314030,1
314031,1
314032,0
314033,0
314034,0
314035,0
314036,1
314037,0
314038,0
314039,1
314040,1
314041,1
314042,0
314043,0
314044,0
314045,0
314046,1
314047,0
314048,1
314049,0
314050,0
314051,0
314052,1
314053,1
314054,0
314055,0
314056,0
314057,0
314058,0
314059,0
314060,0
314061,0
314062,0
314063,0
314064,1
314065,1
314066,0
314067,0
314068,1
314069,0
314070,0
314071,0
314072,0
314073,1
314074,0
314075,1
314076,1
314077,0
314078,1
314079,0
314080,0
314081,0
314082,0
314083,0
314084,1
314085,0
314086,0
314087,0
314088,0
314089,1
314090,0
314091,0
314092,0
314093,0
314094,1
314095,1
314096,0
314097,0
314098,0
314099,0
314100,1
314101,1
314102,0
314103,1
314104,0
314105,1
314106,0
314107,1
314108,0
314109,0
314110,0
314111,0
314112,0
314113,2
314114,0
314116,1
314117,1
314118,0
314119,0
314120,1
314121,1
314122,0
314123,1
314124,0
314125,0
314126,1
314127,2
314128,0
314129,0
314130,0
314131,0
314132,0
314133,1
314134,0
314135,0
314136,0
314137,0
314138,0
314139,1
314140,0
314141,0
314142,1
314143,1
314145,0
314146,0
314147,1
314149,1
314150,0
314151,0
314152,0
314153,2
314154,0
314155,0
314156,0
314157,1
314158,0
314159,1
314160,1
314161,0
314162,2
314163,0
314164,0
314165,0
314166,0
314167,0
314168,0
314169,0
314170,0
314171,0
314172,0
314173,0
314174,1
314175,0
314176,0
314177,0
314178,0
314179,1
314180,0
314181,0
314182,1
314183,0
314184,0
314185,1
314186,0
314187,0
314188,0
314189,1
314190,0
314191,0
314192,0
314193,0
314194,0
314195,2
314196,0
314197,1
314198,1
314199,1
314200,1
314201,0
314202,2
314203,0
314204,0
314205,0
314206,1
314207,2
314208,0
314209,0
314210,0
314211,0
314212,0
314213,1
314214,1
314215,0
314216,0
314217,1
314218,1
314219,0
314220,1
314221,0
314222,0
314223,0
314224,0
314225,0
314226,0
314227,0
314228,0
314229,1
314230,0
314231,0
314232,0
314233,0
314234,0
314235,2
314236,1
314237,0
314238,0
314239,0
314240,0
314241,0
314242,2
314243,1
314244,0
314245,0
314246,0
314247,0
314248,0
314249,0
314250,0
314251,1
314252,0
314253,2
314254,1
314255,0
314256,0
314257,1
314258,0
314259,1
314260,0
314261,1
314262,0
314263,0
314264,0
314265,0
314266,0
314267,0
314268,0
314269,0
314270,0
314271,0
314272,1
314273,0
314274,0
314275,0
314276,0
314277,1
314278,0
314279,0
314280,1
314281,1
314282,0
314283,0
314284,0
314285,0
314286,0
314287,0
314288,0
314289,0
314290,0
314291,0
314292,0
314293,1
314294,1
314295,1
314296,0
314297,1
314298,0
314299,1
314300,0
314301,1
314302,0
314303,1
314304,0
314305,0
314306,1
314307,0
314308,0
314309,1
314310,0
314311,0
314312,1
314313,0
314314,0
314315,1
314316,0
314317,0
314318,0
314319,0
314320,0
314321,1
314322,0
314323,0
314324,0
314325,0
314326,1
314327,1
314328,0
314329,1
314330,1
314332,0
314333,0
314334,0
314335,0
314336,0
314337,0
314338,0
314340,0
314341,1
314342,0
314343,1
314344,0
314345,1
314347,0
314348,0
314349,0
314350,0
314351,0
314352,1
314353,0
314354,0
314355,0
314356,2
314357,0
314358,1
314359,1
314360,1
314361,1
314362,1
314363,0
314364,1
314365,0
314366,1
314367,0
314368,0
314369,0
314370,0
314371,0
314372,0
314373,1
314374,0
314375,1
314376,0
314377,0
314378,0
314379,0
314380,0
314382,0
314383,0
314384,1
314385,0
314386,0
314387,0
314388,0
314389,2
314390,1
314391,1
314392,0
314393,0
314394,0
314395,1
314396,0
314397,0
314398,0
314399,0
314400,2
314401,0
314402,0
314403,2
314404,1
314405,0
314406,0
314407,2
314408,1
314409,0
314411,0
314412,1
314413,0
314414,1
314416,0
314417,1
314418,1
314419,0
314420,0
314421,0
314422,2
314423,1
314424,0
314425,0
314426,0
314427,0
314428,0
314429,0
314430,1
314431,0
314432,0
314433,0
314434,0
314435,0
314436,0
314437,0
314438,0
314439,0
314440,0
314441,1
314442,0
314443,0
314444,1
314445,0
314446,1
314447,0
314448,0
314449,0
314450,0
314451,0
314452,0
314453,0
314454,0
314455,0
314456,0
314457,0
314458,0
314459,0
314460,0
314461,0
314462,0
314463,0
314464,0
314465,0
314466,0
314467,1
314468,0
314469,1
314470,1
314471,0
314472,0
314473,0
314474,1
314475,0
314476,0
314477,0
314478,0
314479,0
314480,0
314481,0
314482,0
314483,0
314484,0
314485,0
314486,0
314487,0
314488,0
314489,0
314490,0
314491,1
314492,0
314493,0
314494,0
314495,0
314496,0
314497,0
314498,0
314499,0
314500,0
314501,0
314502,0
314503,1
314504,1
314505,0
314506,1
314507,0
314508,1
314509,1
314510,0
314511,1
314512,0
314513,0
314514,2
314515,0
314516,1
314517,0
314518,0
314519,0
314520,0
314521,1
314522,0
314523,0
314524,0
314525,0
314526,1
314527,0
314528,0
314529,0
314530,0
314531,2
314532,0
314533,0
314534,0
314535,2
314536,0
314537,0
314538,0
314539,0
314540,1
314541,0
314542,1
314543,0
314544,1
314545,0
314546,1
314547,0
314548,1
314549,0
314550,0
314551,1
314552,0
314553,0
314554,0
314555,0
314556,0
314557,0
314558,0
314559,0
314560,0
314561,0
314562,0
314563,0
314564,0
314565,1
314566,0
314567,0
314568,0
314569,0
314570,0
314571,1
314572,0
314573,0
314574,0
314575,0
314576,0
314577,0
314578,0
314579,0
314580,1
314581,0
314582,0
314584,0
314585,0
314586,0
314587,0
314588,0
314589,1
314590,0
314591,1
314592,0
314593,0
314594,1
314595,1
314596,0
314597,0
314598,0
314599,1
314600,0
314601,1
314602,0
314603,1
314604,0
314605,1
314606,0
314607,0
314608,1
314609,0
314610,0
314611,0
314612,1
314613,0
314614,0
314615,0
314616,0
314617,0
314618,0
314619,0
314620,0
314621,0
314622,0
314623,1
314624,0
314625,0
314626,0
314627,0
314628,0
314629,0
314630,1
314631,1
314632,0
314633,0
314634,0
314635,1
314636,0
314637,0
314638,0
314639,0
314640,1
314641,0
314642,0
314643,0
314644,0
314645,0
314646,0
314647,1
314648,0
314649,0
314650,0
314651,1
314652,0
314653,0
314654,0
314655,1
314656,0
314657,1
314658,0
314659,2
314660,0
314661,0
314662,1
314663,0
314664,0
314665,0
314666,0
314667,0
314668,0
314669,1
314670,1
314671,0
314672,2
314673,0
314674,1
314675,1
314676,0
314677,0
314678,1
314679,0
314680,1
314681,0
314682,2
314683,0
314684,0
314685,0
314686,1
314687,1
314688,0
314689,0
314690,0
314691,1
314692,0
314693,1
314694,0
314695,1
314696,0
314697,1
314698,1
314699,1
314700,1
314701,1
314702,0
314703,0
314704,0
314705,0
314706,1
314707,1
314708,0
314710,0
314711,0
314712,0
314713,0
314714,0
314715,1
314716,1
314717,0
314718,0
314719,0
314720,0
314721,0
314722,0
314723,0
314724,2
314725,1
314726,1
314727,2
314728,1
314729,0
314730,1
314731,0
314732,0
314733,0
314734,0
314735,0
314736,0
314738,0
314739,0
314740,1
314741,0
314742,0
314743,0
314744,0
314745,0
314746,1
314747,1
314748,0
314749,0
314750,0
314751,1
314752,0
314753,0
314755,1
314756,0
314757,0
314758,0
314759,0
314760,0
314761,1
314762,0
314763,0
314764,0
314765,0
314766,0
314767,0
314768,0
314769,0
314770,2
314772,2
314773,0
314774,1
314775,1
314776,0
314777,1
314778,1
314779,0
314780,0
314781,0
314782,0
314783,0
314784,0
314785,0
314786,1
314787,1
314788,2
314789,0
314790,0
314791,0
314792,0
314793,0
314794,1
314795,1
314796,0
314797,0
314798,0
314799,1
314800,0
314801,0
314802,0
314803,0
314804,2
314805,0
314806,0
314807,0
314808,0
314809,0
314810,1
314811,1
314812,0
314813,0
314814,1
314815,0
314816,1
314818,0
314819,1
314820,0
314821,0
314822,1
314823,0
314824,0
314825,0
314826,0
314827,0
314828,0
314829,0
314831,0
314832,1
314833,1
314834,0
314835,0
314836,1
314837,0
314838,0
314839,0
314840,0
314841,0
314842,0
314843,0
314844,0
314845,0
314846,0
314847,1
314848,1
314849,1
314850,0
314851,0
314852,0
314853,0
314854,0
314855,1
314856,1
314857,0
314858,0
314859,0
314860,2
314861,1
314862,0
314863,0
314864,0
314865,0
314866,0
314867,0
314868,1
314869,0
314870,1
314871,0
314872,0
314873,1
314874,0
314875,0
314876,2
314877,2
314878,0
314879,1
314880,2
314881,1
314882,1
314883,0
314884,0
314885,2
314886,0
314887,0
314888,0
314889,1
314890,0
314891,0
314892,0
314893,1
314894,1
314895,0
314896,0
314897,1
314898,0
314899,1
314900,0
314901,0
314902,0
314903,0
314904,0
314905,0
314906,0
314907,1
314908,1
314909,0
314910,0
314911,0
314912,0
314913,0
314914,1
314915,0
314916,0
314917,1
314918,0
314919,0
314920,0
314921,0
314922,0
314923,1
314924,0
314925,0
314926,1
314927,0
314928,0
314929,0
314930,1
314931,0
314932,0
314933,0
314934,1
314935,0
314936,0
314937,1
314938,1
314939,0
314940,1
314941,0
314942,0
314943,0
314944,0
314945,0
314946,0
314947,0
314948,1
314949,1
314950,1
314951,1
314952,0
314953,0
314954,0
314955,0
314956,0
314957,0
314958,0
314959,1
314960,0
314961,2
314962,0
314963,0
314964,1
314965,1
314966,1
314967,0
314968,1
314969,1
314970,0
314971,0
314972,1
314973,2
314974,0
314975,0
314976,0
314977,0
314978,1
314979,0
314980,0
314981,0
314982,1
314983,0
314984,0
314985,0
314986,0
314987,0
314988,0
314989,0
314990,1
314991,0
314992,1
314993,0
314994,1
314995,0
314996,0
314997,0
314998,1
314999,2
315000,0
315001,0
315002,0
315003,2
315004,1
315005,1
315006,1
315007,0
315008,0
315009,0
315010,1
315011,0
315012,0
315013,2
315014,1
315015,1
315016,0
315017,0
315018,2
315019,0
315020,1
315021,0
315022,0
315023,1
315024,0
315025,1
315026,0
315027,1
315028,1
315029,0
315030,1
315031,0
315032,0
315033,0
315034,1
315035,0
315036,1
315037,0
315038,0
315039,1
315040,0
315041,0
315042,0
315043,0
315044,0
315045,1
315046,0
315047,0
315048,1
315049,1
315050,1
315051,0
315052,0
315053,0
315054,1
315055,0
315056,0
315057,0
315058,0
315059,0
315060,0
315061,1
315062,0
315063,0
315064,0
315065,0
315066,0
315067,0
315068,0
315069,0
315070,0
315071,0
315072,1
315073,0
315074,0
315075,1
315076,0
315077,0
315078,0
315079,0
315080,0
315081,2
315082,0
315083,0
315084,0
315085,0
315086,1
315087,0
315088,0
315089,0
315091,0
315092,0
315093,0
315094,0
315095,0
315096,0
315097,2
315098,0
315099,0
315100,1
315101,1
315102,1
315103,0
315104,0
315105,0
315106,0
315107,0
315108,0
315109,0
315110,0
315111,0
315112,1
315113,1
315114,1
315115,0
315116,1
315117,1
315118,0
315119,0
315120,1
315121,0
315122,0
315123,1
315124,1
315125,0
315126,1
315127,0
315128,0
315129,1
315130,0
315132,0
315133,1
315134,1
315135,0
315136,0
315137,0
315138,0
315139,1
315140,0
315141,0
315142,2
315143,0
315144,1
315145,0
315146,1
315147,0
315148,1
315149,0
315150,1
315151,0
315152,0
315153,1
315154,0
315155,0
315156,0
315157,1
315158,0
315159,2
315160,1
315161,0
315162,0
315163,1
315164,0
315165,0
315166,0
315167,0
315168,0
315169,0
315170,0
315171,1
315172,0
315173,0
315174,0
315175,0
315176,0
315177,0
315178,0
315179,0
315180,0
315181,0
315182,0
315183,0
315184,1
315185,0
315187,0
315188,0
315189,0
315190,0
315191,0
315192,0
315193,0
315194,0
315195,0
315196,0
315197,0
315198,0
315199,0
315200,2
315201,1
315202,1
315203,0
315204,0
315205,0
315206,0
315207,0
315208,1
315209,0
315210,0
315211,0
315212,1
315213,0
315214,0
315215,1
315216,0
315217,0
315218,0
315219,1
315220,1
315221,0
315222,1
315223,1
315224,1
315225,0
315226,0
315227,0
315228,1
315229,1
315230,0
315231,0
315232,0
315233,0
315234,1
315235,0
315236,0
315237,0
315238,0
315239,0
315240,0
315241,0
315242,0
315243,0
315244,0
315245,0
315246,0
315247,0
315248,1
315249,0
315250,0
315251,0
315252,0
315253,0
315254,1
315255,0
315256,0
315257,0
315258,0
315259,0
315260,1
315261,1
315262,1
315263,0
315264,0
315265,0
315266,0
315267,0
315268,2
315269,0
315270,1
315271,1
315272,0
315273,0
315274,0
315275,0
315276,0
315277,1
315278,1
315279,0
315280,0
315281,1
315282,0
315283,1
315284,0
315285,0
315286,1
315287,1
315288,0
315289,1
315290,1
315291,0
315292,1
315293,0
315294,0
315295,0
315296,1
315298,0
315299,0
315300,0
315301,1
315302,0
315303,0
315304,0
315305,1
315306,0
315307,0
315308,0
315309,0
315310,0
315311,0
315312,0
315313,1
315314,1
315315,1
315316,0
315317,0
315318,0
315319,0
315320,2
315321,0
315322,2
315323,0
315324,0
315325,0
315326,0
315327,0
315328,0
315329,0
315330,0
315331,0
315332,0
315333,0
315334,0
315335,0
315336,1
315337,0
315338,0
315339,0
315340,0
315341,1
315342,0
315343,0
315344,2
315345,1
315346,0
315347,0
315348,1
315349,0
315350,0
315351,0
315352,0
315353,0
315354,0
315355,0
315356,0
315357,0
315358,2
315359,1
315360,1
315361,0
315362,1
315363,0
315364,0
315366,0
315367,1
315368,1
315369,0
315370,0
315371,0
315372,0
315373,1
315374,0
315375,0
315376,0
315377,0
315378,0
315379,0
315380,0
315381,0
315382,0
315383,0
315384,0
315385,1
315386,0
315387,0
315388,0
315389,1
315390,0
315392,0
315394,0
315395,0
315396,0
315397,1
315398,0
315399,0
315400,1
315401,0
315402,1
315403,1
315404,0
315405,1
315406,0
315407,0
315408,0
315409,0
315410,0
315411,0
315412,1
315413,0
315414,1
315415,0
315416,1
315417,0
315418,0
315419,0
315420,0
315421,1
315422,0
315423,1
315424,1
315425,1
315426,1
315427,0
315428,0
315429,1
315430,0
315431,1
315432,0
315433,0
315434,0
315435,0
315436,0
315437,0
315438,0
315439,0
315440,0
315441,0
315442,1
315443,0
315444,0
315445,0
315446,0
315447,1
315448,0
315449,0
315450,0
315451,0
315452,0
315453,0
315454,0
315455,0
315456,0
315457,0
315458,1
315459,0
315460,0
315461,1
315462,1
315463,0
315464,0
315465,1
315466,0
315467,0
315468,0
315469,0
315470,0
315471,0
315472,0
315473,1
315474,0
315475,0
315476,0
315477,0
315478,2
315479,0
315480,2
315481,1
315482,0
315483,0
315484,0
315485,2
315486,0
315487,1
315488,0
315489,1
315490,0
315491,0
315492,0
315493,0
315494,0
315495,0
315496,0
315497,1
315498,1
315499,0
315500,0
315501,0
315502,1
315503,0
315504,0
315505,1
315506,0
315507,2
315508,0
315509,0
315510,1
315511,1
315512,0
315513,0
315514,0
315515,1
315516,0
315517,1
315518,0
315519,0
315520,1
315521,0
315522,0
315523,0
315524,0
315525,0
315526,1
315527,0
315528,0
315529,1
315530,0
315531,0
315532,0
315533,0
315534,0
315535,0
315536,0
315537,0
315538,1
315539,0
315540,1
315541,1
315542,0
315543,0
315544,0
315545,0
315546,2
315547,1
315548,0
315549,0
315550,0
315551,2
315552,0
315553,1
315554,0
315555,1
315556,0
315557,0
315558,0
315559,0
315560,0
315561,0
315562,0
315563,0
315564,0
315565,0
315566,1
315567,0
315568,0
315569,0
315570,1
315571,1
315572,0
315573,1
315574,1
315575,1
315576,1
315577,0
315578,0
315579,0
315580,0
315581,0
315582,1
315583,0
315584,0
315585,0
315586,0
315587,2
315588,1
315589,0
315590,0
315591,0
315592,0
315593,0
315594,0
315595,1
315596,0
315597,0
315598,0
315599,1
315600,0
315601,1
315602,1
315603,0
315604,0
315605,0
315606,0
315607,0
315608,0
315609,0
315610,0
315611,1
315612,0
315613,1
315614,0
315615,0
315616,0
315617,0
315618,2
315619,1
315620,0
315621,0
315622,0
315623,0
315624,1
315625,0
315626,2
315627,0
315628,0
315629,0
315630,1
315631,1
315632,1
315633,0
315634,0
315635,0
315636,0
315637,0
315638,0
315639,1
315640,0
315641,0
315642,1
315643,0
315644,0
315645,0
315646,0
315647,0
315648,0
315649,0
315650,1
315651,0
315652,0
315653,0
315654,0
315655,0
315656,1
315657,1
315658,0
315659,0
315660,0
315661,0
315662,0
315663,0
315664,0
315665,0
315666,1
315667,0
315668,0
315669,0
315670,0
315671,0
315672,1
315673,0
315675,0
315676,2
315677,0
315678,0
315679,0
315680,2
315681,0
315682,1
315683,0
315684,1
315685,0
315686,1
315687,0
315688,0
315689,0
315690,0
315691,0
315692,1
315693,1
315694,0
315695,0
315696,0
315697,1
315698,0
315699,0
315700,0
315701,0
315702,1
315703,0
315704,1
315705,1
315706,0
315707,1
315708,0
315709,0
315710,0
315711,1
315712,0
315713,0
315714,1
315715,0
315716,0
315717,0
315718,0
315719,0
315720,1
315721,0
315722,1
315723,0
315724,0
315726,1
315727,0
315728,1
315729,0
315730,0
315731,1
315732,1
315733,0
315734,0
315735,1
315736,0
315737,1
315738,0
315739,0
315740,0
315741,1
315742,0
315743,0
315744,1
315745,0
315746,0
315747,0
315748,1
315749,1
315750,0
315751,1
315752,1
315753,0
315754,0
315755,0
315756,0
315757,0
315758,0
315759,0
315760,0
315761,0
315762,0
315763,1
315764,1
315765,0
315766,0
315767,0
315768,0
315769,0
315770,0
315771,0
315772,1
315773,1
315774,1
315775,0
315776,0
315777,0
315778,0
315779,1
315780,2
315781,0
315782,0
315783,0
315784,0
315785,0
315786,0
315787,0
315788,0
315790,0
315791,0
315792,0
315793,0
315794,0
315795,0
315796,0
315797,0
315798,0
315799,1
315800,0
315801,0
315802,0
315804,1
315805,0
315806,1
315807,0
315808,0
315809,0
315810,1
315811,1
315812,0
315814,0
315815,1
315816,0
315817,0
315818,0
315819,0
315820,0
315821,0
315822,1
315823,2
315824,0
315825,0
315826,1
315827,0
315828,0
315829,0
315830,1
315831,0
315832,0
315833,0
315834,1
315835,1
315836,0
315837,0
315838,0
315839,0
315840,0
315841,0
315842,0
315843,2
315844,1
315845,0
315846,0
315847,0
315848,0
315849,0
315850,0
315851,0
315852,0
315853,1
315854,1
315855,0
315856,0
315857,0
315858,1
315859,0
315860,0
315861,2
315862,0
315863,1
315864,0
315865,2
315866,0
315867,0
315868,0
315869,0
315870,0
315871,1
315872,0
315873,0
315874,0
315875,0
315876,1
315877,0
315878,1
315879,1
315880,0
315881,0
315882,1
315883,0
315884,0
315885,0
315887,1
315888,0
315889,0
315890,0
315891,0
315892,0
315893,0
315894,1
315895,0
315896,1
315897,0
315898,2
315899,0
315900,0
315901,0
315902,0
315903,0
315904,0
315905,0
315906,0
315907,0
315908,0
315909,0
315910,0
315911,0
315912,1
315913,1
315914,1
315915,0
315916,0
315918,0
315919,0
315920,0
315921,0
315922,1
315923,0
315924,0
315925,1
315926,0
315927,0
315928,0
315929,0
315930,0
315931,0
315932,0
315933,0
315934,1
315935,0
315936,1
315937,0
315938,0
315939,0
315940,0
315941,0
315942,0
315943,0
315944,1
315945,0
315946,0
315947,0
315948,0
315949,0
315950,0
315951,0
315952,0
315953,0
315954,1
315955,0
315956,0
315957,1
315958,0
315959,1
315960,0
315961,1
315962,0
315963,0
315965,0
315966,0
315967,1
315968,0
315969,0
315970,0
315971,0
315972,1
315973,0
315974,0
315975,0
315976,1
315977,0
315978,0
315980,0
315981,0
315982,1
315983,0
315984,1
315985,0
315986,0
315987,0
315988,0
315989,1
315990,0
315991,0
315992,1
315993,0
315994,0
315995,0
315996,0
315997,0
315998,0
315999,0
316000,0
316001,0
316002,0
316003,0
316004,1
316005,0
316006,0
316008,0
316009,0
316010,1
316011,0
316012,0
316013,1
316014,0
316015,0
316016,1
316017,0
316018,0
316019,1
316020,2
316021,2
316022,0
316023,1
316024,1
316025,0
316026,0
316027,0
316028,0
316029,0
316030,1
316031,1
316032,0
316033,0
316034,0
316036,0
316037,0
316038,0
316039,0
316040,0
316041,0
316042,1
316043,0
316044,1
316045,0
316046,0
316047,1
316048,1
316049,1
316050,1
316051,0
316052,0
316053,0
316054,0
316055,1
316056,1
316057,0
316058,1
316059,0
316060,2
316061,0
316062,0
316063,0
316064,0
316065,1
316066,1
316067,1
316068,0
316069,0
316070,0
316071,0
316072,0
316073,0
316074,2
316075,0
316076,0
316077,1
316078,0
316079,1
316080,0
316081,0
316082,0
316083,0
316084,0
316085,0
316086,0
316087,0
316088,0
316089,0
316090,1
316091,0
316092,0
316093,1
316096,0
316097,0
316098,1
316099,1
316100,0
316101,0
316102,0
316103,1
316104,0
316105,1
316106,1
316107,1
316108,0
316109,0
316110,1
316111,1
316112,0
316113,0
316114,1
316115,1
316116,1
316117,0
316118,1
316119,0
316120,0
316121,0
316122,0
316123,1
316124,0
316125,0
316126,0
316127,2
316128,0
316129,0
316130,0
316131,0
316132,1
316133,0
316134,1
316135,1
316136,0
316137,0
316138,0
316139,0
316140,0
316141,0
316142,0
316143,1
316144,0
316145,2
316146,1
316147,0
316149,0
316150,0
316151,0
316152,0
316153,0
316154,1
316155,0
316156,0
316157,0
316158,1
316159,0
316160,0
316161,0
316162,0
316163,0
316164,0
316165,0
316166,0
316167,1
316169,0
316170,1
316171,0
316172,0
316173,1
316174,0
316175,0
316176,1
316177,0
316178,1
316179,1
316180,0
316181,0
316182,0
316183,0
316184,0
316185,0
316186,0
316187,1
316188,0
316189,0
316190,0
316191,1
316192,0
316193,1
316194,0
316195,0
316196,0
316197,0
316198,0
316199,0
316200,0
316201,0
316202,0
316203,0
316204,0
316205,1
316206,0
316207,0
316208,1
316209,0
316210,0
316211,0
316212,1
316213,1
316214,0
316215,0
316216,0
316217,0
316218,1
316219,0
316220,1
316221,0
316222,0
316223,1
316224,1
316225,0
316226,1
316227,0
316228,0
316229,0
316230,0
316231,0
316232,0
316233,0
316234,0
316235,1
316236,0
316237,0
316238,0
316239,0
316240,1
316241,0
316242,0
316243,0
316244,0
316245,0
316246,0
316248,0
316249,0
316250,1
316251,0
316252,0
316253,1
316254,0
316255,0
316257,1
316258,0
316259,1
316260,0
316261,1
316262,0
316263,0
316264,0
316265,0
316266,0
316267,0
316268,0
316269,0
316270,0
316271,0
316272,0
316273,0
316274,0
316275,0
316276,0
316277,0
316278,0
316279,0
316280,1
316282,1
316283,0
316284,0
316285,0
316286,0
316287,0
316288,0
316289,0
316290,1
316291,0
316292,0
316293,1
316294,0
316295,0
316296,1
316297,0
316298,0
316299,0
316300,0
316301,0
316302,1
316303,1
316304,1
316305,0
316306,1
316307,0
316308,0
316309,0
316310,0
316311,1
316312,0
316313,0
316314,0
316315,0
316316,0
316317,1
316318,1
316319,1
316320,0
316321,0
316322,1
316323,0
316324,1
316325,0
316326,0
316327,0
316328,1
316329,0
316330,0
316331,0
316332,0
316333,1
316334,0
316335,0
316336,0
316337,0
316338,0
316339,0
316340,1
316341,0
316342,0
316343,0
316344,0
316345,1
316346,0
316347,0
316348,0
316349,0
316350,1
316351,0
316353,0
316354,1
316355,0
316356,0
316357,0
316358,0
316359,0
316360,0
316361,1
316362,0
316363,1
316364,1
316365,1
316366,0
316367,1
316368,1
316369,0
316370,0
316371,1
316372,1
316373,0
316374,1
316375,0
316376,0
316377,0
316378,0
316379,0
316380,2
316381,1
316382,0
316383,1
316384,0
316385,0
316386,0
316387,0
316388,0
316389,0
316390,1
316391,0
316392,0
316393,0
316395,0
316396,0
316397,0
316398,0
316399,0
316400,0
316401,1
316402,0
316403,0
316404,0
316405,0
316406,1
316407,0
316408,1
316409,1
316410,0
316411,0
316412,1
316413,0
316414,1
316415,1
316416,0
316417,0
316418,0
316419,0
316420,1
316421,0
316422,0
316423,0
316424,1
316425,0
316426,0
316427,0
316428,0
316429,0
316430,0
316431,0
316432,0
316433,0
316434,0
316435,0
316436,0
316437,0
316438,1
316439,1
316440,2
316441,0
316442,0
316443,0
316444,0
316445,2
316446,1
316447,0
316448,0
316449,0
316450,0
316451,0
316452,0
316453,1
316454,0
316455,0
316456,0
316457,0
316458,0
316459,0
316460,0
316461,0
316462,0
316463,0
316464,0
316465,0
316466,1
316467,0
316468,0
316469,0
316470,0
316471,1
316472,0
316473,1
316474,0
316475,1
316476,1
316477,0
316478,1
316479,0
316480,2
316481,1
316482,0
316483,0
316484,0
316485,0
316486,0
316487,0
316488,0
316489,0
316490,0
316491,0
316492,0
316493,0
316494,0
316495,1
316496,1
316497,0
316498,0
316499,0
316500,0
316501,0
316502,0
316503,2
316504,1
316505,0
316506,0
316507,0
316508,1
316509,0
316510,0
316511,1
316512,0
316513,0
316514,2
316515,1
316516,0
316517,0
316518,0
316519,1
316520,0
316521,0
316522,0
316523,0
316524,0
316525,0
316526,1
316527,0
316528,0
316529,1
316530,0
316531,0
316532,0
316533,1
316534,0
316535,1
316536,0
316537,0
316538,0
316539,1
316540,0
316541,0
316542,1
316543,1
316544,1
316545,0
316546,0
316547,0
316548,0
316549,1
316550,0
316551,0
316552,0
316553,0
316554,1
316555,0
316556,0
316557,0
316558,0
316559,0
316560,0
316561,2
316562,0
316563,1
316564,0
316565,0
316566,0
316567,0
316568,0
316569,0
316570,1
316571,0
316572,0
316573,0
316574,0
316575,0
316576,0
316577,2
316578,0
316579,0
316580,0
316581,0
316582,0
316583,0
316584,1
316585,1
316586,0
316587,1
316588,0
316589,1
316590,0
316591,0
316592,0
316593,1
316594,1
316595,0
316596,0
316597,0
316598,0
316599,0
316600,0
316601,0
316602,0
316603,0
316604,0
316605,1
316606,0
316607,0
316608,0
316609,0
316610,0
316611,1
316612,0
316613,0
316614,0
316615,1
316616,0
316617,1
316618,0
316619,1
316620,0
316621,0
316622,1
316623,0
316624,0
316625,0
316626,0
316627,0
316628,0
316629,0
316630,0
316631,0
316632,0
316633,0
316634,0
316635,0
316636,1
316637,1
316638,0
316639,1
316640,0
316641,1
316642,0
316643,1
316644,0
316645,0
316646,0
316647,0
316648,0
316649,0
316650,0
316651,2
316652,0
316653,0
316654,1
316656,0
316657,0
316658,1
316659,0
316660,0
316661,1
316662,0
316663,0
316664,0
316665,1
316666,0
316667,1
316668,1
316669,0
316670,0
316671,0
316672,0
316673,1
316674,0
316675,0
316676,0
316677,0
316678,1
316679,0
316680,1
316681,1
316682,0
316683,0
316684,0
316685,0
316686,0
316687,0
316688,1
316689,1
316690,1
316691,0
316692,0
316693,1
316694,0
316695,0
316696,0
316697,0
316698,0
316699,1
316700,0
316701,1
316702,0
316703,0
316704,0
316705,0
316706,0
316707,0
316708,0
316709,0
316710,0
316711,1
316712,0
316713,1
316714,0
316715,1
316716,0
316717,0
316718,0
316719,0
316720,0
316721,1
316722,1
316723,0
316724,0
316725,0
316726,0
316727,0
316728,1
316729,0
316730,0
316731,1
316732,0
316733,0
316734,0
316736,0
316737,1
316738,0
316739,1
316740,1
316741,0
316742,1
316743,0
316744,0
316745,2
316746,0
316747,1
316748,0
316749,0
316750,0
316751,1
316752,1
316753,0
316754,0
316755,0
316756,0
316757,0
316758,1
316759,0
316760,0
316761,1
316762,0
316763,0
316764,0
316765,1
316766,1
316768,1
316769,1
316770,0
316771,0
316772,0
316773,0
316774,0
316775,0
316776,0
316777,0
316778,0
316779,1
316780,1
316781,0
316782,1
316783,2
316784,0
316785,0
316786,0
316787,0
316788,0
316789,0
316790,0
316791,0
316792,0
316793,0
316794,0
316795,0
316796,0
316797,0
316798,0
316799,0
316800,0
316801,0
316802,1
316803,0
316804,1
316805,1
316806,0
316807,0
316808,1
316809,1
316810,0
316811,1
316812,0
316813,0
316814,0
316815,0
316816,0
316817,0
316818,0
316819,0
316820,0
316821,0
316822,0
316823,0
316824,0
316825,0
316826,1
316827,1
316828,0
316829,0
316830,0
316831,0
316832,0
316833,0
316834,1
316835,0
316836,1
316837,0
316838,0
316839,1
316840,0
316841,1
316842,0
316843,0
316844,0
316845,0
316846,0
316847,1
316848,1
316849,0
316850,0
316851,0
316852,0
316853,1
316854,0
316855,0
316856,0
316857,0
316858,1
316859,1
316860,0
316861,0
316862,1
316863,0
316864,0
316865,0
316866,0
316867,0
316868,0
316869,0
316870,0
316871,0
316872,0
316873,0
316874,0
316875,1
316876,1
316877,0
316878,0
316879,1
316880,2
316881,1
316882,0
316883,1
316884,0
316885,0
316886,0
316887,0
316888,0
316889,0
316890,0
316891,1
316892,0
316893,1
316894,0
316895,0
316896,0
316897,0
316898,0
316899,1
316900,0
316901,0
316902,0
316903,0
316904,0
316905,0
316906,0
316907,0
316908,0
316909,0
316910,1
316911,1
316912,0
316913,1
316914,0
316915,0
316916,0
316917,0
316918,0
316919,0
316920,0
316921,0
316922,0
316923,0
316924,0
316925,0
316926,0
316927,0
316928,0
316929,0
316930,0
316931,0
316932,1
316933,0
316934,0
316935,0
316936,0
316937,0
316938,1
316939,1
316940,1
316941,0
316942,1
316943,0
316944,0
316945,0
316946,0
316947,1
316948,0
316949,1
316950,0
316951,0
316952,0
316953,1
316954,0
316955,0
316956,1
316957,0
316958,0
316959,0
316960,2
316961,0
316962,2
316963,0
316965,0
316966,1
316967,0
316968,0
316969,0
316970,0
316971,1
316972,0
316973,1
316974,0
316975,0
316976,1
316977,1
316978,1
316979,0
316980,0
316981,0
316982,0
316983,0
316984,0
316985,0
316986,2
316987,0
316988,0
316989,0
316990,0
316991,2
316992,1
316993,1
316994,0
316995,0
316996,0
316997,0
316998,1
316999,0
317000,0
317001,2
317002,0
317004,2
317005,0
317006,0
317007,1
317008,1
317009,1
317010,0
317011,0
317012,0
317013,0
317014,1
317015,0
317016,2
317017,0
317018,1
317019,1
317020,0
317021,0
317022,0
317023,0
317024,0
317025,1
317026,0
317027,0
317028,0
317029,0
317030,0
317031,0
317032,1
317033,0
317034,0
317035,1
317036,0
317037,0
317038,0
317039,0
317040,0
317041,0
317042,0
317043,1
317044,0
317045,0
317046,1
317047,1
317048,0
317050,0
317051,0
317052,1
317053,0
317054,0
317055,1
317056,0
317057,1
317058,1
317059,0
317060,0
317061,0
317062,1
317063,1
317064,0
317065,0
317066,0
317067,0
317068,0
317069,1
317070,0
317071,0
317072,1
317073,1
317074,0
317075,0
317076,0
317077,0
317078,0
317079,0
317080,1
317081,1
317082,0
317083,0
317084,1
317085,1
317086,0
317087,0
317088,2
317089,0
317090,1
317091,1
317092,0
317093,0
317094,1
317095,1
317096,0
317097,0
317098,0
317099,0
317100,1
317101,0
317102,0
317103,0
317104,0
317105,0
317106,0
317107,1
317108,0
317109,0
317110,1
317111,1
317112,0
317113,0
317114,0
317115,0
317116,0
317117,0
317118,0
317119,0
317120,1
317121,0
317122,1
317123,0
317124,0
317125,0
317126,0
317127,1
317128,0
317129,0
317130,0
317131,1
317132,0
317133,1
317134,1
317135,0
317136,2
317137,0
317138,2
317139,0
317140,0
317141,0
317142,0
317143,0
317144,0
317145,0
317146,0
317147,0
317148,1
317149,0
317150,0
317151,0
317152,0
317153,0
317154,0
317155,0
317156,0
317157,1
317158,0
317159,0
317160,1
317161,0
317162,0
317163,0
317164,0
317165,1
317166,0
317167,1
317168,0
317169,0
317170,0
317171,0
317172,2
317173,0
317174,0
317175,1
317176,0
317177,0
317179,0
317180,0
317181,1
317182,0
317183,1
317184,0
317185,0
317186,0
317187,0
317188,1
317189,1
317190,0
317191,0
317192,0
317193,1
317194,1
317195,0
317196,0
317197,0
317198,1
317199,0
317200,0
317201,0
317202,1
317203,0
317204,0
317205,0
317206,0
317207,1
317208,0
317209,0
317210,0
317211,1
317212,0
317213,0
317214,0
317215,0
317216,1
317217,1
317218,2
317219,0
317220,1
317221,0
317222,0
317223,0
317224,0
317225,0
317226,0
317227,0
317228,0
317229,0
317230,1
317231,0
317232,0
317233,0
317234,1
317235,0
317236,0
317237,0
317238,0
317239,0
317240,0
317241,1
317242,0
317243,0
317244,0
317245,0
317246,1
317247,0
317248,0
317249,0
317250,0
317251,1
317252,1
317253,1
317254,0
317255,0
317256,0
317257,0
317258,0
317259,0
317260,0
317261,1
317262,1
317263,0
317264,0
317265,1
317266,1
317267,0
317268,0
317269,1
317270,1
317271,1
317272,0
317273,0
317274,0
317275,0
317276,0
317277,1
317278,0
317279,0
317280,1
317281,1
317282,0
317283,0
317284,2
317285,0
317286,1
317287,1
317288,1
317289,1
317290,0
317291,0
317292,0
317293,0
317294,0
317295,2
317296,0
317298,0
317299,0
317300,0
317301,2
317303,0
317304,0
317305,0
317306,1
317307,0
317308,0
317309,0
317310,0
317311,0
317312,1
317313,1
317314,0
317315,0
317316,0
317317,0
317318,0
317319,1
317320,0
317321,1
317322,0
317323,0
317324,0
317325,0
317326,0
317327,0
317328,1
317329,0
317330,1
317331,0
317332,0
317333,0
317334,1
317335,0
317336,0
317337,0
317338,1
317339,1
317340,1
317341,1
317342,2
317343,0
317344,0
317345,1
317346,0
317347,0
317348,0
317349,0
317350,2
317351,0
317352,0
317353,0
317354,0
317355,0
317356,1
317357,0
317358,1
317359,0
317360,0
317361,0
317362,0
317363,1
317364,1
317365,0
317366,0
317367,1
317368,1
317369,0
317370,1
317371,2
317372,0
317373,1
317374,1
317375,0
317376,1
317377,0
317378,0
317380,0
317381,0
317382,0
317383,0
317384,1
317385,0
317386,0
317387,0
317388,1
317389,0
317390,0
317391,0
317392,1
317393,0
317394,1
317395,1
317396,0
317397,1
317398,0
317399,0
317400,0
317401,1
317402,1
317403,0
317405,0
317406,0
317407,0
317408,0
317409,0
317410,0
317411,1
317412,0
317413,0
317414,0
317415,0
317416,0
317417,0
317419,2
317420,2
317421,0
317422,0
317423,1
317424,1
317425,0
317426,0
317427,0
317428,0
317429,0
317430,0
317431,0
317432,1
317433,0
317434,0
317435,1
317436,0
317437,0
317438,0
317439,0
317440,0
317441,1
317442,0
317443,1
317444,0
317445,0
317446,0
317447,1
317448,0
317449,0
317450,0
317451,0
317452,1
317453,0
317454,0
317455,1
317456,0
317457,0
317458,0
317459,0
317460,0
317461,1
317462,0
317463,0
317464,0
317465,1
317466,0
317467,0
317468,0
317469,1
317470,1
317471,0
317472,1
317473,1
317474,1
317475,0
317476,0
317477,0
317478,1
317479,0
317480,1
317481,1
317482,1
317483,0
317484,1
317485,1
317486,0
317487,0
317488,1
317489,0
317490,0
317491,0
317492,0
317493,0
317494,0
317495,0
317496,0
317497,0
317498,1
317499,1
317500,0
317501,1
317502,0
317503,0
317504,0
317505,0
317506,0
317507,0
317508,1
317509,0
317510,0
317511,0
317512,0
317513,1
317514,0
317515,0
317516,0
317517,0
317518,0
317519,0
317520,0
317521,0
317522,0
317523,0
317524,0
317525,1
317526,0
317527,1
317528,0
317529,0
317530,0
317531,0
317532,1
317533,1
317534,0
317535,1
317536,0
317537,0
317538,0
317539,0
317540,0
317541,0
317542,1
317543,0
317544,1
317545,0
317546,0
317547,0
317548,0
317549,0
317550,0
317551,0
317552,1
317553,0
317554,0
317555,0
317556,1
317557,0
317558,0
317559,1
317560,0
317561,0
317562,0
317563,0
317564,0
317565,0
317566,0
317567,0
317568,0
317569,0
317570,0
317571,0
317573,1
317574,0
317575,1
317576,1
317577,1
317578,0
317579,1
317580,1
317581,0
317582,0
317583,0
317584,2
317585,1
317586,1
317587,0
317588,1
317590,0
317591,0
317592,0
317593,0
317594,0
317595,2
317596,0
317597,1
317598,0
317599,0
317600,0
317601,0
317602,1
317603,0
317605,1
317606,0
317607,1
317608,0
317609,0
317610,0
317611,1
317612,0
317613,0
317614,0
317615,0
317616,0
317617,0
317618,0
317619,1
317620,1
317621,0
317622,1
317623,0
317624,0
317625,0
317626,0
317627,0
317628,1
317629,0
317630,0
317631,0
317632,2
317633,0
317634,0
317635,0
317636,1
317637,0
317638,0
317639,0
317640,0
317641,1
317642,0
317643,1
317644,0
317645,0
317646,0
317647,1
317648,0
317649,0
317650,1
317651,0
317652,1
317653,0
317654,0
317655,1
317656,1
317657,0
317658,0
317659,0
317660,0
317661,0
317662,1
317663,0
317664,1
317665,0
317666,0
317667,1
317668,1
317669,1
317670,0
317671,0
317672,0
317673,0
317674,0
317675,0
317676,0
317677,0
317678,0
317679,0
317680,0
317681,0
317682,0
317683,0
317684,0
317685,0
317686,1
317687,0
317688,0
317689,0
317690,1
317691,0
317692,0
317693,0
317694,1
317695,0
317696,2
317697,0
317698,0
317699,1
317700,0
317701,0
317702,0
317703,1
317704,0
317705,0
317706,0
317707,0
317708,0
317709,0
317710,1
317711,0
317712,0
317713,1
317714,0
317715,0
317716,0
317717,0
317718,0
317719,1
317720,2
317721,0
317722,1
317723,0
317724,0
317725,0
317728,1
317729,0
317730,0
317731,1
317732,0
317733,0
317734,0
317735,0
317736,0
317737,0
317738,0
317739,0
317740,0
317741,0
317742,1
317743,0
317744,0
317745,0
317746,1
317747,1
317748,1
317749,0
317750,0
317751,0
317752,0
317753,0
317754,1
317755,0
317756,1
317758,0
317759,0
317760,0
317761,0
317762,0
317763,2
317764,0
317765,0
317766,0
317767,0
317768,1
317769,0
317770,0
317771,0
317772,0
317773,0
317774,1
317775,0
317776,1
317777,0
317778,1
317779,0
317780,0
317781,0
317782,0
317783,1
317784,0
317785,0
317786,1
317787,0
317788,1
317789,0
317790,0
317791,1
317792,1
317793,1
317794,1
317795,0
317796,0
317797,0
317798,0
317799,0
317800,0
317801,0
317802,0
317803,0
317805,0
317806,0
317807,0
317808,1
317809,0
317810,1
317811,0
317812,0
317813,0
317814,1
317815,0
317816,1
317817,0
317818,0
317819,1
317820,0
317821,1
317822,0
317823,2
317824,0
317825,0
317826,1
317827,1
317828,0
317829,0
317830,1
317831,0
317832,1
317833,2
317834,0
317835,0
317836,1
317837,0
317838,0
317839,0
317840,0
317841,1
317842,0
317843,0
317844,0
317845,2
317846,0
317847,0
317848,1
317849,0
317850,0
317851,0
317852,0
317853,0
317854,0
317855,0
317856,1
317857,0
317858,1
317859,1
317860,0
317861,0
317862,0
317863,1
317864,0
317865,0
317866,0
317867,0
317868,0
317869,1
317870,0
317871,0
317872,0
317873,0
317874,0
317875,0
317876,0
317877,0
317878,0
317879,0
317880,1
317881,0
317882,1
317883,0
317884,1
317885,0
317886,1
317888,1
317889,1
317890,0
317891,0
317892,0
317893,0
317894,0
317895,1
317896,0
317897,0
317898,0
317899,0
317900,0
317901,1
317902,0
317903,0
317904,1
317905,0
317906,0
317907,0
317908,0
317909,0
317910,1
317911,1
317912,0
317913,0
317914,0
317915,0
317916,0
317917,1
317918,0
317919,2
317920,0
317921,1
317922,0
317923,1
317924,0
317925,0
317926,0
317927,0
317928,0
317929,0
317930,0
317931,0
317932,0
317933,0
317934,0
317935,0
317936,0
317937,0
317938,0
317939,1
317940,1
317941,2
317942,0
317943,0
317944,0
317945,0
317946,0
317947,0
317948,0
317949,0
317950,0
317951,0
317952,0
317953,1
317954,0
317955,1
317956,1
317957,0
317958,0
317959,0
317960,0
317961,0
317962,0
317963,0
317964,0
317965,1
317966,0
317967,0
317968,0
317970,1
317971,1
317972,1
317973,1
317974,2
317975,1
317976,0
317977,1
317978,0
317979,1
317980,0
317981,0
317982,1
317983,0
317984,2
317985,0
317986,0
317987,0
317988,0
317989,1
317990,0
317991,0
317992,0
317993,0
317994,1
317995,1
317996,0
317997,0
317998,0
317999,0
318000,0
318001,2
318002,0
318003,1
318004,0
318005,0
318006,1
318007,1
318008,0
318009,0
318010,0
318011,0
318012,1
318013,1
318014,1
318015,0
318016,0
318017,0
318018,0
318019,1
318020,1
318021,1
318022,0
318023,0
318024,1
318025,0
318026,1
318027,0
318028,0
318029,0
318030,0
318031,0
318032,0
318033,0
318034,0
318035,2
318036,1
318037,0
318038,0
318039,0
318040,0
318041,0
318042,2
318043,0
318044,0
318045,0
318046,1
318047,0
318049,1
318050,0
318051,0
318052,0
318053,0
318054,0
318055,0
318056,0
318057,1
318058,0
318059,0
318060,0
318061,1
318062,1
318063,0
318064,2
318065,0
318066,0
318067,0
318068,0
318069,0
318070,0
318071,0
318072,0
318073,1
318074,0
318075,0
318076,0
318077,2
318078,0
318079,0
318080,0
318081,0
318082,0
318083,1
318085,1
318087,0
318089,0
318090,1
318091,1
318092,0
318093,0
318094,0
318095,0
318096,1
318097,0
318098,0
318099,0
318100,0
318101,0
318102,0
318103,1
318104,0
318105,1
318106,0
318107,0
318108,0
318109,0
318110,0
318111,0
318112,1
318113,0
318114,0
318115,0
318116,0
318117,0
318118,0
318119,1
318120,1
318121,0
318122,0
318123,0
318124,0
318125,0
318126,0
318127,0
318128,0
318129,0
318130,0
318131,0
318132,0
318133,1
318134,0
318135,2
318136,2
318137,1
318138,0
318139,0
318140,0
318141,0
318142,0
318143,0
318144,0
318145,0
318146,0
318147,0
318148,0
318149,0
318150,0
318151,0
318152,0
318153,1
318154,2
318155,1
318156,0
318157,0
318158,1
318159,0
318160,0
318161,0
318162,0
318163,0
318164,1
318165,1
318166,0
318167,1
318168,0
318169,1
318170,2
318171,1
318172,1
318173,0
318174,1
318175,0
318176,0
318177,0
318178,0
318179,0
318180,0
318181,1
318182,0
318183,0
318184,0
318185,0
318186,0
318187,1
318188,1
318189,1
318190,0
318191,0
318192,0
318193,0
318194,1
318195,0
318196,1
318197,2
318198,1
318199,0
318200,0
318201,0
318202,0
318203,0
318204,0
318205,0
318206,0
318207,0
318208,0
318209,0
318210,0
318211,0
318212,0
318213,0
318214,0
318215,0
318216,0
318218,1
318219,0
318220,0
318221,0
318223,1
318224,1
318225,1
318226,0
318227,0
318228,2
318229,1
318230,0
318231,0
318232,0
318233,1
318234,0
318235,0
318236,0
318237,0
318238,2
318239,0
318240,0
318241,0
318242,0
318243,0
318244,1
318245,1
318246,2
318247,0
318248,0
318249,1
318250,2
318251,0
318252,0
318253,0
318254,0
318255,0
318256,0
318257,2
318258,0
318259,0
318260,2
318261,1
318262,1
318263,0
318264,0
318265,0
318266,1
318267,0
318268,1
318269,0
318270,0
318271,1
318272,0
318273,0
318274,2
318275,1
318276,0
318277,0
318278,0
318279,1
318280,0
318281,0
318282,0
318283,0
318284,0
318285,0
318286,0
318287,1
318288,0
318289,1
318290,0
318291,0
318292,1
318293,0
318294,0
318295,0
318296,0
318297,0
318298,1
318299,1
318300,0
318301,0
318302,0
318303,1
318305,0
318306,0
318307,0
318308,0
318309,0
318310,1
318311,0
318312,0
318314,0
318315,1
318316,0
318317,0
318318,0
318319,0
318320,2
318321,0
318322,0
318323,0
318324,0
318325,0
318326,0
318327,1
318328,0
318329,0
318330,0
318331,0
318332,0
318333,0
318334,1
318335,1
318336,0
318337,1
318338,0
318339,1
318340,1
318341,1
318342,1
318343,0
318344,0
318345,0
318346,0
318347,1
318348,0
318349,0
318350,1
318351,0
318352,0
318353,1
318354,0
318355,0
318356,0
318357,0
318358,0
318359,1
318360,0
318361,0
318362,1
318363,1
318364,0
318365,0
318366,0
318367,1
318368,0
318369,0
318370,0
318371,0
318372,1
318373,0
318374,0
318375,0
318376,0
318377,0
318378,0
318379,0
318380,0
318381,0
318382,1
318383,0
318384,0
318385,0
318386,1
318387,1
318388,0
318389,0
318390,0
318391,1
318392,0
318393,0
318394,1
318395,0
318396,0
318397,0
318398,0
318399,0
318400,0
318401,0
318402,1
318403,0
318404,1
318405,1
318406,1
318407,0
318408,0
318409,0
318410,0
318411,0
318412,0
318413,0
318414,0
318415,0
318416,0
318417,0
318418,1
318419,0
318420,0
318421,0
318422,0
318423,0
318424,0
318425,1
318426,0
318427,1
318429,0
318430,0
318431,0
318432,0
318433,0
318434,0
318435,1
318436,0
318437,0
