case_id,Class
300000,2
300001,0
300002,0
300003,0
300004,1
300005,1
300006,1
300007,0
300008,0
300009,0
300010,1
300011,1
300013,0
300014,0
300015,2
300016,0
300017,0
300018,0
300019,0
300020,0
300021,0
300022,1
300023,2
300024,1
300025,0
300026,0
300027,0
300028,1
300029,0
300030,1
300031,1
300032,0
300033,2
300034,1
300035,0
300036,0
300037,0
300038,0
300039,0
300040,2
300041,0
300042,1
300043,0
300044,0
300045,1
300046,0
300047,0
300048,0
300049,2
300050,0
300051,0
300052,1
300053,1
300054,0
300055,0
300056,0
300057,1
300058,0
300059,0
300060,0
300061,0
300062,0
300063,1
300064,2
300065,0
300066,0
300067,1
300068,0
300069,0
300070,1
300071,0
300072,1
300073,1
300074,0
300075,0
300076,0
300077,1
300078,0
300079,1
300080,2
300081,0
300082,1
300083,0
300084,0
300085,0
300087,2
300088,2
300089,1
300090,0
300091,1
300092,0
300093,1
300094,0
300095,0
300096,0
300097,0
300098,1
300099,0
300100,0
300101,0
300102,0
300103,1
300104,0
300105,1
300106,0
300107,1
300108,1
300109,0
300110,0
300111,1
300112,1
300113,0
300114,1
300115,0
300116,1
300117,1
300118,0
300119,1
300120,0
300121,0
300122,1
300123,0
300124,1
300125,0
300126,1
300127,1
300128,0
300129,2
300130,1
300131,1
300132,1
300133,0
300134,0
300135,0
300136,1
300137,0
300138,0
300139,2
300140,0
300141,0
300142,0
300143,0
300144,0
300145,0
300146,1
300147,0
300148,0
300149,0
300150,0
300151,0
300152,1
300153,0
300154,1
300155,2
300156,0
300157,1
300158,1
300159,0
300160,1
300161,0
300162,0
300163,1
300164,0
300165,0
300166,1
300167,0
300168,0
300169,0
300170,1
300171,0
300172,0
300173,0
300174,0
300175,1
300176,0
300177,2
300178,1
300179,0
300180,1
300181,1
300182,1
300183,0
300184,1
300185,1
300186,1
300187,1
300188,1
300189,0
300190,0
300191,2
300192,0
300193,0
300194,0
300196,0
300197,0
300198,0
300199,0
300200,0
300201,1
300203,1
300204,2
300205,0
300206,1
300207,0
300208,1
300209,0
300210,0
300211,1
300212,0
300213,2
300214,2
300215,2
300216,1
300217,0
300218,0
300219,0
300220,0
300221,0
300222,0
300223,0
300224,1
300225,1
300226,0
300227,1
300228,0
300229,0
300230,1
300231,1
300232,0
300233,2
300234,0
300235,1
300236,0
300237,0
300238,1
300239,2
300240,0
300241,0
300242,0
300243,0
300244,1
300245,0
300246,0
300247,1
300248,0
300249,0
300250,0
300251,1
300253,0
300254,0
300255,0
300256,0
300257,1
300258,0
300259,0
300260,1
300261,0
300262,1
300263,0
300264,2
300265,0
300266,0
300267,0
300268,1
300269,0
300270,1
300271,0
300272,1
300273,0
300274,1
300275,0
300277,0
300278,1
300279,1
300280,0
300281,0
300282,0
300283,1
300284,0
300285,0
300286,1
300287,1
300288,1
300289,0
300290,2
300291,0
300292,0
300293,0
300294,0
300295,1
300296,0
300297,1
300298,1
300299,0
300300,1
300301,0
300302,1
300303,0
300304,1
300305,1
300306,1
300307,0
300308,0
300309,1
300311,0
300312,1
300313,0
300314,0
300315,0
300316,0
300317,2
300318,1
300319,0
300320,2
300321,1
300322,0
300323,1
300324,1
300325,1
300326,0
300327,0
300328,2
300329,0
300330,0
300331,0
300332,0
300333,1
300334,0
300335,0
300336,0
300337,0
300338,0
300339,1
300340,0
300341,1
300342,2
300343,1
300344,1
300345,1
300346,1
300347,1
300348,2
300349,0
300350,0
300351,0
300352,0
300353,0
300354,0
300355,0
300356,0
300357,0
300358,0
300359,0
300360,0
300361,0
300362,0
300363,1
300364,0
300365,1
300366,1
300367,1
300368,0
300369,1
300370,0
300371,1
300372,1
300373,0
300374,0
300375,0
300376,1
300377,1
300378,0
300379,0
300380,0
300381,2
300382,0
300383,0
300384,1
300385,0
300386,0
300387,0
300388,0
300389,0
300390,1
300391,0
300392,0
300393,1
300395,1
300396,1
300397,1
300398,0
300399,1
300400,0
300401,0
300402,0
300403,0
300404,0
300405,1
300406,1
300407,1
300408,2
300409,1
300410,1
300411,1
300412,0
300413,0
300414,0
300415,0
300416,0
300417,1
300418,1
300419,0
300420,0
300421,2
300422,0
300423,0
300424,0
300425,0
300426,1
300427,0
300428,1
300429,0
300430,0
300431,1
300432,2
300433,0
300434,1
300435,0
300436,0
300437,1
300438,0
300439,0
300440,1
300441,2
300442,0
300443,1
300444,1
300445,1
300446,0
300447,1
300448,0
300449,0
300450,1
300451,1
300452,0
300453,1
300454,2
300455,1
300456,2
300457,1
300458,2
300459,1
300460,0
300461,0
300462,2
300463,1
300464,0
300465,1
300466,0
300467,1
300468,1
300469,0
300470,1
300471,0
300472,0
300473,0
300474,0
300475,0
300476,2
300477,0
300478,1
300479,2
300480,0
300481,2
300482,1
300483,0
300484,0
300485,1
300486,0
300487,1
300488,0
300489,0
300490,1
300491,0
300492,0
300493,0
300494,2
300495,2
300496,1
300497,1
300498,0
300499,1
300500,0
300501,2
300502,1
300503,1
300504,0
300505,0
300506,0
300507,0
300508,0
300509,0
300510,1
300511,0
300512,1
300513,0
300514,1
300515,0
300516,0
300517,2
300518,1
300519,0
300520,1
300521,1
300522,2
300523,0
300524,1
300525,2
300526,0
300527,0
300528,1
300529,0
300530,0
300531,0
300532,1
300533,0
300534,0
300535,0
300536,1
300537,0
300538,1
300539,1
300540,0
300541,1
300542,0
300543,0
300544,2
300545,2
300546,0
300547,0
300548,0
300549,1
300550,0
300551,1
300552,1
300553,0
300554,0
300555,2
300556,0
300557,0
300558,1
300559,0
300560,1
300561,0
300562,1
300563,1
300564,0
300565,0
300566,1
300567,1
300568,1
300569,1
300570,0
300571,1
300572,0
300573,2
300574,1
300575,1
300576,0
300577,1
300578,0
300579,1
300580,0
300581,1
300582,1
300583,0
300584,0
300585,0
300586,0
300587,0
300589,0
300590,0
300591,0
300592,1
300593,1
300594,0
300595,2
300596,1
300597,1
300598,0
300599,0
300600,0
300601,1
300602,0
300603,0
300604,1
300606,0
300607,1
300608,1
300609,0
300610,1
300611,0
300612,0
300613,0
300614,0
300615,1
300616,0
300617,0
300618,0
300619,0
300620,0
300621,1
300622,1
300623,0
300624,1
300625,1
300627,0
300628,0
300629,0
300630,1
300631,0
300632,0
300633,1
300634,0
300635,1
300636,1
300637,2
300638,0
300639,0
300640,0
300641,0
300642,0
300643,0
300644,1
300645,1
300646,0
300647,0
300648,0
300649,1
300650,0
300651,1
300652,1
300654,0
300655,1
300656,0
300657,1
300658,0
300659,1
300660,2
300661,1
300662,0
300663,1
300664,1
300665,2
300666,0
300667,1
300668,0
300669,0
300670,1
300671,1
300672,1
300673,1
300674,0
300675,1
300676,1
300677,0
300678,0
300679,0
300680,0
300681,2
300682,1
300683,0
300684,1
300685,0
300686,1
300687,1
300688,2
300689,2
300690,0
300691,0
300692,1
300693,0
300694,1
300695,0
300696,1
300697,0
300698,0
300699,1
300700,0
300701,0
300702,0
300703,1
300704,0
300705,0
300706,0
300708,1
300709,1
300710,0
300711,2
300712,1
300713,2
300714,1
300715,1
300716,1
300717,0
300718,0
300719,0
300720,0
300721,1
300722,1
300723,0
300724,0
300725,1
300726,0
300727,0
300728,0
300729,0
300730,0
300731,0
300732,0
300733,0
300734,0
300735,2
300736,0
300737,0
300739,0
300740,0
300741,0
300742,1
300743,2
300744,0
300745,0
300746,0
300747,0
300748,2
300749,1
300750,0
300751,0
300752,1
300753,1
300754,1
300755,1
300756,1
300757,0
300758,0
300759,1
300760,0
300761,1
300762,1
300763,1
300764,1
300765,1
300766,2
300767,0
300768,0
300769,1
300770,1
300771,1
300772,0
300773,0
300774,0
300775,0
300776,0
300777,0
300778,0
300779,0
300780,0
300781,1
300782,2
300783,0
300784,1
300785,0
300786,0
300787,1
300788,1
300789,1
300790,0
300791,0
300792,0
300793,0
300794,0
300795,0
300796,1
300797,1
300798,1
300799,1
300800,1
300801,0
300802,2
300803,0
300804,2
300805,0
300806,0
300807,0
300808,1
300809,0
300810,2
300811,2
300812,1
300813,2
300814,0
300815,0
300816,0
300817,0
300818,0
300819,1
300820,0
300821,1
300822,0
300823,1
300824,1
300825,0
300826,1
300827,0
300828,1
300829,1
300830,0
300831,0
300832,1
300833,0
300834,2
300835,0
300836,1
300837,1
300838,0
300839,0
300840,1
300841,1
300842,0
300843,1
300844,0
300845,1
300846,0
300847,1
300848,0
300849,0
300850,0
300851,1
300852,1
300853,0
300854,1
300855,0
300856,0
300857,0
300858,0
300859,0
300860,2
300861,0
300862,0
300863,0
300864,0
300865,1
300866,1
300867,0
300868,1
300869,0
300870,1
300871,0
300872,0
300873,0
300874,1
300875,0
300876,0
300877,0
300878,0
300880,0
300881,0
300882,1
300883,0
300884,1
300885,2
300886,0
300887,1
300888,0
300889,1
300890,0
300891,1
300892,0
300893,1
300894,1
300895,0
300896,1
300897,0
300898,0
300899,0
300900,0
300901,2
300902,1
300903,1
300904,0
300905,1
300906,1
300907,1
300908,0
300909,0
300910,0
300911,0
300912,0
300913,0
300914,1
300915,1
300916,0
300917,1
300918,0
300919,0
300920,1
300921,1
300922,2
300923,1
300924,0
300925,2
300926,1
300927,0
300928,0
300929,1
300930,2
300931,1
300932,0
300933,0
300934,1
300935,0
300936,0
300937,1
300938,1
300939,1
300940,1
300941,1
300942,0
300943,0
300944,0
300945,1
300946,1
300947,0
300948,1
300949,1
300950,0
300951,1
300952,1
300953,0
300954,1
300955,1
300956,0
300957,1
300958,1
300959,0
300960,0
300961,1
300962,1
300963,0
300964,0
300965,1
300967,1
300968,0
300969,0
300970,1
300971,0
300972,1
300973,0
300974,0
300975,0
300976,1
300977,0
300978,1
300979,0
300980,1
300981,0
300982,1
300983,1
300985,1
300986,2
300987,1
300988,2
300989,2
300990,0
300991,1
300992,0
300993,1
300994,0
300995,0
300996,0
300997,0
300998,0
300999,0
301000,0
301001,1
301002,0
301003,0
301004,0
301005,0
301006,0
301007,2
301008,0
301009,1
301010,0
301011,0
301012,1
301013,0
301014,0
301015,0
301016,1
301017,2
301018,0
301019,1
301020,0
301021,2
301022,0
301023,1
301024,0
301025,1
301026,1
301027,0
301028,0
301029,0
301030,0
301031,0
301032,0
301033,1
301034,0
301035,2
301036,0
301037,1
301038,0
301039,0
301040,1
301041,1
301042,0
301043,1
301044,1
301045,1
301046,1
301047,1
301048,1
301049,0
301050,0
301051,1
301052,2
301053,0
301054,0
301055,0
301056,2
301057,0
301058,0
301059,2
301060,0
301061,1
301062,0
301063,1
301064,1
301065,1
301066,2
301067,0
301068,0
301069,0
301070,1
301071,1
301072,0
301073,1
301074,1
301075,1
301077,0
301078,0
301079,0
301080,1
301081,0
301082,2
301083,1
301084,0
301085,2
301086,1
301087,0
301088,0
301089,2
301090,1
301091,1
301092,0
301093,0
301094,0
301095,1
301096,1
301097,0
301098,0
301099,0
301100,1
301101,0
301102,0
301104,1
301105,1
301106,0
301107,0
301108,0
301109,0
301110,0
301111,0
301112,1
301113,0
301114,0
301115,1
301116,1
301117,0
301118,0
301119,0
301120,0
301121,2
301122,1
301123,1
301124,1
301125,2
301126,1
301127,0
301128,0
301129,0
301130,1
301131,2
301132,0
301133,0
301134,0
301135,1
301136,0
301137,0
301138,0
301139,2
301140,1
301141,2
301142,0
301143,1
301144,0
301145,0
301146,1
301147,0
301148,0
301149,2
301150,0
301151,1
301152,0
301153,0
301154,0
301155,2
301156,0
301157,0
301158,0
301159,2
301160,0
301161,0
301162,1
301163,0
301164,2
301165,0
301166,2
301167,1
301168,1
301169,1
301170,0
301171,0
301172,0
301173,0
301174,0
301175,1
301176,1
301177,0
301178,0
301179,1
301180,1
301181,1
301182,0
301183,1
301184,1
301185,1
301186,2
301187,0
301188,0
301189,2
301190,0
301191,1
301192,0
301193,2
301194,0
301195,0
301196,0
301197,0
301198,0
301199,1
301200,1
301201,2
301202,1
301203,0
301204,0
301205,0
301206,0
301207,0
301208,0
301209,0
301210,0
301211,1
301212,1
301213,0
301214,0
301215,1
301216,0
301217,0
301218,0
301219,0
301220,0
301221,0
301222,0
301223,2
301224,0
301225,0
301226,1
301227,0
301228,0
301229,1
301230,0
301231,0
301232,2
301233,1
301234,2
301235,1
301236,1
301237,1
301238,2
301239,1
301240,0
301241,1
301242,1
301243,0
301244,0
301245,0
301246,1
301247,1
301248,0
301249,2
301250,0
301251,0
301252,0
301253,1
301254,1
301255,0
301256,0
301257,2
301258,0
301259,1
301260,0
301261,0
301262,1
301263,2
301264,0
301265,0
301266,1
301267,0
301268,0
301269,2
301270,0
301271,0
301272,0
301273,1
301274,2
301275,2
301276,1
301277,1
301278,1
301279,0
301280,1
301281,1
301282,0
301283,0
301284,0
301285,1
301286,0
301287,0
301289,1
301290,0
301291,0
301292,1
301293,0
301294,0
301295,2
301296,0
301297,0
301298,1
301299,1
301300,1
301301,1
301302,0
301303,2
301304,1
301305,0
301306,1
301308,0
301309,2
301310,2
301311,1
301312,1
301313,1
301314,1
301315,0
301316,0
301317,1
301318,0
301319,2
301320,1
301321,1
301322,2
301323,0
301324,1
301325,0
301326,0
301327,2
301328,0
301329,0
301330,0
301331,0
301332,0
301333,0
301334,0
301335,0
301336,0
301337,1
301338,0
301339,0
301340,1
301341,1
301342,1
301343,0
301344,0
301345,1
301346,0
301347,0
301348,0
301350,2
301351,0
301352,0
301353,0
301354,0
301355,0
301356,0
301357,0
301358,1
301359,0
301360,0
301361,0
301362,0
301363,1
301364,0
301365,0
301366,0
301367,0
301368,1
301369,0
301370,0
301371,0
301372,1
301373,0
301374,1
301375,0
301376,0
301377,1
301378,0
301379,2
301380,0
301381,0
301382,0
301383,1
301385,0
301386,1
301387,0
301388,2
301389,2
301390,0
301391,0
301392,0
301393,0
301394,2
301395,1
301396,1
301397,0
301398,0
301399,0
301400,0
301402,0
301403,0
301404,1
301405,0
301406,1
301407,0
301408,0
301409,0
301410,2
301411,0
301412,0
301413,0
301414,0
301415,0
301416,0
301417,2
301418,1
301419,0
301420,0
301421,0
301422,1
301423,0
301424,1
301425,1
301426,0
301427,1
301428,0
301429,0
301430,0
301431,0
301432,0
301433,0
301434,0
301435,0
301436,0
301437,0
301438,1
301439,0
301440,0
301441,0
301442,2
301443,0
301444,0
301445,0
301446,0
301447,0
301448,1
301449,0
301450,1
301452,0
301453,0
301454,1
301455,0
301456,0
301457,0
301458,1
301459,2
301460,0
301461,0
301462,0
301463,0
301464,2
301465,1
301466,0
301467,0
301468,1
301469,0
301470,1
301471,1
301472,1
301473,1
301474,2
301475,0
301476,2
301477,1
301478,1
301479,0
301480,2
301481,0
301482,0
301483,1
301484,1
301485,0
301486,0
301487,0
301488,1
301489,0
301490,1
301491,0
301492,1
301493,1
301494,1
301495,1
301496,1
301497,2
301498,1
301499,0
301500,0
301501,0
301502,0
301503,0
301504,1
301505,2
301506,1
301507,0
301508,0
301509,2
301510,0
301513,0
301514,0
301515,1
301516,0
301517,0
301518,1
301519,0
301520,1
301521,1
301522,0
301523,1
301524,1
301525,1
301526,0
301527,0
301528,0
301529,1
301530,1
301531,1
301532,1
301533,0
301534,2
301535,1
301537,0
301538,0
301539,0
301540,0
301541,0
301542,0
301543,0
301544,0
301545,0
301546,1
301547,0
301548,1
301549,0
301550,0
301551,0
301552,0
301553,1
301554,1
301555,0
301556,0
301557,0
301558,1
301559,1
301560,1
301561,0
301562,0
301563,0
301564,1
301565,0
301566,0
301567,0
301568,2
301569,2
301570,0
301571,0
301572,1
301573,0
301574,1
301575,1
301576,0
301577,0
301578,0
301579,1
301580,0
301581,0
301582,0
301583,1
301584,0
301585,1
301586,0
301587,0
301588,0
301589,1
301590,0
301592,0
301593,0
301594,1
301595,1
301596,0
301597,0
301598,0
301599,0
301600,0
301601,1
301602,0
301603,1
301604,0
301605,0
301606,0
301607,1
301608,2
301609,2
301610,0
301611,0
301612,0
301613,0
301614,0
301615,0
301616,0
301617,1
301618,0
301619,0
301620,0
301621,1
301622,2
301623,0
301624,1
301625,0
301626,0
301627,2
301628,0
301629,0
301630,0
301631,0
301632,0
301633,0
301634,0
301635,0
301636,0
301637,0
301638,0
301639,2
301640,0
301641,2
301642,1
301643,0
301644,0
301645,0
301646,0
301647,0
301648,0
301649,1
301650,0
301651,2
301652,1
301653,0
301654,1
301655,1
301656,0
301657,0
301658,2
301659,0
301660,1
301661,1
301662,1
301663,1
301664,1
301665,0
301666,0
301667,0
301668,0
301669,1
301670,1
301671,1
301672,0
301673,0
301674,0
301675,1
301676,0
301677,0
301678,0
301679,0
301680,1
301681,0
301682,0
301683,1
301684,1
301685,0
301686,0
301687,2
301688,2
301689,1
301690,0
301691,0
301692,0
301693,0
301694,0
301696,0
301697,0
301698,1
301699,1
301700,0
301701,0
301702,0
301703,0
301704,1
301705,1
301706,0
301708,0
301709,0
301710,0
301711,0
301712,0
301713,0
301714,1
301716,0
301717,2
301718,1
301719,0
301720,0
301721,1
301722,0
301724,1
301725,2
301726,0
301727,0
301728,0
301729,0
301730,2
301731,2
301732,2
301734,0
301735,0
301736,1
301737,0
301738,0
301739,0
301740,1
301741,1
301742,1
301743,0
301744,1
301745,0
301746,0
301747,1
301748,0
301749,0
301750,0
301751,0
301753,0
301754,1
301755,1
301756,0
301757,0
301758,0
301759,0
301760,0
301761,0
301762,0
301763,1
301764,1
301765,1
301766,0
301767,0
301768,0
301769,1
301770,0
301771,1
301772,0
301773,0
301774,1
301775,0
301776,1
301777,0
301778,0
301779,0
301780,1
301781,0
301782,0
301783,0
301784,0
301785,0
301786,0
301787,1
301788,1
301789,0
301790,2
301791,1
301792,0
301793,0
301794,0
301795,0
301796,0
301797,0
301798,0
301799,0
301800,1
301801,0
301802,1
301803,0
301804,0
301805,1
301806,1
301807,1
301808,1
301809,1
301810,2
301811,1
301812,0
301813,0
301814,0
301815,1
301816,0
301817,0
301818,2
301819,1
301820,2
301821,0
301822,1
301823,1
301824,0
301825,0
301826,2
301827,1
301828,1
301829,1
301830,0
301831,2
301832,0
301833,0
301834,1
301835,0
301836,0
301837,1
301838,0
301839,0
301840,0
301841,0
301842,0
301843,1
301844,0
301845,0
301846,1
301847,0
301848,1
301849,1
301850,0
301851,0
301852,1
301853,0
301854,1
301855,0
301856,0
301857,0
301859,0
301860,1
301861,2
301862,0
301863,2
301864,0
301865,1
301866,0
301867,0
301868,0
301869,1
301870,0
301871,2
301872,0
301873,0
301874,0
301875,1
301876,1
301877,1
301878,2
301879,0
301880,0
301881,2
301882,0
301883,0
301884,0
301885,1
301886,1
301887,0
301888,0
301889,1
301890,1
301891,0
301892,1
301893,1
301894,0
301895,0
301896,0
301897,1
301898,0
301899,2
301900,1
301901,1
301902,0
301903,0
301904,0
301905,0
301906,0
301907,0
301908,0
301909,0
301910,0
301911,0
301912,2
301913,0
301914,1
301915,0
301916,0
301917,1
301918,1
301919,1
301920,1
301921,0
301922,0
301923,1
301924,0
301925,0
301926,1
301927,1
301928,0
301929,2
301930,0
301931,0
301932,2
301933,0
301934,0
301935,0
301936,0
301937,0
301938,0
301939,1
301940,2
301941,0
301942,1
301943,0
301944,0
301945,0
301946,0
301947,1
301948,0
301949,0
301950,0
301951,0
301952,1
301953,1
301955,0
301956,2
301957,2
301958,1
301959,0
301960,0
301961,0
301962,1
301963,0
301964,0
301965,0
301966,0
301967,0
301968,2
301969,1
301970,0
301971,1
301972,1
301973,0
301974,0
301975,0
301976,0
301977,1
301978,1
301979,0
301980,0
301981,0
301982,0
301983,0
301984,1
301985,1
301986,0
301987,1
301988,0
301989,0
301990,1
301991,0
301992,1
301993,1
301994,0
301995,1
301996,2
301997,0
301998,0
301999,2
302000,0
302001,0
302003,0
302004,1
302005,2
302006,2
302007,0
302008,1
302009,2
302010,1
302011,1
302012,0
302013,0
302014,1
302015,0
302016,0
302017,0
302018,1
302019,1
302020,2
302021,0
302022,0
302023,2
302024,1
302025,1
302026,0
302027,1
302028,0
302029,1
302030,0
302031,0
302032,0
302033,1
302034,0
302035,1
302036,0
302037,1
302038,0
302039,0
302040,1
302041,0
302042,0
302043,0
302044,1
302045,0
302046,0
302048,0
302049,0
302050,2
302051,0
302052,1
302053,1
302054,0
302055,2
302056,0
302057,0
302058,1
302059,0
302060,0
302061,0
302062,0
302063,0
302064,0
302065,0
302066,1
302067,0
302068,0
302069,0
302070,0
302071,0
302072,0
302073,0
302074,0
302075,1
302076,0
302077,0
302078,0
302079,0
302080,1
302081,0
302082,0
302083,1
302084,0
302085,1
302086,0
302087,0
302088,0
302089,1
302090,0
302091,1
302092,2
302093,1
302094,0
302095,0
302096,0
302097,0
302098,2
302099,0
302100,1
302101,0
302102,0
302103,0
302104,1
302105,1
302106,0
302107,1
302108,1
302109,1
302111,2
302112,0
302113,0
302114,1
302115,0
302116,0
302117,1
302118,0
302119,0
302120,0
302121,2
302122,0
302123,1
302124,1
302125,1
302126,1
302127,0
302128,0
302129,1
302130,1
302131,1
302132,1
302133,0
302134,2
302135,0
302136,0
302137,0
302138,0
302139,0
302140,1
302141,0
302142,0
302143,1
302144,2
302145,0
302146,0
302147,0
302148,0
302149,0
302150,1
302151,1
302152,2
302154,0
302155,1
302156,0
302157,2
302158,1
302159,1
302160,2
302161,0
302162,0
302163,1
302165,0
302166,1
302167,0
302168,0
302169,2
302170,2
302171,0
302172,1
302174,0
302175,0
302176,0
302177,1
302178,0
302179,0
302180,0
302181,0
302182,1
302183,0
302184,1
302185,0
302186,2
302187,1
302188,0
302189,0
302190,0
302191,1
302192,1
302193,0
302194,0
302195,0
302196,1
302197,1
302198,0
302199,0
302200,0
302201,0
302202,1
302203,1
302204,0
302205,1
302206,1
302207,2
302208,0
302209,1
302210,0
302211,0
302212,0
302213,0
302214,0
302215,0
302216,1
302217,1
302218,0
302219,0
302220,0
302221,2
302222,0
302223,1
302224,2
302225,0
302226,0
302227,0
302228,2
302229,0
302230,2
302231,1
302232,0
302233,1
302234,0
302235,0
302236,0
302237,0
302238,1
302239,0
302240,1
302241,0
302243,0
302244,1
302245,2
302246,0
302247,0
302248,0
302249,0
302250,1
302251,2
302252,0
302253,1
302254,1
302255,0
302256,0
302257,0
302258,1
302259,0
302261,0
302262,1
302263,0
302264,1
302265,0
302266,1
302267,0
302268,0
302269,1
302270,0
302271,1
302272,1
302273,1
302274,0
302275,0
302276,1
302277,2
302278,1
302279,1
302280,2
302281,0
302282,1
302283,1
302284,0
302285,0
302286,1
302287,0
302288,0
302289,0
302290,0
302291,0
302292,0
302293,0
302294,0
302295,1
302296,0
302297,0
302298,0
302299,1
302300,1
302301,0
302302,0
302303,0
302304,1
302305,2
302307,0
302309,1
302310,1
302311,0
302312,2
302313,0
302314,0
302315,0
302316,0
302317,0
302318,0
302319,0
302320,0
302321,2
302322,0
302323,1
302324,0
302325,1
302326,0
302327,2
302328,1
302329,0
302330,2
302331,0
302332,1
302333,0
302334,0
302335,0
302336,0
302337,0
302338,0
302339,0
302340,0
302341,0
302342,0
302343,0
302344,1
302345,0
302346,1
302347,0
302348,0
302349,1
302350,0
302351,0
302352,0
302353,1
302354,0
302355,0
302356,0
302357,0
302358,0
302359,1
302360,1
302361,0
302362,2
302363,2
302364,1
302365,2
302366,1
302367,0
302368,2
302369,0
302370,0
302371,1
302372,0
302373,1
302374,1
302375,0
302376,1
302377,1
302378,0
302379,2
302380,0
302381,0
302382,1
302383,1
302384,1
302385,1
302386,1
302387,0
302388,0
302389,0
302390,1
302391,0
302392,0
302393,1
302394,0
302395,0
302396,1
302397,1
302398,1
302399,0
302400,0
302401,0
302402,0
302403,0
302404,0
302405,1
302406,2
302407,1
302408,2
302409,1
302410,0
302411,0
302412,0
302413,1
302414,1
302415,0
302416,0
302417,0
302418,0
302420,0
302421,0
302423,0
302424,1
302425,1
302426,0
302427,1
302428,1
302429,1
302430,0
302431,0
302432,0
302433,1
302434,0
302435,1
302436,0
302437,0
302438,1
302439,1
302440,0
302441,0
302442,1
302443,0
302444,0
302445,0
302446,1
302447,0
302448,0
302449,1
302450,2
302451,1
302452,1
302453,1
302454,1
302455,0
302456,1
302458,0
302459,2
302460,0
302461,1
302462,2
302463,0
302464,0
302465,1
302466,0
302467,1
302468,1
302469,0
302470,0
302471,0
302472,1
302473,0
302474,0
302475,1
302476,0
302477,1
302478,0
302479,0
302480,1
302481,0
302482,0
302483,0
302484,1
302485,0
302486,0
302487,0
302488,0
302489,0
302490,0
302491,0
302492,2
302493,2
302494,0
302495,1
302496,1
302497,1
302498,1
302499,0
302500,2
302501,0
302502,0
302503,1
302504,0
302505,0
302506,1
302507,0
302508,0
302509,0
302510,1
302511,1
302512,1
302513,0
302514,0
302515,0
302516,0
302517,0
302518,1
302519,0
302520,0
302521,1
302522,0
302523,0
302524,0
302525,1
302526,0
302527,0
302528,0
302529,0
302530,0
302531,0
302532,0
302533,2
302534,0
302535,1
302536,0
302537,0
302538,2
302539,1
302540,0
302541,0
302542,0
302543,0
302544,1
302545,1
302546,1
302547,0
302548,1
302549,0
302550,1
302551,0
302552,0
302553,0
302554,1
302555,0
302556,0
302557,1
302558,0
302559,0
302560,1
302561,0
302562,1
302563,0
302564,1
302565,0
302566,1
302567,1
302568,1
302569,2
302570,0
302571,0
302572,0
302573,1
302574,1
302575,0
302576,2
302577,0
302578,0
302579,0
302580,1
302581,1
302582,0
302583,2
302584,1
302585,1
302586,0
302587,0
302588,0
302589,0
302590,2
302591,0
302592,1
302593,0
302594,2
302595,1
302596,0
302597,1
302598,2
302599,2
302600,2
302601,0
302602,2
302603,2
302604,0
302605,0
302606,0
302607,0
302608,0
302609,1
302610,1
302611,1
302612,1
302613,0
302614,1
302615,1
302616,1
302617,1
302618,0
302619,0
302620,0
302621,0
302622,0
302623,1
302624,0
302625,0
302626,0
302627,1
302628,0
302629,0
302630,1
302631,0
302632,0
302633,0
302634,0
302635,0
302636,0
302637,0
302638,1
302639,1
302640,0
302641,1
302642,1
302643,1
302644,0
302645,0
302646,0
302647,1
302648,1
302649,0
302650,1
302651,0
302652,1
302653,0
302654,1
302655,0
302656,0
302657,1
302658,1
302659,0
302660,1
302661,0
302662,1
302663,0
302664,0
302665,1
302666,1
302667,1
302669,0
302670,0
302671,0
302672,0
302673,0
302674,0
302675,2
302676,0
302677,1
302678,0
302679,0
302680,1
302681,1
302682,0
302683,2
302684,0
302685,1
302686,0
302687,1
302688,2
302689,1
302690,0
302691,0
302692,0
302693,1
302694,0
302695,1
302696,0
302697,0
302698,0
302699,2
302700,1
302701,0
302702,0
302703,0
302704,0
302705,0
302706,0
302707,2
302708,1
302709,0
302710,0
302711,0
302712,0
302713,2
302714,0
302715,0
302716,2
302717,1
302718,0
302719,2
302720,0
302722,1
302723,2
302724,0
302725,0
302726,2
302727,1
302728,0
302729,0
302730,0
302731,1
302732,0
302733,0
302734,0
302735,2
302736,0
302737,2
302738,0
302739,1
302740,2
302741,0
302742,1
302743,0
302744,1
302745,1
302746,1
302747,0
302748,0
302749,0
302750,1
302751,1
302752,0
302753,0
302754,0
302755,0
302756,0
302757,0
302758,0
302759,1
302760,0
302761,0
302762,0
302763,0
302764,1
302765,0
302766,0
302767,0
302768,0
302769,0
302770,0
302771,1
302772,0
302773,0
302774,1
302775,2
302776,0
302777,0
302778,0
302779,1
302780,0
302781,0
302782,1
302783,0
302784,0
302785,1
302786,1
302787,0
302788,1
302789,0
302790,0
302791,0
302792,0
302793,1
302794,0
302795,1
302796,0
302797,0
302798,1
302799,2
302800,0
302801,0
302802,0
302803,0
302804,1
302805,0
302806,0
302807,2
302808,2
302809,0
302810,0
302811,1
302812,0
302813,1
302814,1
302815,0
302816,0
302817,0
302818,0
302819,0
302820,1
302821,0
302822,1
302823,0
302824,2
302825,0
302826,1
302827,0
302828,0
302829,1
302830,0
302831,0
302832,0
302833,1
302834,0
302835,1
302836,1
302837,0
302838,2
302839,1
302840,0
302841,1
302842,2
302843,1
302844,1
302845,0
302846,0
302847,1
302848,0
302849,0
302850,0
302851,0
302852,0
302853,0
302854,0
302855,1
302856,0
302857,0
302858,0
302859,0
302860,1
302861,0
302862,1
302863,2
302864,0
302865,2
302867,0
302868,0
302869,0
302870,0
302871,0
302872,2
302873,1
302874,0
302875,0
302876,0
302877,0
302878,1
302879,0
302880,0
302881,0
302882,2
302883,1
302884,0
302885,1
302886,0
302887,0
302888,1
302889,0
302890,1
302891,1
302892,0
302893,0
302894,1
302895,0
302896,1
302897,0
302898,0
302899,0
302900,1
302901,1
302902,1
302903,0
302904,2
302905,0
302906,1
302907,1
302908,2
302909,1
302910,0
302911,0
302912,0
302913,2
302914,1
302915,0
302916,0
302917,1
302918,0
302919,1
302920,0
302921,2
302922,0
302923,0
302924,0
302925,0
302926,0
302927,1
302928,0
302929,1
302930,1
302931,1
302932,0
302933,0
302934,0
302935,0
302936,2
302937,0
302938,1
302939,1
302940,0
302941,1
302942,0
302943,0
302944,0
302945,1
302946,0
302947,0
302948,1
302949,0
302950,1
302951,0
302952,0
302953,2
302954,1
302955,2
302956,0
302957,2
302958,2
302959,0
302960,0
302961,1
302962,0
302963,2
302964,0
302965,0
302966,1
302967,1
302968,0
302969,1
302970,1
302971,0
302972,0
302973,1
302974,0
302975,2
302976,0
302977,1
302978,1
302979,0
302980,0
302981,0
302982,1
302983,0
302984,0
302985,0
302986,0
302987,1
302988,2
302989,1
302990,2
302991,0
302992,0
302993,0
302994,0
302995,1
302996,0
302997,1
302998,0
302999,0
303000,1
303001,0
303002,0
303003,2
303004,0
303005,1
303006,0
303007,0
303008,1
303009,0
303010,0
303011,0
303012,1
303013,1
303014,0
303015,1
303016,0
303017,1
303018,0
303019,0
303020,1
303021,2
303022,0
303023,0
303024,0
303025,0
303026,0
303027,0
303028,0
303029,1
303030,0
303031,0
303032,1
303033,0
303034,2
303035,1
303036,0
303037,0
303038,1
303040,1
303041,0
303042,2
303043,0
303044,1
303045,0
303046,0
303047,0
303048,2
303049,1
303050,2
303051,0
303052,0
303053,0
303054,2
303055,0
303056,0
303057,1
303058,1
303059,0
303060,0
303061,2
303062,1
303063,1
303064,0
303066,1
303067,0
303068,1
303069,1
303070,2
303071,0
303072,1
303073,0
303074,1
303075,0
303076,0
303077,1
303078,2
303079,0
303080,0
303081,0
303082,2
303083,0
303084,1
303085,0
303086,0
303087,0
303088,1
303090,0
303091,0
303092,1
303093,0
303094,1
303095,0
303096,1
303097,0
303098,0
303099,0
303100,2
303101,1
303103,0
303104,0
303105,0
303106,0
303107,0
303108,1
303109,0
303110,1
303111,1
303112,1
303113,0
303114,0
303115,1
303116,1
303117,1
303118,1
303119,0
303120,0
303121,0
303122,0
303123,0
303124,1
303125,0
303126,0
303127,0
303128,0
303129,0
303130,0
303131,0
303132,0
303133,0
303134,0
303135,0
303136,0
303137,1
303138,1
303139,0
303140,2
303141,1
303142,0
303143,0
303144,0
303145,1
303146,0
303147,0
303148,0
303149,0
303150,1
303151,0
303153,0
303154,1
303155,1
303156,1
303157,1
303158,2
303159,0
303161,1
303162,2
303163,1
303164,0
303165,0
303166,1
303167,0
303168,2
303169,0
303170,1
303171,1
303172,0
303173,1
303174,0
303175,0
303176,0
303177,1
303178,1
303179,0
303180,2
303181,0
303182,0
303183,1
303184,1
303185,1
303186,1
303187,1
303188,1
303189,0
303190,0
303191,1
303192,1
303193,0
303194,1
303195,0
303196,0
303197,0
303198,1
303199,0
303200,0
303201,0
303202,0
303203,0
303204,0
303205,1
303206,2
303207,0
303208,0
303209,0
303210,0
303211,1
303212,0
303213,0
303214,1
303215,0
303216,1
303217,0
303218,0
303219,1
303220,0
303221,1
303222,1
303223,0
303224,0
303225,0
303226,1
303227,1
303228,0
303229,1
303230,0
303231,0
303232,0
303233,1
303234,1
303235,0
303236,0
303237,0
303238,0
303239,0
303240,0
303241,1
303242,0
303243,1
303244,1
303245,1
303246,1
303247,1
303248,0
303249,0
303250,1
303251,2
303252,0
303253,2
303254,0
303255,0
303256,0
303257,1
303258,0
303259,0
303260,0
303261,1
303262,0
303263,0
303264,0
303265,0
303266,0
303267,0
303268,0
303269,2
303270,1
303271,0
303272,0
303273,0
303274,1
303275,0
303276,0
303277,1
303278,0
303279,0
303280,0
303281,0
303282,1
303283,0
303284,0
303285,0
303286,0
303287,0
303288,0
303289,0
303290,0
303291,0
303292,0
303293,0
303294,1
303295,0
303296,0
303297,0
303298,0
303299,0
303300,0
303301,0
303302,0
303303,0
303304,1
303305,1
303306,1
303307,0
303308,0
303309,0
303310,1
303311,0
303312,1
303313,2
303314,1
303315,1
303316,0
303317,2
303318,0
303319,0
303320,1
303321,0
303322,0
303323,0
303324,0
303325,1
303326,0
303327,1
303328,1
303329,1
303330,1
303331,0
303332,1
303333,0
303334,0
303335,0
303336,0
303337,0
303338,0
303339,0
303340,2
303341,0
303342,0
303343,0
303344,0
303345,1
303346,0
303347,0
303348,0
303350,0
303351,0
303352,1
303353,0
303354,1
303355,0
303356,1
303357,0
303358,1
303359,0
303360,0
303361,0
303362,1
303363,0
303364,2
303365,0
303366,0
303367,0
303368,1
303369,1
303370,2
303372,0
303373,2
303374,0
303375,1
303376,1
303377,0
303378,1
303379,0
303380,0
303381,1
303382,0
303383,1
303384,0
303385,0
303386,0
303387,1
303388,0
303389,0
303390,0
303391,0
303392,1
303393,1
303394,0
303395,0
303396,2
303397,0
303398,1
303399,0
303400,0
303401,1
303402,0
303403,0
303404,0
303405,2
303406,2
303407,0
303408,0
303409,0
303410,0
303411,0
303412,1
303413,0
303414,0
303415,1
303416,0
303417,0
303418,1
303419,0
303420,2
303421,0
303422,0
303423,0
303424,0
303425,1
303426,1
303427,0
303428,0
303429,0
303430,1
303431,0
303432,0
303433,0
303434,0
303435,1
303436,1
303437,0
303438,0
303439,0
303440,0
303441,0
303442,0
303443,1
303444,1
303445,1
303446,1
303447,1
303448,0
303450,0
303451,1
303452,2
303453,0
303454,0
303455,0
303456,0
303457,1
303458,0
303459,0
303460,0
303461,1
303462,0
303463,0
303464,1
303465,0
303466,1
303467,0
303468,0
303469,0
303470,0
303471,1
303472,0
303473,1
303474,1
303475,2
303476,0
303477,1
303478,0
303479,1
303480,0
303481,0
303483,1
303484,1
303485,1
303486,1
303487,1
303488,0
303489,0
303490,0
303491,0
303492,1
303493,1
303495,0
303496,0
303497,0
303498,0
303499,0
303500,1
303501,1
303502,0
303503,0
303504,0
303505,0
303506,1
303507,0
303508,0
303509,0
303510,0
303511,0
303512,2
303513,0
303514,0
303515,0
303516,0
303517,0
303518,1
303519,0
303520,1
303521,1
303522,0
303523,0
303524,0
303525,1
303526,1
303527,0
303528,1
303529,0
303530,1
303531,0
303532,1
303533,0
303534,1
303535,0
303536,1
303537,1
303538,2
303539,1
303540,0
303541,0
303542,1
303543,2
303544,1
303545,0
303546,0
303547,1
303548,0
303549,1
303550,0
303551,0
303552,1
303553,0
303554,0
303555,0
303556,1
303557,0
303558,0
303559,1
303560,0
303561,1
303562,0
303563,1
303564,0
303565,1
303566,0
303567,1
303568,1
303569,1
303570,0
303571,0
303572,1
303573,1
303574,1
303575,1
303576,0
303577,2
303578,0
303579,0
303580,1
303581,0
303582,0
303583,0
303584,0
303585,0
303586,0
303587,0
303588,1
303589,0
303590,0
303591,1
303592,0
303593,1
303594,0
303595,1
303596,0
303597,1
303598,1
303599,1
303600,0
303601,1
303602,0
303603,0
303604,0
303605,0
303606,2
303607,0
303608,2
303609,1
303610,0
303611,0
303612,1
303613,0
303614,1
303615,0
303616,0
303617,0
303618,0
303619,0
303620,0
303622,1
303623,0
303624,1
303625,2
303626,1
303627,0
303628,1
303629,1
303630,2
303631,0
303632,0
303633,1
303634,0
303635,0
303636,0
303637,1
303638,0
303639,1
303640,0
303641,0
303642,0
303643,1
303644,1
303645,0
303646,0
303647,1
303648,0
303649,0
303650,0
303651,0
303652,0
303653,0
303654,0
303655,1
303656,0
303657,0
303658,1
303659,1
303660,1
303662,1
303663,0
303664,0
303665,2
303666,0
303667,1
303668,1
303669,0
303670,0
303671,0
303672,2
303673,0
303674,0
303675,1
303676,0
303677,0
303678,0
303679,1
303680,2
303681,0
303682,0
303683,0
303684,1
303685,0
303686,1
303687,0
303688,1
303689,0
303690,0
303691,1
303692,1
303693,0
303694,0
303695,1
303696,0
303697,1
303698,0
303699,1
303700,1
303701,2
303702,0
303703,0
303704,1
303705,1
303706,0
303707,0
303708,0
303709,1
303710,0
303711,2
303712,0
303713,0
303714,0
303715,1
303716,0
303717,1
303718,0
303719,2
303720,0
303721,0
303722,2
303723,0
303724,0
303725,0
303726,1
303727,0
303728,1
303729,1
303730,2
303731,0
303732,1
303733,0
303734,0
303735,0
303736,1
303737,2
303738,0
303739,2
303740,0
303741,0
303742,0
303743,0
303744,2
303745,0
303746,1
303747,1
303748,1
303749,0
303750,1
303751,0
303752,1
303753,0
303754,1
303755,0
303756,0
303757,2
303758,0
303759,0
303760,0
303761,1
303762,0
303763,1
303764,0
303765,0
303766,0
303767,1
303768,0
303769,1
303770,0
303771,1
303772,1
303773,0
303774,0
303775,0
303776,2
303777,0
303778,0
303779,1
303780,0
303781,0
303782,0
303783,0
303784,1
303785,1
303786,1
303787,0
303788,2
303789,0
303790,0
303791,2
303792,1
303793,0
303794,1
303795,0
303796,0
303797,0
303798,0
303799,0
303800,0
303801,0
303802,0
303803,1
303804,0
303805,1
303806,0
303807,0
303808,1
303809,0
303810,1
303811,0
303812,1
303813,1
303814,1
303815,1
303816,0
303817,2
303818,0
303819,0
303820,0
303821,0
303822,0
303823,0
303824,0
303825,0
303826,2
303827,2
303828,1
303829,0
303830,1
303831,0
303832,1
303833,2
303834,0
303835,0
303836,0
303837,1
303838,0
303839,0
303840,0
303841,1
303842,1
303843,0
303844,2
303845,0
303846,2
303847,1
303848,1
303849,0
303850,0
303851,1
303852,0
303853,0
303854,0
303855,0
303856,1
303857,2
303858,2
303859,0
303860,0
303861,0
303862,0
303863,1
303864,0
303865,2
303866,1
303867,0
303868,0
303869,0
303870,0
303871,0
303872,0
303873,2
303874,0
303875,1
303876,0
303877,0
303878,2
303879,0
303880,1
303881,1
303882,0
303883,0
303884,0
303885,0
303886,0
303887,0
303888,0
303889,0
303890,0
303891,1
303892,2
303893,0
303894,0
303895,0
303896,2
303897,0
303898,0
303899,1
303900,2
303901,1
303902,1
303903,1
303904,0
303905,1
303906,1
303907,0
303908,0
303909,2
303910,0
303911,1
303912,0
303913,0
303914,0
303915,2
303916,1
303917,0
303918,0
303919,1
303920,0
303921,1
303922,0
303923,0
303924,1
303925,0
303926,1
303927,2
303928,0
303929,0
303930,1
303931,0
303932,0
303933,0
303934,0
303935,2
303936,0
303937,1
303938,1
303939,0
303940,0
303941,0
303942,1
303943,0
303945,1
303946,0
303947,0
303948,1
303949,1
303950,1
303951,0
303952,1
303953,1
303954,1
303955,0
303956,0
303957,1
303958,1
303959,1
303960,1
303961,1
303962,0
303963,0
303964,1
303965,0
303966,0
303967,2
303968,1
303969,0
303970,1
303971,0
303972,0
303973,1
303974,2
303975,0
303976,1
303977,2
303978,0
303979,0
303980,0
303981,0
303982,0
303983,0
303984,1
303985,0
303986,1
303987,0
303988,0
303989,1
303990,0
303991,1
303992,0
303993,1
303994,1
303995,0
303996,1
303997,0
303998,1
304000,0
304001,0
304002,2
304003,1
304004,0
304006,0
304007,0
304008,1
304009,0
304010,0
304011,0
304012,0
304013,1
304014,0
304015,0
304016,0
304017,1
304018,0
304019,0
304020,0
304021,1
304022,1
304023,0
304024,1
304025,2
304026,0
304027,0
304028,0
304029,0
304030,1
304031,0
304032,0
304033,0
304034,0
304035,0
304036,0
304037,2
304038,0
304039,0
304040,0
304041,0
304042,0
304043,0
304044,0
304045,0
304046,1
304047,0
304048,0
304049,0
304050,1
304051,1
304052,0
304053,0
304054,1
304055,0
304056,0
304057,0
304058,2
304059,1
304060,2
304061,0
304062,1
304063,0
304064,0
304065,0
304066,0
304067,1
304068,0
304070,1
304071,0
304072,1
304073,0
304074,0
304075,0
304076,1
304077,1
304079,0
304080,0
304081,2
304082,0
304083,0
304084,2
304085,0
304087,1
304088,1
304089,0
304090,1
304091,0
304092,0
304093,1
304095,0
304096,0
304097,0
304098,1
304099,1
304100,0
304101,0
304102,1
304103,0
304104,1
304105,0
304106,0
304107,2
304108,1
304109,0
304110,1
304111,2
304112,0
304113,0
304114,1
304115,1
304117,0
304118,0
304119,0
304120,1
304121,2
304122,0
304123,1
304125,1
304126,1
304127,0
304128,1
304129,0
304130,2
304131,0
304132,0
304133,0
304134,0
304135,0
304136,0
304137,0
304138,2
304139,1
304140,0
304141,0
304142,1
304143,1
304144,0
304145,0
304146,0
304147,1
304148,0
304149,1
304150,0
304151,0
304152,1
304153,1
304154,0
304155,0
304156,1
304157,2
304158,0
304159,0
304160,1
304161,0
304162,2
304163,0
304164,0
304165,0
304166,0
304167,2
304168,1
304169,0
304170,0
304171,0
304172,0
304173,2
304174,0
304175,0
304176,0
304177,1
304178,0
304179,0
304180,1
304181,1
304182,0
304183,0
304184,0
304185,0
304186,0
304187,0
304188,0
304189,0
304190,1
304191,0
304192,1
304193,2
304194,0
304195,0
304196,1
304197,1
304198,1
304199,0
304200,1
304201,0
304202,0
304203,0
304204,1
304205,0
304206,0
304207,1
304208,1
304209,1
304210,0
304211,0
304212,1
304213,0
304214,1
304215,1
304216,2
304217,1
304218,0
304219,2
304220,0
304221,1
304222,0
304223,1
304224,0
304225,2
304226,2
304227,0
304228,0
304229,2
304230,1
304231,0
304232,0
304233,0
304234,1
304235,1
304236,0
304237,1
304238,1
304239,2
304240,1
304241,0
304242,1
304243,0
304244,2
304245,0
304246,1
304247,0
304248,1
304249,2
304250,0
304251,0
304252,2
304253,1
304254,0
304255,1
304256,0
304257,1
304258,2
304259,1
304260,0
304261,2
304262,0
304263,0
304264,0
304265,1
304266,2
304267,1
304268,0
304269,0
304270,1
304271,1
304272,1
304273,1
304274,0
304275,0
304276,1
304277,0
304278,0
304279,1
304280,1
304281,0
304282,0
304283,2
304284,1
304285,1
304286,1
304287,1
304288,0
304289,0
304290,0
304291,0
304292,0
304293,1
304294,1
304295,1
304296,0
304297,1
304298,1
304299,0
304300,1
304302,1
304303,1
304304,0
304305,2
304306,1
304307,0
304308,1
304309,0
304310,1
304311,0
304312,0
304313,2
304314,0
304315,0
304316,1
304317,0
304318,2
304319,0
304320,2
304321,0
304322,1
304323,1
304324,0
304325,0
304326,1
304327,2
304328,1
304329,1
304330,1
304331,0
304332,0
304333,0
304334,0
304335,1
304336,2
304337,1
304338,1
304339,0
304340,2
304342,0
304343,0
304344,2
304345,1
304346,0
304347,0
304348,2
304349,2
304350,0
304351,0
304352,1
304353,0
304354,1
304355,1
304356,1
304357,1
304358,1
304359,1
304360,1
304361,2
304362,1
304363,1
304364,2
304365,0
304366,0
304367,0
304368,0
304369,1
304370,0
304371,0
304372,0
304373,2
304374,1
304375,0
304376,1
304377,1
304378,0
304379,0
304380,1
304381,0
304382,0
304383,2
304384,1
304385,1
304386,0
304387,1
304388,1
304389,0
304390,0
304391,0
304392,0
304393,0
304394,1
304395,0
304396,0
304397,1
304398,0
304399,0
304400,1
304401,0
304402,0
304403,0
304404,0
304405,0
304406,1
304407,0
304408,1
304409,0
304410,1
304411,0
304412,0
304413,0
304414,0
304415,0
304416,1
304417,1
304418,1
304419,0
304420,1
304421,1
304422,1
304423,1
304424,1
304425,0
304426,0
304427,1
304428,0
304429,0
304430,2
304431,1
304432,1
304433,1
304434,2
304436,0
304437,0
304438,0
304439,2
304440,0
304441,0
304442,1
304443,0
304444,0
304445,0
304446,0
304447,0
304448,0
304449,1
304450,0
304451,1
304452,0
304453,0
304454,1
304455,0
304456,0
304457,2
304458,1
304459,0
304460,0
304461,0
304462,0
304463,0
304464,0
304465,0
304466,1
304467,0
304468,1
304469,0
304470,0
304471,1
304472,0
304473,1
304474,1
304475,1
304476,1
304477,0
304478,0
304479,0
304480,0
304481,0
304482,0
304483,1
304484,0
304485,0
304486,0
304487,0
304488,0
304489,1
304490,0
304491,1
304492,0
304493,0
304494,0
304495,1
304496,0
304497,0
304498,0
304499,0
304500,2
304501,1
304502,0
304503,0
304504,2
304505,1
304506,0
304507,0
304508,1
304509,1
304510,0
304511,0
304512,1
304513,0
304514,1
304515,1
304516,0
304517,1
304518,2
304519,0
304520,1
304521,2
304522,0
304523,0
304524,2
304525,0
304526,0
304527,0
304528,0
304529,0
304530,0
304531,0
304532,1
304533,0
304534,2
304535,1
304536,0
304537,2
304538,1
304539,0
304540,1
304541,0
304542,0
304543,2
304544,2
304545,0
304546,0
304547,0
304548,2
304549,1
304550,1
304551,1
304552,0
304553,0
304554,0
304555,0
304556,0
304557,0
304558,1
304559,0
304560,0
304561,1
304562,1
304563,0
304564,0
304565,0
304566,1
304567,1
304568,0
304569,2
304570,1
304571,0
304572,1
304573,0
304574,0
304575,0
304576,0
304577,0
304578,2
304579,0
304580,0
304581,1
304582,2
304583,0
304584,0
304585,1
304586,1
304587,0
304588,1
304589,0
304590,2
304591,0
304592,0
304593,0
304594,0
304595,0
304596,0
304597,0
304598,1
304599,1
304601,0
304602,1
304603,0
304604,1
304605,0
304606,0
304607,1
304608,0
304609,0
304610,0
304611,2
304612,0
304613,0
304614,0
304615,0
304616,0
304617,0
304618,0
304619,2
304620,0
304621,0
304622,1
304623,0
304624,1
304625,1
304626,1
304627,0
304628,1
304629,1
304630,0
304631,0
304632,0
304633,0
304634,0
304635,0
304636,0
304637,0
304638,0
304639,0
304640,0
304641,1
304642,0
304643,1
304644,1
304645,0
304646,1
304647,0
304648,1
304649,0
304650,1
304651,1
304652,2
304654,0
304655,1
304656,0
304657,0
304658,0
304659,1
304660,0
304661,0
304662,1
304663,1
304664,1
304665,2
304666,0
304667,1
304668,1
304669,0
304670,2
304671,0
304672,0
304673,0
304674,1
304675,0
304676,0
304677,1
304678,0
304679,0
304680,1
304681,1
304682,0
304683,1
304684,0
304685,2
304686,1
304687,1
304688,0
304689,0
304690,0
304691,0
304692,0
304693,1
304694,2
304695,0
304696,2
304698,0
304699,0
304700,0
304701,0
304702,0
304703,1
304704,0
304705,0
304706,1
304707,1
304708,0
304709,0
304710,0
304711,1
304712,0
304713,1
304714,1
304715,1
304716,0
304717,0
304718,0
304719,0
304720,1
304721,0
304722,0
304723,0
304724,2
304725,0
304726,0
304727,0
304728,1
304729,0
304730,0
304731,0
304732,0
304733,0
304734,1
304735,0
304736,1
304737,0
304738,1
304739,1
304740,0
304741,0
304742,0
304743,1
304744,1
304745,1
304746,0
304747,0
304748,0
304749,0
304750,0
304751,1
304752,1
304753,0
304754,0
304755,2
304756,2
304757,1
304758,0
304759,2
304760,0
304761,1
304762,0
304763,1
304764,2
304765,1
304766,0
304767,0
304768,0
304769,0
304770,0
304771,1
304772,1
304773,1
304774,1
304775,2
304776,0
304777,0
304778,1
304779,0
304780,0
304781,0
304782,0
304783,0
304784,0
304785,0
304786,1
304787,2
304788,1
304789,2
304790,0
304791,0
304792,0
304793,1
304794,1
304795,0
304796,1
304797,0
304798,1
304799,0
304800,1
304801,0
304802,1
304803,1
304804,2
304805,1
304806,0
304807,0
304808,0
304809,1
304810,1
304811,1
304813,0
304814,1
304815,0
304816,0
304817,1
304818,1
304819,0
304820,1
304821,0
304822,1
304823,1
304824,0
304825,0
304826,1
304827,2
304828,1
304829,0
304830,1
304831,1
304832,0
304833,1
304834,1
304835,1
304836,0
304837,2
304838,0
304839,0
304840,0
304841,2
304842,0
304843,1
304844,1
304845,0
304846,0
304847,1
304848,0
304849,0
304850,1
304851,0
304852,0
304853,0
304854,0
304855,0
304856,2
304857,0
304859,0
304860,0
304861,0
304862,1
304863,0
304864,0
304865,0
304866,0
304867,2
304868,1
304869,0
304870,1
304871,0
304872,2
304873,0
304874,0
304875,0
304876,0
304877,0
304878,1
304879,1
304880,1
304881,1
304882,1
304883,1
304884,1
304885,1
304886,0
304887,0
304888,1
304889,0
304890,1
304891,0
304892,1
304893,1
304894,1
304895,0
304896,0
304897,1
304898,1
304899,0
304900,2
304901,0
304902,0
304903,0
304904,1
304905,1
304906,0
304907,0
304908,1
304909,0
304910,2
304911,0
304912,0
304913,0
304914,1
304915,1
304916,1
304917,0
304918,0
304919,0
304920,0
304921,0
304922,2
304923,0
304924,1
304925,2
304926,1
304927,0
304928,0
304929,0
304930,1
304931,0
304932,1
304933,0
304934,1
304935,1
304936,0
304937,0
304938,0
304939,0
304940,1
304941,1
304942,0
304943,0
304944,0
304945,0
304946,0
304947,0
304948,1
304949,0
304950,0
304951,0
304952,1
304953,2
304954,0
304955,0
304956,0
304957,1
304958,0
304959,0
304960,1
304961,0
304962,1
304963,0
304964,0
304965,2
304966,1
304967,1
304968,0
304969,0
304970,0
304971,1
304972,1
304973,1
304974,1
304975,2
304976,2
304977,0
304978,0
304979,0
304980,1
304981,0
304982,2
304983,0
304984,0
304985,0
304986,1
304987,0
304988,0
304989,1
304990,1
304991,0
304992,0
304993,0
304994,0
304995,0
304996,1
304997,0
304998,0
304999,0
305000,0
305001,0
305002,0
305003,1
305004,0
305005,0
305006,0
305007,2
305008,0
305009,0
305010,2
305011,1
305012,1
305013,1
305014,1
305015,1
305016,1
305017,0
305018,0
305019,0
305020,0
305021,1
305022,0
305023,2
305024,0
305025,0
305026,0
305027,1
305028,1
305029,1
305030,0
305031,1
305032,0
305033,1
305034,2
305035,0
305036,1
305037,0
305038,0
305039,1
305040,1
305041,0
305042,1
305043,1
305044,0
305045,0
305046,0
305047,1
305048,0
305049,1
305050,0
305051,2
305052,0
305053,0
305054,0
305055,1
305056,1
305057,2
305058,0
305059,1
305060,0
305061,0
305062,0
305063,0
305064,1
305065,0
305066,0
305068,1
305069,1
305070,0
305071,0
305072,1
305073,0
305074,1
305075,0
305076,0
305077,1
305078,0
305079,0
305080,0
305081,0
305082,0
305083,1
305084,2
305085,1
305086,0
305087,2
305088,0
305089,1
305090,0
305091,2
305092,0
305093,1
305094,1
305095,0
305096,0
305097,0
305098,1
305099,0
305100,0
305101,0
305102,2
305103,1
305104,0
305105,0
305106,0
305107,1
305108,1
305109,0
305110,2
305111,0
305112,0
305113,0
305114,0
305115,1
305116,0
305117,0
305118,0
305119,0
305120,1
305121,0
305122,1
305123,2
305124,1
305125,0
305126,1
305127,0
305128,1
305129,1
305130,0
305131,1
305132,1
305133,0
305134,0
305135,1
305136,0
305137,0
305138,1
305139,1
305140,0
305141,0
305142,1
305143,0
305144,0
305145,2
305146,0
305147,1
305148,0
305149,0
305150,0
305151,1
305152,0
305153,0
305154,1
305155,0
305156,0
305157,2
305158,1
305159,0
305160,0
305161,1
305162,2
305163,0
305164,0
305165,0
305166,0
305167,1
305169,1
305170,0
305171,0
305172,1
305173,0
305174,1
305175,0
305176,2
305177,0
305178,0
305179,0
305180,0
305181,1
305182,0
305183,0
305184,0
305185,0
305186,1
305187,0
305188,0
305189,0
305190,1
305191,0
305192,1
305193,0
305194,0
305195,0
305196,0
305197,0
305198,0
305199,0
305200,2
305201,0
305202,1
305203,0
305204,1
305205,0
305206,2
305207,0
305208,0
305209,0
305210,0
305211,0
305212,2
305213,1
305214,0
305215,1
305216,0
305217,1
305218,1
305219,1
305220,0
305221,1
305222,0
305223,1
305224,1
305225,0
305226,0
305227,0
305228,1
305229,0
305230,0
305231,1
305232,0
305233,0
305234,0
305235,1
305236,2
305237,0
305238,0
305239,1
305240,1
305241,1
305242,1
305243,1
305244,0
305245,2
305247,2
305248,0
305249,1
305250,0
305251,0
305252,0
305253,0
305254,1
305255,0
305256,2
305257,0
305258,0
305259,1
305260,0
305261,0
305262,1
305263,0
305264,1
305265,0
305266,1
305267,2
305268,0
305269,0
305270,1
305271,1
305272,1
305273,0
305274,0
305275,0
305276,0
305277,1
305278,1
305279,1
305280,0
305281,0
305282,1
305283,0
305284,0
305285,1
305286,0
305287,2
305288,0
305289,0
305290,1
305291,0
305292,0
305293,0
305294,1
305295,0
305296,1
305297,0
305298,0
305299,0
305300,1
305301,0
305302,1
305303,0
305304,1
305305,0
305306,0
305307,1
305308,0
305309,2
305310,0
305311,1
305312,0
305313,1
305314,1
305315,1
305317,1
305318,0
305319,1
305320,1
305321,0
305322,0
305323,0
305324,0
305325,0
305326,1
305327,1
305328,0
305329,0
305330,0
305331,1
305332,0
305333,0
305334,0
305335,0
305336,0
305337,0
305338,0
305339,1
305340,2
305341,1
305342,0
305343,1
305344,0
305345,0
305346,0
305347,1
305348,0
305349,0
305350,0
305351,0
305352,1
305353,0
305354,0
305355,0
305356,0
305357,2
305358,0
305359,0
305360,0
305361,0
305362,0
305363,0
305364,0
305365,0
305366,1
305367,1
305369,0
305370,2
305371,0
305372,0
305373,0
305374,0
305375,0
305376,1
305377,0
305378,1
305379,0
305380,0
305381,0
305382,0
305383,2
305384,0
305385,0
305386,1
305387,1
305389,1
305390,0
305391,0
305392,0
305393,0
305394,0
305395,1
305396,2
305397,1
305398,0
305399,0
305400,0
305401,1
305402,1
305403,1
305404,1
305405,0
305406,1
305407,0
305408,0
305409,2
305410,0
305411,1
305412,1
305413,2
305414,0
305415,2
305416,1
305417,0
305418,0
305419,1
305420,0
305421,0
305422,1
305423,1
305424,1
305425,0
305426,2
305427,0
305428,0
305429,1
305430,0
305431,1
305432,0
305433,0
305434,0
305435,0
305436,0
305437,0
305438,1
305439,0
305440,0
305441,1
305442,0
305443,1
305444,1
305445,1
305446,0
305447,1
305448,0
305449,0
305450,1
305451,1
305452,2
305453,0
305454,0
305455,0
305456,2
305457,0
305458,0
305459,0
305460,1
305461,1
305462,0
305463,1
305464,0
305465,0
305466,0
305467,1
305468,0
305469,0
305470,0
305471,1
305472,1
305473,0
305474,2
305475,0
305476,0
305477,1
305478,0
305479,1
305480,1
305481,0
305482,1
305483,0
305484,0
305485,0
305486,0
305487,1
305488,0
305489,0
305490,1
305491,0
305492,0
305493,1
305494,0
305495,0
305496,0
305497,2
305498,0
305499,0
305500,1
305501,0
305502,2
305503,0
305504,0
305505,0
305506,2
305507,1
305508,1
305509,0
305510,0
305511,2
305512,1
305513,0
305514,0
305515,1
305516,2
305517,2
305518,0
305519,0
305520,1
305521,0
305522,1
305523,2
305524,0
305525,1
305526,1
305527,1
305528,0
305529,0
305530,1
305531,0
305532,0
305533,1
305534,0
305535,0
305536,0
305537,0
305538,1
305539,0
305540,0
305541,1
305542,1
305543,1
305544,0
305545,0
305546,0
305547,1
305548,0
305549,0
305550,2
305551,1
305552,0
305553,0
305554,1
305555,0
305556,0
305557,1
305558,1
305559,1
305560,1
305561,0
305562,0
305563,1
305564,0
305565,1
305566,0
305567,2
305568,1
305569,0
305570,0
305571,1
305572,0
305573,1
305574,1
305575,1
305576,0
305577,1
305579,1
305580,1
305581,2
305582,0
305583,1
305584,1
305585,0
305586,1
305587,0
305588,0
305589,0
305590,0
305591,0
305592,2
305593,0
305594,0
305595,0
305596,1
305597,1
305598,1
305599,2
305600,0
305601,1
305602,1
305603,1
305604,0
305605,0
305606,0
305608,0
305609,2
305610,1
305611,1
305612,1
305613,2
305614,0
305615,0
305616,1
305617,1
305618,0
305619,0
305620,0
305621,1
305622,1
305623,0
305624,0
305625,1
305626,1
305627,0
305628,0
305629,0
305630,2
305631,1
305632,1
305633,0
305634,0
305635,1
305636,0
305637,0
305638,0
305639,2
305640,0
305641,0
305642,0
305643,0
305644,1
305645,0
305646,1
305647,0
305649,1
305651,1
305652,0
305653,0
305654,0
305655,0
305656,1
305658,1
305659,1
305660,0
305661,0
305662,1
305663,0
305664,0
305665,1
305666,0
305667,0
305668,1
305669,0
305670,0
305671,1
305672,0
305673,1
305674,0
305675,1
305676,0
305677,0
305678,1
305679,0
305680,0
305681,1
305682,1
305683,1
305684,2
305685,0
305686,0
305687,1
305688,0
305689,0
305690,0
305691,0
305692,0
305693,1
305694,0
305695,0
305696,0
305697,1
305698,0
305699,0
305700,0
305701,0
305702,1
305703,2
305704,1
305705,0
305706,0
305707,2
305708,0
305709,1
305710,1
305711,0
305712,0
305713,0
305714,1
305715,0
305716,1
305717,2
305718,1
305719,0
305720,0
305721,0
305722,0
305723,0
305724,0
305725,2
305726,2
305727,0
305728,2
305729,0
305730,2
305731,2
305732,1
305733,0
305734,1
305735,1
305736,0
305738,1
305739,1
305740,0
305741,2
305742,2
305743,0
305744,0
305745,1
305746,0
305747,0
305748,0
305749,0
305750,0
305751,1
305752,0
305753,0
305755,0
305756,0
305757,1
305758,0
305759,0
305760,2
305761,1
305762,1
305763,0
305764,1
305765,0
305766,0
305767,1
305768,0
305769,1
305770,1
305771,1
305772,1
305773,0
305774,2
305775,0
305776,0
305777,0
305778,1
305779,0
305780,0
305781,0
305782,2
305783,1
305784,0
305785,0
305786,0
305787,1
305788,0
305789,1
305790,1
305791,0
305792,0
305793,0
305794,1
305795,0
305796,1
305797,0
305798,2
305799,1
305800,1
305801,2
305802,0
305803,0
305804,0
305805,0
305806,1
305807,0
305808,1
305809,0
305810,1
305811,0
305812,1
305813,0
305814,0
305815,0
305816,0
305817,2
305818,0
305819,0
305820,1
305821,0
305822,0
305823,1
305824,1
305825,2
305826,1
305827,1
305828,1
305829,0
305831,0
305832,0
305833,1
305834,0
305835,1
305836,0
305837,0
305838,0
305839,2
305840,0
305841,0
305842,0
305843,1
305844,1
305845,2
305846,1
305847,0
305848,0
305849,0
305850,1
305851,1
305852,0
305853,0
305854,0
305855,1
305856,2
305857,0
305858,1
305859,0
305860,0
305861,1
305862,1
305863,1
305864,2
305865,0
305866,1
305867,0
305869,0
305870,0
305872,0
305873,1
305874,0
305875,0
305877,0
305878,2
305879,0
305880,0
305881,0
305882,1
305883,0
305884,0
305885,2
305886,0
305887,0
305888,1
305889,1
305890,1
305891,0
305892,0
305893,1
305894,0
305895,1
305896,0
305897,0
305898,0
305899,0
305900,0
305901,1
305902,1
305903,0
305904,0
305905,0
305906,1
305907,1
305908,2
305909,2
305910,2
305911,0
305912,0
305913,1
305914,1
305915,1
305916,1
305917,1
305918,0
305919,1
305920,0
305921,0
305922,0
305923,0
305924,0
305925,0
305926,0
305927,0
305928,0
305929,1
305930,1
305931,1
305932,0
305933,1
305935,0
305936,0
305937,0
305938,1
305939,1
305940,2
305941,0
305942,1
305943,0
305944,0
305945,0
305946,0
305947,0
305948,2
305949,0
305950,0
305951,1
305952,0
305953,0
305954,0
305955,0
305956,1
305957,0
305958,0
305959,2
305960,0
305961,0
305962,0
305963,1
305964,0
305965,0
305966,1
305967,1
305968,0
305969,1
305970,2
305971,0
305972,0
305973,1
305974,0
305975,0
305976,1
305977,0
305978,2
305979,0
305980,2
305981,1
305982,0
305983,1
305984,1
305985,0
305986,1
305987,0
305988,0
305989,0
305990,0
305991,0
305992,2
305993,0
305994,0
305995,0
305996,2
305997,1
305998,1
305999,0
306000,1
306001,2
306002,1
306003,0
306004,1
306005,0
306006,0
306007,0
306008,0
306009,0
306010,2
306011,0
306012,0
306013,0
306014,0
306015,1
306016,1
306017,1
306018,1
306019,0
306020,0
306021,0
306022,0
306023,1
306025,0
306026,2
306027,0
306028,0
306029,2
306030,1
306031,0
306032,1
306033,0
306034,0
306035,1
306036,0
306037,1
306038,1
306039,0
306040,1
306041,2
306042,1
306043,0
306044,1
306045,0
306046,0
306047,0
306048,0
306050,1
306051,0
306052,0
306053,1
306054,2
306055,0
306056,0
306057,0
306058,1
306059,1
306060,0
306061,0
306062,0
306063,1
306064,0
306065,0
306066,1
306067,0
306068,1
306069,0
306070,0
306071,1
306072,0
306073,0
306074,1
306075,1
306076,0
306077,1
306078,1
306079,2
306080,1
306081,0
306082,1
306083,1
306084,2
306085,0
306086,0
306087,2
306088,0
306089,0
306090,0
306091,2
306092,0
306093,0
306094,0
306095,1
306096,1
306097,0
306098,0
306099,2
306100,1
306101,0
306102,0
306103,0
306104,0
306105,0
306106,0
306107,0
306108,0
306109,0
306110,1
306111,1
306112,2
306113,2
306114,0
306115,1
306116,0
306117,1
306118,0
306119,0
306120,0
306121,1
306122,0
306123,0
306124,1
306125,1
306126,1
306127,0
306128,1
306129,0
306130,0
306131,0
306132,0
306133,0
306134,1
306135,1
306136,2
306137,0
306139,0
306140,0
306141,0
306142,1
306143,1
306144,1
306145,0
306146,1
306147,0
306148,2
306149,1
306150,1
306151,0
306152,0
306153,1
306154,0
306155,0
306156,0
306157,0
306158,0
306159,0
306160,0
306161,1
306162,0
306163,1
306164,0
306165,2
306166,0
306167,0
306168,1
306169,0
306170,0
306171,0
306172,1
306173,0
306174,0
306175,1
306176,1
306177,1
306178,1
306179,2
306180,0
306181,0
306182,0
306183,0
306184,0
306185,2
306186,0
306187,0
306188,0
306189,0
306190,1
306191,1
306192,0
306193,1
306194,0
306195,1
306196,1
306197,1
306198,1
306199,0
306200,0
306201,0
306202,1
306203,1
306204,0
306205,0
306206,1
306207,1
306208,0
306209,0
306210,1
306211,1
306212,0
306213,1
306214,0
306215,1
306216,1
306217,0
306218,0
306219,1
306220,1
306221,0
306222,2
306223,1
306224,1
306225,0
306226,0
306227,0
306228,0
306229,1
306230,0
306231,0
306232,0
306233,1
306234,1
306235,1
306236,0
306237,0
306238,1
306239,1
306240,0
306241,0
306242,0
306243,1
306244,0
306245,0
306246,0
306247,0
306248,2
306249,1
306250,0
306251,0
306253,0
306254,1
306255,1
306256,1
306257,1
306258,0
306259,1
306260,1
306261,1
306262,1
306263,0
306264,1
306265,0
306266,0
306267,0
306268,1
306269,0
306270,1
306271,1
306272,1
306273,0
306274,1
306275,0
306276,0
306277,0
306278,1
306279,0
306280,1
306281,0
306282,0
306283,0
306284,0
306285,0
306286,2
306287,1
306288,0
306289,0
306290,0
306291,0
306292,0
306293,1
306294,1
306295,0
306296,1
306297,2
306298,0
306299,0
306300,0
306301,0
306302,1
306303,1
306304,1
306305,1
306306,1
306307,1
306308,1
306309,0
306310,2
306311,0
306312,0
306313,2
306314,1
306315,1
306316,1
306317,0
306318,1
306319,1
306320,0
306321,1
306322,1
306323,0
306324,2
306325,2
306326,0
306327,0
306328,0
306329,1
306330,0
306331,0
306332,0
306333,0
306334,0
306335,1
306336,1
306337,2
306338,0
306339,1
306340,1
306342,0
306343,0
306344,0
306345,0
306346,1
306347,0
306348,0
306349,0
306350,0
306351,0
306352,0
306353,0
306354,0
306355,0
306356,1
306357,0
306358,1
306359,0
306360,0
306361,0
306362,1
306363,0
306364,1
306365,0
306366,0
306367,1
306368,2
306369,0
306370,1
306371,1
306372,1
306373,0
306374,0
306375,2
306376,0
306377,2
306378,0
306379,1
306380,2
306381,0
306382,1
306383,1
306384,1
306385,0
306386,1
306387,0
306388,1
306389,0
306390,1
306391,0
306392,1
306393,1
306394,0
306395,0
306396,0
306397,0
306398,1
306399,0
306400,0
306401,0
306402,1
306403,2
306404,0
306405,0
306406,0
306407,1
306408,0
306409,0
306410,0
306411,1
306412,0
306414,0
306415,0
306416,1
306417,0
306418,0
306419,0
306420,0
306421,1
306422,0
306423,0
306424,0
306425,0
306426,1
306427,0
306428,0
306429,0
306430,0
306431,0
306432,0
306433,1
306434,0
306435,0
306436,0
306437,0
306438,0
306439,0
306440,0
306441,2
306442,1
306443,0
306444,1
306445,0
306446,0
306447,0
306448,1
306449,0
306450,1
306451,1
306452,0
306453,1
306454,0
306455,0
306456,0
306457,1
306458,0
306459,2
306460,1
306461,2
306462,0
306463,0
306464,0
306465,1
306466,0
306467,1
306468,1
306469,1
306470,0
306471,0
306472,1
306473,0
306474,1
306475,1
306476,0
306477,1
306478,1
306479,1
306480,1
306481,0
306482,0
306483,0
306484,1
306485,2
306486,1
306487,0
306488,1
306489,1
306490,0
306491,1
306493,1
306494,1
306495,0
306496,0
306497,1
306498,0
306499,0
306500,1
306501,0
306502,2
306503,0
306504,0
306505,0
306506,0
306507,0
306508,0
306509,0
306510,0
306511,1
306512,1
306513,1
306514,1
306515,0
306516,1
306517,1
306518,1
306519,0
306520,0
306521,0
306522,1
306523,2
306524,2
306525,1
306526,1
306527,1
306528,0
306529,0
306530,0
306531,1
306532,0
306533,1
306534,0
306535,0
306536,2
306537,1
306538,0
306539,0
306540,0
306541,0
306542,1
306543,0
306544,1
306545,1
306546,0
306547,1
306548,0
306549,0
306550,2
306551,0
306552,1
306553,2
306554,0
306555,0
306556,0
306557,1
306558,0
306559,0
306560,0
306561,1
306562,1
306563,0
306564,1
306565,0
306566,0
306567,2
306568,2
306569,1
306570,1
306571,0
306572,0
306573,1
306574,0
306575,0
306576,1
306577,0
306578,0
306579,0
306580,0
306581,1
306582,1
306583,1
306584,0
306585,2
306586,2
306587,0
306588,0
306589,0
306590,1
306591,1
306592,1
306593,2
306594,2
306595,1
306596,0
306597,0
306598,1
306599,2
306600,0
306601,0
306602,1
306603,0
306604,2
306605,0
306606,0
306607,0
306608,1
306609,0
306610,2
306611,0
306612,1
306613,1
306614,0
306615,1
306617,0
306618,0
306619,2
306620,0
306621,0
306622,0
306623,2
306624,1
306625,0
306626,0
306627,1
306628,0
306629,1
306630,1
306631,0
306632,0
306633,0
306634,0
306635,0
306636,0
306637,1
306638,0
306640,0
306641,1
306642,0
306643,0
306644,0
306645,0
306646,0
306647,0
306648,1
306649,0
306650,0
306651,0
306652,0
306653,0
306654,1
306655,0
306656,0
306657,0
306658,0
306659,2
306660,1
306661,1
306662,1
306663,0
306664,0
306665,0
306666,0
306667,0
306668,0
306669,0
306670,2
306671,0
306672,1
306673,0
306674,1
306675,0
306676,1
306677,1
306678,1
306680,0
306681,0
306682,0
306683,1
306684,0
306685,0
306686,0
306687,2
306688,0
306689,1
306690,0
306691,0
306692,0
306693,0
306694,2
306695,0
306696,0
306697,0
306698,0
306699,2
306700,0
306701,0
306702,0
306703,1
306704,0
306705,0
306706,0
306707,2
306708,0
306709,0
306710,2
306711,0
306712,1
306713,1
306714,0
306715,0
306716,0
306717,0
306718,2
306719,2
306720,2
306721,0
306722,1
306723,1
306724,0
306725,0
306726,2
306727,0
306728,1
306729,0
306730,0
306731,0
306732,0
306733,1
306734,0
306735,0
306736,2
306737,1
306738,0
306739,0
306740,2
306741,0
306742,1
306743,0
306744,0
306746,0
306747,0
306748,2
306749,0
306750,1
306751,1
306752,0
306753,1
306754,0
306755,1
306756,1
306757,1
306758,0
306759,0
306760,0
306761,2
306762,0
306763,0
306764,0
306765,0
306766,0
306767,0
306768,0
306769,1
306770,0
306771,0
306772,0
306773,2
306774,1
306775,2
306776,1
306777,0
306778,0
306779,0
306780,1
306781,0
306782,0
306783,0
306784,0
306785,0
306786,0
306787,0
306788,1
306789,0
306790,1
306791,1
306792,0
306793,1
306794,1
306795,0
306796,1
306797,1
306798,1
306799,1
306800,1
306801,1
306802,0
306804,0
306805,0
306806,1
306807,0
306808,0
306809,0
306810,0
306811,0
306812,1
306813,0
306814,0
306816,0
306817,2
306818,1
306819,1
306820,1
306821,1
306822,1
306823,0
306824,1
306825,0
306826,1
306827,1
306828,0
306829,1
306830,0
306831,1
306832,2
306833,1
306834,1
306835,2
306836,1
306837,0
306838,2
306839,0
306840,0
306841,1
306842,1
306843,1
306844,2
306845,0
306846,2
306847,0
306848,1
306849,0
306850,1
306851,0
306852,0
306853,2
306854,0
306855,1
306856,0
306857,0
306858,0
306859,0
306860,0
306861,0
306862,0
306863,1
306864,0
306865,0
306866,0
306867,1
306868,1
306869,0
306870,0
306871,1
306872,1
306873,0
306874,1
306875,0
306876,0
306877,1
306878,0
306879,1
306880,1
306882,0
306883,2
306884,1
306885,1
306886,0
306887,0
306888,2
306889,2
306890,0
306891,0
306892,2
306893,1
306894,1
306895,0
306896,0
306897,0
306898,0
306899,0
306900,0
306901,0
306902,1
306903,1
306904,1
306905,1
306906,1
306907,0
306908,0
306909,1
306910,0
306911,1
306912,0
306913,1
306914,0
306915,0
306916,1
306917,0
306918,1
306919,0
306920,0
306921,0
306922,0
306923,0
306924,1
306925,0
306926,0
306927,0
306928,0
306929,0
306930,2
306931,0
306932,0
306933,1
306934,1
306935,0
306936,0
306937,0
306938,0
306939,0
306940,0
306941,1
306942,0
306943,0
306944,0
306945,0
306946,0
306947,0
306948,1
306949,0
306950,0
306951,0
306952,0
306953,0
306954,0
306955,1
306956,0
306957,1
306958,1
306959,1
306960,0
306961,0
306962,0
306963,1
306964,0
306965,0
306966,0
306967,0
306968,0
306969,0
306970,2
306971,1
306972,1
306973,1
306974,0
306975,0
306976,1
306977,1
306978,2
306979,0
306980,1
306981,1
306982,1
306983,2
306984,0
306985,1
306986,1
306987,0
306988,0
306989,1
306990,1
306991,0
306992,2
306993,0
306994,0
306995,1
306996,0
306997,2
306998,1
306999,0
307000,1
307001,0
307002,0
307003,1
307004,0
307005,0
307006,0
307007,1
307008,0
307009,2
307010,1
307011,1
307012,0
307013,1
307014,0
307015,1
307016,1
307017,0
307018,1
307019,0
307020,0
307021,0
307022,0
307023,0
307024,1
307025,0
307026,0
307027,2
307028,0
307029,0
307030,0
307031,1
307032,0
307033,0
307034,0
307035,1
307036,1
307037,1
307038,1
307039,0
307040,0
307041,1
307042,1
307043,0
307044,1
307045,0
307046,0
307047,0
307048,0
307049,1
307050,2
307051,0
307052,1
307053,0
307054,0
307055,1
307056,1
307057,0
307058,0
307059,0
307060,1
307061,0
307062,0
307063,2
307064,1
307065,0
307066,0
307067,1
307068,1
307069,1
307070,1
307071,1
307072,0
307073,0
307074,0
307075,1
307076,1
307077,0
307078,2
307079,0
307080,0
307081,1
307082,0
307083,0
307084,2
307085,1
307086,0
307087,0
307088,0
307089,1
307090,1
307091,0
307092,0
307093,1
307094,0
307095,0
307096,1
307097,0
307098,0
307099,0
307100,0
307101,1
307102,0
307103,1
307104,0
307105,1
307106,0
307107,0
307108,0
307109,2
307111,1
307112,0
307113,0
307114,0
307115,2
307116,0
307117,1
307118,0
307119,1
307120,1
307121,0
307122,1
307123,2
307124,1
307125,1
307126,2
307127,1
307128,0
307129,0
307130,0
307131,0
307132,0
307133,1
307134,1
307135,1
307136,0
307137,1
307138,0
307139,1
307140,1
307141,1
307142,0
307143,1
307144,0
307145,1
307146,2
307147,0
307148,0
307149,0
307150,2
307151,0
307152,1
307153,1
307154,2
307155,0
307156,1
307157,1
307158,0
307159,1
307160,0
307161,0
307162,0
307163,1
307164,0
307165,1
307166,1
307167,1
307168,0
307169,0
307170,0
307171,0
307172,0
307173,0
307174,1
307175,0
307176,2
307177,0
307178,0
307179,0
307180,1
307181,0
307182,0
307183,1
307184,0
307185,0
307186,1
307187,1
307188,1
307189,0
307190,1
307191,1
307192,0
307193,1
307194,2
307195,0
307196,0
307197,0
307198,0
307199,0
307200,0
307201,0
307202,1
307203,0
307204,1
307205,0
307206,0
307207,1
307208,0
307209,0
307210,2
307211,0
307212,1
307213,1
307214,1
307215,0
307216,1
307217,0
307218,1
307219,1
307220,0
307221,1
307222,1
307223,0
307224,0
307225,0
307226,0
307227,0
307228,2
307229,1
307230,0
307231,0
307232,0
307233,0
307234,0
307236,1
307237,0
307238,0
307239,2
307240,0
307241,1
307242,0
307243,0
307244,0
307245,0
307246,0
307247,0
307248,1
307249,0
307250,1
307251,0
307252,0
307253,0
307254,0
307255,0
307256,0
307257,1
307258,0
307259,0
307260,0
307261,1
307262,0
307263,0
307264,0
307265,0
307266,1
307267,1
307268,0
307269,1
307270,1
307271,0
307272,1
307273,0
307274,2
307275,0
307276,0
307277,0
307278,0
307279,0
307280,0
307281,1
307282,0
307283,0
307284,0
307285,0
307286,0
307287,0
307288,1
307289,0
307290,1
307291,0
307292,0
307293,2
307294,0
307295,2
307296,1
307297,0
307298,0
307299,0
307300,0
307301,1
307302,0
307303,0
307304,2
307305,0
307306,1
307307,1
307309,1
307310,1
307311,0
307312,1
307313,0
307314,0
307315,1
307316,0
307317,0
307318,2
307319,0
307320,1
307321,0
307322,0
307323,1
307324,0
307325,0
307326,0
307327,1
307328,1
307329,2
307330,0
307331,0
307332,0
307333,1
307334,1
307335,0
307336,2
307337,2
307338,2
307339,1
307340,0
307341,1
307342,1
307343,0
307344,0
307345,0
307346,0
307347,0
307348,1
307349,0
307350,0
307351,1
307352,2
307353,1
307354,0
307355,0
307356,0
307357,1
307358,1
307359,1
307360,2
307361,1
307362,1
307364,0
307365,2
307366,0
307367,0
307368,0
307369,0
307370,1
307371,0
307372,0
307373,1
307374,1
307375,0
307376,1
307377,0
307378,0
307379,1
307380,0
307381,0
307382,0
307383,0
307384,2
307385,0
307386,0
307387,0
307388,2
307389,1
307390,1
307391,0
307392,2
307393,0
307394,0
307395,1
307396,1
307397,0
307398,2
307399,1
307400,1
307401,1
307402,0
307403,0
307404,1
307405,0
307406,0
307407,1
307408,0
307409,1
307410,0
307411,0
307412,2
307413,0
307414,2
307415,0
307416,1
307417,0
307418,0
307419,1
307420,0
307421,1
307422,0
307423,0
307424,1
307425,1
307426,0
307427,0
307428,0
307429,0
307430,1
307431,0
307432,1
307433,1
307434,0
307435,1
307436,1
307437,1
307438,0
307439,2
307441,1
307442,0
307443,1
307444,0
307445,0
307446,0
307447,1
307448,0
307449,0
307450,0
307451,0
307452,1
307453,1
307454,0
307455,0
307456,2
307457,1
307458,0
307459,0
307460,1
307461,0
307462,0
307463,1
307464,0
307465,0
307466,1
307467,0
307468,0
307469,0
307470,1
307471,0
307472,1
307473,1
307474,0
307475,1
307476,0
307477,1
307478,1
307479,0
307480,1
307481,1
307482,0
307483,1
307484,0
307485,1
307486,2
307487,2
307488,0
307489,2
307490,1
307491,0
307492,0
307493,0
307494,0
307495,0
307496,1
307497,2
307498,2
307499,0
307500,0
307501,0
307502,0
307503,1
307504,0
307505,1
307506,2
307507,0
307508,2
307509,1
307510,0
307511,2
307512,1
307513,1
307514,0
307515,2
307516,1
307517,1
307518,0
307519,1
307520,1
307521,0
307522,1
307523,1
307524,0
307525,2
307526,0
307527,2
307528,0
307529,0
307530,1
307531,0
307532,0
307533,0
307534,0
307535,0
307536,0
307537,0
307538,0
307539,2
307540,1
307541,0
307542,0
307543,2
307544,0
307545,0
307546,0
307547,0
307548,1
307549,0
307550,0
307551,1
307552,1
307553,0
307554,0
307555,0
307556,1
307557,0
307558,1
307559,0
307560,0
307561,1
307562,0
307563,0
307564,0
307565,1
307566,0
307567,0
307568,0
307569,1
307570,0
307571,0
307572,1
307573,0
307574,1
307575,1
307576,1
307577,2
307578,0
307579,0
307580,1
307581,0
307582,0
307583,1
307584,1
307585,2
307586,0
307587,0
307588,0
307589,2
307590,1
307591,2
307592,0
307593,0
307594,0
307595,1
307596,2
307597,1
307598,0
307599,0
307600,1
307601,0
307602,0
307603,1
307604,1
307605,0
307606,1
307607,1
307608,0
307609,1
307610,0
307611,1
307612,1
307613,2
307614,0
307615,1
307616,0
307617,1
307618,1
307619,0
307620,1
307621,1
307622,1
307623,2
307624,0
307625,1
307626,0
307627,0
307628,2
307629,1
307630,0
307631,0
307632,0
307633,1
307635,0
307636,1
307637,1
307638,2
307639,0
307640,0
307641,0
307642,0
307643,0
307644,1
307645,0
307646,0
307647,0
307648,1
307649,1
307650,0
307651,0
307652,1
307653,0
307654,0
307655,0
307656,1
307657,0
307658,1
307659,0
307660,0
307661,1
307662,1
307663,0
307664,0
307665,0
307666,1
307667,1
307668,0
307669,0
307670,2
307671,0
307672,1
307673,1
307674,1
307675,1
307676,0
307678,0
307679,2
307680,1
307681,0
307682,1
307683,1
307684,0
307685,1
307686,0
307687,1
307688,1
307689,0
307690,0
307691,0
307692,0
307693,0
307694,0
307695,1
307696,0
307697,1
307698,0
307699,1
307700,2
307701,0
307702,1
307703,0
307704,0
307705,0
307706,0
307707,0
307708,2
307709,1
307710,1
307711,1
307712,0
307713,0
307714,1
307715,2
307716,0
307717,0
307718,1
307719,0
307720,1
307721,0
307722,2
307723,1
307724,0
307725,1
307726,0
307727,0
307728,1
307729,2
307730,0
307731,1
307732,1
307733,0
307734,0
307735,1
307736,0
307737,0
307738,1
307739,0
307740,1
307741,0
307742,1
307743,0
307744,1
307745,2
307746,0
307747,0
307748,0
307749,1
307750,0
307751,0
307752,1
307753,0
307754,0
307755,0
307756,0
307757,1
307758,0
307759,0
307760,0
307761,0
307762,0
307763,1
307764,2
307765,1
307766,1
307767,0
307768,2
307769,0
307770,0
307771,0
307772,2
307773,0
307774,1
307775,2
307776,1
307777,0
307778,0
307779,1
307780,0
307781,1
307782,1
307783,1
307784,0
307785,0
307786,0
307787,0
307788,1
307789,1
307790,0
307791,0
307792,1
307793,2
307794,1
307795,0
307796,1
307797,1
307798,2
307799,0
307800,0
307801,2
307802,0
307803,1
307804,2
307805,0
307806,1
307807,0
307808,2
307809,0
307810,1
307811,2
307812,0
307813,0
307814,0
307815,0
307816,2
307817,0
307818,0
307819,0
307820,0
307821,0
307822,0
307823,0
307824,0
307825,0
307826,0
307827,0
307828,0
307829,1
307830,0
307831,0
307832,0
307833,1
307834,1
307835,0
307836,1
307837,1
307838,1
307839,0
307840,0
307841,1
307842,1
307843,2
307844,0
307845,0
307846,0
307847,0
307848,1
307849,0
307850,0
307851,1
307852,1
307853,0
307854,0
307855,1
307856,1
307857,0
307858,2
307859,1
307860,1
307861,0
307862,1
307863,1
307864,0
307865,1
307866,0
307867,0
307868,2
307869,1
307870,2
307871,2
307872,0
307873,1
307874,1
307875,0
307876,0
307877,2
307878,0
307879,0
307880,1
307881,0
307882,1
307883,1
307884,0
307885,1
307886,1
307887,1
307888,0
307889,1
307890,1
307891,0
307892,2
307893,1
307894,0
307895,0
307896,1
307897,0
307898,0
307899,0
307900,0
307901,0
307902,1
307903,0
307904,1
307905,1
307906,0
307907,0
307908,1
307909,0
307910,1
307911,0
307912,0
307913,0
307914,2
307915,1
307916,1
307917,0
307918,0
307919,1
307920,1
307921,1
307922,2
307923,0
307924,0
307925,0
307926,0
307927,2
307928,0
307929,0
307930,1
307931,1
307932,0
307933,1
307934,0
307935,0
307936,0
307937,1
307938,0
307939,1
307940,0
307941,0
307942,0
307943,0
307944,0
307945,0
307946,0
307947,2
307948,0
307949,1
307950,1
307951,2
307952,1
307953,0
307955,0
307956,0
307957,0
307958,1
307959,0
307960,0
307961,1
307962,0
307963,0
307964,0
307965,2
307966,0
307967,1
307968,0
307969,1
307970,0
307971,0
307972,1
307973,0
307974,1
307975,1
307976,1
307977,0
307978,0
307979,0
307980,1
307981,1
307982,0
307983,0
307984,0
307985,1
307986,0
307987,0
307988,0
307989,0
307990,1
307991,1
307992,0
307993,1
307994,2
307995,0
307996,0
307997,2
307998,2
307999,1
308000,1
308001,0
308002,2
308003,0
308004,0
308005,0
308006,0
308007,1
308008,1
308009,0
308010,0
308011,1
308012,1
308013,2
308014,0
308015,2
308016,1
308017,0
308018,0
308019,0
308020,1
308021,0
308022,0
308023,0
308024,2
308025,0
308026,2
308027,1
308028,0
308029,0
308030,2
308031,1
308032,1
308033,0
308034,0
308035,0
308036,0
308037,0
308038,2
308039,0
308040,0
308041,1
308042,0
308043,2
308044,0
308045,1
308046,1
308047,0
308048,2
308049,1
308050,1
308051,0
308052,0
308053,1
308054,0
308055,2
308056,2
308057,1
308058,1
308059,2
308060,0
308061,0
308062,0
308063,0
308064,0
308065,1
308066,1
308067,0
308068,0
308069,1
308070,0
308072,0
308073,1
308074,0
308075,0
308076,0
308077,0
308078,0
308079,0
308080,1
308081,1
308082,2
308083,0
308084,0
308085,0
308086,1
308087,0
308088,0
308089,0
308090,0
308091,1
308092,1
308093,0
308094,0
308095,1
308096,1
308097,1
308098,0
308099,0
308100,0
308101,0
308102,1
308103,0
308104,1
308105,0
308106,0
308107,0
308108,1
308109,1
308110,0
308111,1
308112,2
308113,0
308114,2
308115,1
308116,0
308117,0
308118,0
308119,0
308120,1
308121,0
308122,2
308123,2
308124,1
308125,1
308126,2
308127,1
308128,0
308129,0
308130,1
308131,0
308132,1
308133,0
308134,0
308135,1
308136,0
308137,1
308138,0
308139,0
308140,0
308141,1
308142,0
308143,1
308144,0
308145,2
308146,0
308147,1
308148,0
308149,0
308150,0
308151,1
308152,0
308153,2
308154,0
308155,0
308156,0
308157,0
308158,0
308159,0
308160,0
308161,1
308163,1
308164,1
308165,1
308166,0
308167,0
308168,0
308169,2
308170,0
308171,0
308172,0
308173,0
308174,0
308175,0
308176,2
308177,1
308178,1
308179,0
308180,1
308181,2
308182,0
308183,1
308184,1
308185,0
308186,0
308187,1
308188,1
308189,0
308190,0
308191,0
308192,0
308193,1
308194,0
308195,1
308196,0
308197,0
308198,1
308199,0
308200,2
308201,0
308202,1
308203,0
308204,1
308205,0
308206,0
308207,2
308208,2
308209,1
308210,0
308211,0
308212,0
308213,2
308214,1
308215,2
308216,0
308217,0
308218,0
308219,1
308220,0
308221,1
308222,0
308223,0
308224,0
308225,0
308226,0
308227,1
308228,1
308229,0
308230,2
308231,0
308232,1
308233,0
308234,0
308235,0
308236,0
308237,0
308238,0
308239,0
308240,1
308241,1
308242,0
308243,0
308244,1
308245,0
308246,1
308247,2
308248,0
308249,0
308250,2
308252,0
308253,0
308254,1
308255,0
308256,0
308257,1
308258,0
308259,0
308260,0
308261,0
308262,0
308263,2
308264,0
308265,0
308266,0
308267,1
308268,0
308269,0
308270,1
308271,0
308272,0
308273,0
308274,0
308275,0
308277,0
308278,0
308279,0
308280,0
308281,1
308282,0
308283,0
308284,0
308285,0
308286,0
308287,0
308288,0
308289,0
308290,1
308291,0
308292,0
308293,1
308294,1
308295,1
308296,2
308297,0
308298,0
308299,1
308300,0
308301,1
308302,0
308303,1
308304,2
308305,1
308306,0
308307,0
308308,0
308309,0
308310,2
308311,0
308312,1
308313,1
308314,0
308315,0
308316,1
308317,1
308318,1
308319,0
308320,0
308321,1
308322,0
308323,0
308324,0
308325,1
308326,0
308327,0
308328,0
308329,0
308330,0
308331,0
308332,0
308333,0
308334,0
308335,0
308336,2
308337,0
308338,1
308339,2
308340,0
308341,1
308342,0
308343,0
308344,2
308345,1
308346,1
308347,2
308348,1
308349,1
308350,2
308351,0
308352,0
308353,0
308354,1
308355,1
308356,1
308357,0
308358,1
308359,0
308360,0
308362,1
308363,0
308364,0
308365,1
308366,1
308367,1
308368,0
308369,1
308370,0
308371,0
308372,2
308373,1
308374,0
308375,1
308376,0
308377,1
308378,0
308379,1
308380,0
308381,0
308382,2
308383,1
308384,0
308385,0
308386,0
308387,1
308388,0
308389,0
308390,0
308391,1
308392,1
308393,0
308394,1
308395,1
308396,0
308397,0
308398,0
308399,1
308400,0
308401,2
308402,0
308403,1
308404,0
308405,1
308406,1
308407,1
308408,1
308409,1
308410,0
308411,1
308412,2
308413,1
308414,0
308415,0
308416,1
308417,0
308418,0
308419,0
308420,0
308421,0
308422,1
308423,2
308424,0
308425,0
308426,0
308427,1
308428,2
308429,0
308430,0
308431,0
308432,0
308433,0
308434,0
308435,0
308436,2
308437,1
308438,1
308439,1
308440,1
308441,2
308442,0
308443,1
308444,0
308445,0
308446,1
308448,1
308449,0
308450,1
308451,1
308452,0
308453,0
308454,0
308455,0
308456,1
308457,2
308458,0
308459,0
308460,1
308461,0
308462,1
308463,0
308464,0
308465,0
308466,0
308467,0
308468,1
308469,0
308470,2
308471,0
308472,0
308473,2
308474,1
308475,1
308476,1
308477,0
308478,0
308479,1
308480,0
308481,0
308482,1
308483,0
308484,0
308485,1
308487,1
308488,2
308489,1
308490,0
308491,0
308492,0
308493,1
308494,0
308495,0
308496,1
308497,0
308498,0
308499,0
308500,0
308501,0
308503,0
308504,0
308505,2
308506,0
308507,0
308508,0
308509,0
308510,0
308511,0
308512,0
308513,1
308514,1
308515,1
308516,0
308517,0
308518,0
308519,0
308520,1
308521,0
308522,1
308523,0
308524,0
308525,0
308526,1
308527,0
308528,1
308529,1
308530,1
308531,0
308532,2
308533,1
308534,1
308535,1
308536,0
308537,0
308538,1
308539,0
308540,1
308541,0
308542,0
308543,1
308544,1
308545,0
308546,0
308547,1
308548,0
308549,0
308550,0
308551,0
308552,0
308553,0
308554,0
308555,0
308556,0
308557,0
308558,0
308559,0
308561,2
308562,1
308563,0
308564,1
308565,0
308566,1
308567,0
308568,1
308569,1
308570,0
308571,2
308572,1
308573,2
308574,0
308575,1
308576,0
308577,1
308578,0
308579,1
308580,0
308581,2
308582,1
308583,0
308584,1
308585,0
308586,0
308587,1
308588,0
308589,0
308590,0
308591,0
308592,0
308593,0
308594,0
308595,0
308596,0
308597,2
308598,0
308599,1
308600,0
308601,0
308602,1
308603,0
308604,0
308605,0
308606,0
308607,1
308608,0
308609,0
308611,0
308612,0
308613,0
308614,0
308615,0
308616,1
308617,0
308618,1
308619,1
308620,1
308621,1
308622,1
308623,0
308624,2
308625,1
308626,0
308627,0
308628,2
308629,0
308630,0
308631,0
308632,0
308633,0
308634,2
308635,1
308636,0
308637,1
308638,0
308639,1
308640,0
308641,1
308642,1
308643,0
308644,0
308645,2
308646,0
308647,2
308648,0
308649,1
308650,1
308651,1
308652,0
308653,1
308654,0
308655,2
308656,1
308657,0
308658,0
308659,0
308660,1
308661,1
308662,1
308663,1
308664,1
308665,0
308667,0
308668,0
308669,0
308670,1
308671,0
308672,0
308673,1
308674,0
308675,2
308676,0
308677,0
308678,1
308679,0
308680,1
308681,0
308682,1
308683,0
308684,1
308685,0
308686,0
308687,0
308688,0
308689,1
308690,0
308691,0
308692,0
308693,0
308694,1
308695,1
308696,2
308697,0
308698,0
308699,0
308700,1
308701,0
308702,0
308703,0
308704,0
308705,0
308706,1
308707,1
308708,2
308709,0
308710,0
308711,0
308712,0
308713,0
308715,1
308716,0
308717,0
308718,0
308719,2
308720,0
308721,0
308722,0
308723,1
308724,0
308725,1
308726,1
308727,0
308728,0
308729,1
308730,1
308731,0
308732,1
308733,1
308734,1
308735,0
308736,1
308737,1
308738,0
308739,1
308740,0
308741,0
308742,0
308743,1
308744,1
308745,0
308746,0
308747,1
308748,0
308749,1
308750,0
308751,0
308752,0
308753,1
308754,1
308755,0
308756,0
308757,1
308758,1
308759,0
308760,0
308761,1
308762,0
308763,0
308764,0
308765,0
308766,1
308767,0
308768,0
308769,0
308770,0
308771,0
308772,1
308773,0
308774,1
308775,0
308776,1
308777,0
308778,1
308779,1
308780,1
308781,0
308782,2
308783,0
308784,0
308785,0
308786,1
308787,1
308788,0
308789,1
308790,0
308791,1
308792,1
308793,0
308794,1
308795,1
308796,0
308797,1
308798,0
308799,1
308800,0
308801,0
308802,1
308803,0
308804,0
308805,0
308806,0
308807,0
308808,0
308809,0
308810,0
308811,1
308812,1
308813,1
308814,0
308815,0
308816,1
308817,2
308818,1
308819,0
308820,2
308821,2
308822,0
308823,0
308824,0
308825,1
308826,0
308827,1
308828,2
308829,1
308830,0
308831,0
308832,0
308833,0
308834,0
308835,0
308836,1
308837,0
308838,1
308839,0
308840,0
308841,0
308842,0
308843,0
308844,0
308845,0
308846,0
308847,0
308848,0
308849,1
308850,0
308851,0
308852,1
308853,0
308854,0
308855,0
308856,0
308857,0
308858,0
308859,0
308860,0
308861,2
308862,1
308863,1
308864,1
308865,1
308866,0
308867,2
308868,0
308869,0
308870,0
308871,1
308872,0
308873,1
308874,0
308875,2
308876,1
308877,1
308878,1
308879,2
308880,2
308881,0
308882,1
308883,2
308884,1
308885,2
308886,0
308887,0
308888,0
308889,1
308890,1
308891,1
308892,0
308893,0
308894,0
308895,1
308896,1
308897,1
308898,0
308899,2
308900,1
308901,0
308902,0
308903,2
308904,0
308905,0
308906,0
308907,0
308908,1
308909,0
308910,0
308911,0
308912,0
308913,1
308914,1
308915,0
308916,0
308917,1
308918,2
308919,1
308920,1
308921,0
308922,0
308923,2
308924,0
308925,0
308926,0
308927,0
308928,0
308929,0
308930,1
308931,2
308932,0
308933,0
308934,0
308935,0
308936,0
308937,0
308938,0
308939,0
308940,0
308941,0
308942,1
308943,0
308944,1
308945,0
308946,0
308947,0
308948,1
308949,0
308950,2
308951,2
308952,0
308953,0
308954,0
308955,0
308956,0
308957,0
308958,0
308959,2
308960,0
308961,0
308962,0
308963,0
308964,0
308965,1
308966,0
308967,2
308968,0
308970,1
308971,0
308972,1
308973,0
308974,1
308975,1
308976,1
308977,1
308978,0
308979,1
308980,2
308981,1
308982,1
308983,1
308984,0
308985,1
308986,1
308987,1
308988,0
308989,1
308990,0
308991,0
308992,2
308993,1
308994,0
308995,0
308996,1
308997,0
308998,0
308999,0
309000,1
309001,0
309002,0
309003,1
309004,0
309005,1
309006,1
309007,1
309008,1
309009,1
309010,0
309011,0
309012,0
309013,0
309014,1
309015,0
309016,0
309017,0
309018,0
309019,1
309020,0
309021,0
309022,0
309023,0
309024,0
309025,0
309026,0
309027,0
309028,2
309029,0
309030,2
309031,0
309032,0
309033,1
309034,1
309035,0
309036,1
309037,1
309038,1
309039,0
309040,1
309041,1
309042,1
309043,1
309044,0
309045,2
309046,0
309047,0
309048,1
309049,1
309050,1
309051,0
309052,0
309053,0
309054,0
309055,0
309056,0
309057,0
309058,1
309059,0
309060,0
309061,2
309062,0
309063,0
309064,0
309065,0
309066,0
309067,0
309068,0
309069,0
309070,1
309071,1
309072,1
309073,0
309074,0
309075,1
309076,0
309077,0
309078,0
309079,0
309080,0
309081,2
309082,0
309083,1
309085,1
309086,0
309087,0
309088,0
309089,0
309090,0
309091,0
309092,0
309093,1
309094,0
309095,0
309096,0
309097,0
309098,0
309099,0
309100,0
309101,0
309102,2
309104,0
309105,0
309106,0
309107,0
309108,0
309109,0
309110,2
309111,1
309112,0
309113,0
309115,2
309116,0
309117,0
309118,0
309119,1
309120,1
309121,1
309122,0
309123,0
309124,2
309125,0
309126,0
309127,2
309128,1
309129,0
309130,0
309131,0
309132,0
309133,2
309134,0
309135,2
309136,2
309137,0
309138,0
309139,1
309140,0
309141,0
309142,0
309143,0
309144,0
309145,0
309146,1
309147,0
309148,1
309149,1
309150,1
309152,1
309153,0
309154,0
309155,0
309156,0
309157,0
309158,0
309159,1
309160,1
309161,1
309162,0
309163,1
309164,1
309165,0
309166,0
309167,0
309168,1
309169,1
309170,0
309171,0
309172,0
309173,0
309174,1
309175,1
309176,0
309177,0
309178,0
309179,1
309180,1
309181,0
309182,1
309183,1
309184,1
309186,0
309187,2
309188,2
309189,0
309190,1
309191,0
309192,1
309193,1
309194,0
309195,1
309196,0
309197,0
309198,1
309199,1
309200,0
309201,1
309202,1
309203,1
309204,0
309205,1
309206,0
309207,1
309208,0
309209,0
309210,0
309211,0
309212,0
309213,0
309214,0
309215,0
309216,1
309217,1
309218,1
309219,1
309220,1
309221,1
309222,0
309223,1
309224,1
309225,1
309226,0
309227,1
309228,0
309229,1
309230,2
309231,1
309232,0
309233,1
309234,0
309235,1
309236,0
309237,0
309238,1
309239,1
309240,1
309241,2
309242,1
309243,0
309244,0
309245,2
309246,0
309247,0
309248,1
309249,1
309250,0
309251,1
309253,1
309254,0
309255,2
309256,0
309257,1
309258,2
309259,2
309260,0
309261,0
309262,1
309263,0
309264,1
309265,1
309266,2
309267,0
309268,2
309269,0
309270,0
309271,0
309272,1
309273,1
309274,2
309275,0
309276,1
309277,2
309278,0
309279,0
309280,1
309281,0
309282,2
309283,0
309284,0
309285,0
309286,1
309287,0
309288,0
309289,0
309290,0
309291,0
309292,0
309293,0
309294,1
309295,0
309296,0
309297,1
309298,1
309299,0
309300,1
309301,0
309302,0
309303,1
309304,0
309305,0
309306,2
309307,0
309308,1
309309,0
309310,0
309311,0
309312,1
309313,2
309314,0
309315,0
309316,1
309317,0
309318,0
309319,1
309320,1
309321,1
309322,2
309323,0
309324,0
309325,0
309326,2
309327,1
309328,0
309329,0
309330,1
309331,0
309332,1
309333,0
309334,0
309335,1
309336,1
309337,0
309338,1
309339,2
309340,0
309341,0
309343,0
309344,0
309345,0
309346,1
309347,1
309348,0
309349,0
309350,2
309351,1
309352,0
309353,0
309354,2
309355,2
309356,1
309357,0
309358,1
309359,0
309360,0
309361,1
309362,0
309363,1
309364,0
309366,0
309367,0
309368,0
309369,1
309370,0
309371,0
309372,0
309373,0
309374,1
309375,1
309376,0
309377,0
309378,0
309379,0
309380,1
309381,0
309382,1
309383,1
309384,1
309385,0
309386,2
309387,0
309388,0
309389,0
309390,0
309391,2
309392,0
309393,1
309394,1
309395,0
309396,1
309397,0
309398,0
309399,0
309400,0
309401,1
309402,1
309403,0
309404,1
309405,0
309406,1
309407,0
309408,1
309409,0
309410,0
309411,0
309413,1
309414,1
309415,0
309416,1
309417,1
309418,1
309419,2
309420,1
309421,1
309422,2
309423,0
309424,1
309425,1
309426,0
309427,1
309428,0
309430,1
309431,0
309432,1
309433,0
309434,0
309435,1
309436,0
309437,0
309438,2
309439,2
309440,1
309441,0
309442,1
309443,1
309444,0
309445,0
309446,0
309447,0
309448,0
309449,1
309450,0
309451,0
309452,1
309453,0
309454,0
309455,0
309456,0
309457,0
309458,1
309459,0
309460,0
309461,1
309462,0
309463,0
309464,0
309465,0
309466,1
309467,0
309468,0
309469,1
309470,1
309471,0
309472,0
309473,0
309474,0
309475,0
309476,0
309477,0
309478,0
309479,0
309480,0
309481,0
309482,1
309483,1
309484,1
309485,0
309486,2
309487,1
309488,0
309489,1
309490,0
309491,2
309492,1
309493,0
309494,1
309495,1
309496,0
309497,0
309498,0
309499,1
309500,1
309501,1
309502,1
309503,0
309504,1
309505,1
309506,1
309507,0
309508,0
309510,1
309511,1
309512,0
309513,1
309514,0
309515,0
309516,0
309517,0
309518,0
309519,0
309520,0
309521,0
309522,1
309523,1
309524,0
309525,0
309526,1
309527,0
309528,0
309529,0
309530,1
309531,0
309532,1
309533,0
309534,0
309535,1
309536,0
309537,1
309538,0
309539,0
309540,0
309541,0
309542,1
309543,0
309544,2
309545,0
309546,0
309547,1
309548,1
309549,2
309550,1
309551,0
309552,0
309553,0
309554,0
309555,0
309556,0
309557,2
309558,2
309559,0
309560,0
309561,1
309562,0
309563,1
309564,0
309565,1
309566,2
309567,0
309568,0
309569,0
309570,0
309571,1
309572,1
309573,0
309574,1
309575,0
309576,1
309577,1
309578,0
309579,1
309580,0
309581,2
309582,1
309583,0
309584,0
309585,0
309586,1
309587,0
309588,0
309589,0
309590,1
309591,2
309592,0
309593,0
309594,0
309595,0
309596,2
309597,0
309598,0
309599,1
309600,0
309601,0
309603,2
309604,0
309605,0
309606,0
309607,2
309608,0
309609,2
309610,0
309611,0
309612,0
309613,0
309614,1
309615,0
309616,0
309617,2
309618,1
309619,0
309620,1
309621,0
309622,1
309623,0
309624,1
309625,0
309626,1
309627,0
309628,0
309629,1
309630,0
309631,0
309632,1
309633,0
309634,0
309635,1
309636,2
309637,2
309638,0
309639,2
309640,0
309641,0
309642,1
309643,1
309644,1
309645,0
309646,2
309647,1
309648,0
309649,0
309650,0
309651,0
309652,0
309653,0
309654,0
309655,0
309656,1
309657,1
309658,1
309659,0
309660,1
309661,2
309662,1
309663,0
309664,0
309665,0
309666,0
309667,0
309668,0
309669,0
309670,0
309671,1
309672,0
309673,0
309674,0
309675,0
309676,1
309677,0
309678,0
309679,0
309680,0
309681,1
309682,0
309683,1
309684,1
309685,0
309686,1
309687,1
309688,0
309689,1
309690,1
309691,1
309692,1
309693,0
309694,0
309695,1
309696,0
309697,0
309698,0
309699,1
309700,1
309701,0
309702,0
309703,0
309704,0
309705,0
309706,1
309707,0
309708,2
309709,0
309710,1
309711,0
309712,0
309713,1
309714,0
309715,0
309716,0
309717,0
309718,0
309719,0
309720,0
309721,0
309722,0
309723,0
309724,0
309725,0
309726,0
309727,0
309728,0
309729,2
309730,0
309731,0
309732,2
309733,0
309734,0
309735,2
309736,0
309737,0
309738,1
309739,2
309740,0
309741,0
309742,1
309743,0
309744,0
309745,0
309746,0
309747,1
309748,0
309749,0
309750,1
309751,0
309752,2
309753,0
309754,1
309755,0
309756,1
309757,1
309758,0
309759,1
309760,0
309761,0
309762,0
309763,1
309764,0
309765,0
309766,0
309767,0
309768,0
309769,1
309770,1
309771,0
309772,2
309773,1
309774,2
309775,0
309776,0
309777,1
309778,0
309779,1
309780,0
309781,2
309782,0
309783,0
309784,0
309785,0
309786,2
309787,0
309788,1
309789,0
309790,0
309791,0
309792,1
309793,2
309794,1
309795,1
309796,0
309797,0
309798,0
309799,0
309800,1
309801,0
309802,0
309803,0
309804,0
309805,1
309806,0
309807,1
309808,1
309809,0
309810,0
309811,2
309812,1
309813,0
309814,0
309815,1
309816,0
309817,0
309818,0
309819,1
309820,0
309821,0
309822,0
309823,1
309824,0
309825,1
309826,2
309827,0
309828,0
309829,0
309830,0
309831,1
309832,0
309833,0
309834,1
309835,1
309836,0
309837,0
309838,0
309839,1
309840,0
309841,1
309842,0
309843,1
309844,0
309845,1
309846,0
309847,0
309848,2
309849,1
309850,0
309851,2
309852,2
309853,1
309854,0
309855,0
309856,1
309857,0
309858,0
309859,1
309860,1
309861,0
309862,0
309863,1
309864,0
309865,0
309866,0
309867,0
309868,0
309869,0
309870,1
309871,0
309872,1
309873,0
309874,0
309875,0
309876,0
309877,0
309878,1
309879,0
309880,1
309881,2
309882,1
309883,1
309884,1
309885,0
309886,2
309887,0
309888,0
309889,1
309890,0
309891,0
309892,0
309893,0
309894,1
309895,0
309896,2
309897,0
309898,0
309899,1
309900,0
309901,0
309902,0
309903,0
309904,0
309905,0
309906,1
309907,0
309908,1
309909,1
309911,2
309912,0
309913,0
309914,0
309915,1
309916,1
309917,0
309918,0
309919,0
309920,1
309921,1
309922,0
309923,1
309924,0
309925,0
309926,0
309927,0
309928,0
309929,1
309930,1
309931,0
309932,0
309933,0
309934,0
309935,0
309936,0
309937,0
309938,0
309939,0
309940,1
309941,0
309942,0
309943,0
309944,1
309945,1
309946,1
309947,2
309948,0
309949,1
309950,0
309951,2
309952,1
309953,0
309954,0
309955,0
309956,0
309957,1
309958,0
309959,0
309960,0
309961,1
309962,0
309963,0
309964,1
309965,0
309966,0
309967,0
309968,1
309969,0
309970,0
309971,0
309972,0
309973,0
309974,1
309975,1
309976,0
309977,0
309978,0
309979,0
309980,0
309981,0
309982,1
309983,1
309984,0
309985,0
309986,0
309987,0
309988,1
309989,1
309990,0
309991,0
309992,2
309993,0
309994,2
309996,0
309997,0
309998,0
309999,1
310000,0
310001,0
310002,0
310003,0
310004,0
310005,1
310006,2
310007,0
310008,0
310009,0
310010,1
310011,0
310012,1
310013,1
310014,2
310015,0
310016,0
310017,1
310018,0
310019,0
310020,0
310021,1
310022,1
310023,1
310024,1
310025,0
310026,1
310027,1
310028,1
310029,2
310030,1
310031,2
310032,1
310033,0
310034,0
310035,0
310036,0
310037,1
310038,0
310039,1
310040,0
310041,0
310042,1
310043,0
310044,1
310045,1
310046,0
310047,1
310048,0
310049,0
310050,0
310051,0
310052,0
310053,0
310054,1
310055,0
310056,0
310057,1
310058,1
310059,2
310060,1
310061,1
310062,0
310063,0
310064,0
310065,0
310066,0
310067,0
310068,0
310069,0
310070,0
310071,2
310072,0
310073,0
310074,0
310075,0
310076,1
310077,1
310078,0
310079,0
310080,1
310081,0
310082,0
310083,0
310084,0
310085,1
310086,1
310087,1
310088,2
310089,1
310090,1
310091,1
310092,0
310093,1
310094,2
310095,1
310096,0
310097,1
310098,0
310099,1
310100,2
310101,1
310102,1
310103,0
310104,0
310105,0
310107,0
310108,0
310109,0
310110,0
310111,1
310112,0
310113,0
310114,0
310115,1
310116,2
310117,0
310118,0
310119,0
310120,1
310121,1
310122,1
310123,2
310124,1
310125,0
310126,1
310127,0
310128,0
310129,2
310130,2
310131,0
310132,2
310133,0
310134,0
310135,0
310136,0
310137,0
310138,0
310139,0
310140,1
310141,0
310142,0
310143,1
310145,0
310146,0
310147,0
310148,2
310149,0
310150,0
310151,0
310152,0
310153,1
310154,0
310155,1
310156,2
310157,0
310158,0
310159,0
310160,0
310161,0
310162,2
310163,0
310164,1
310166,0
310167,0
310168,0
310169,0
310170,1
310171,1
310172,0
310173,0
310174,1
310175,1
310176,1
310177,0
310178,1
310179,0
310180,1
310181,0
310182,1
310183,1
310184,1
310185,2
310186,1
310187,1
310188,0
310189,1
310190,0
310191,0
310192,0
310193,0
310194,1
310195,0
310196,0
310197,0
310198,1
310199,2
310200,0
310201,1
310202,0
310203,1
310204,0
310205,0
310206,0
310207,0
310208,1
310209,1
310210,0
310211,0
310212,0
310213,1
310214,1
310215,1
310216,1
310217,0
310218,0
310219,0
310220,2
310221,0
310222,0
310223,0
310224,1
310225,1
310226,1
310227,0
310228,0
310229,0
310230,1
310231,1
310232,0
310233,0
310234,1
310235,2
310236,0
310237,0
310238,2
310239,0
310240,0
310241,1
310242,0
310243,0
310244,2
310245,0
310246,0
310247,1
310248,1
310249,0
310250,0
310251,0
310252,1
310253,1
310254,0
310255,1
310256,1
310257,0
310258,0
310259,2
310260,0
310261,0
310262,0
310263,0
310264,0
310265,0
310266,2
310267,0
310268,1
310269,1
310270,0
310271,0
310272,1
310273,0
310274,0
310275,0
310276,0
310277,0
310278,0
310279,0
310280,1
310281,0
310282,0
310283,0
310284,1
310285,0
310286,0
310287,1
310288,2
310289,0
310290,0
310291,2
310292,1
310293,0
310294,2
310295,2
310296,1
310297,0
310298,2
310299,1
310300,1
310301,0
310302,0
310303,1
310304,0
310305,0
310306,1
310307,0
310308,0
310309,0
310310,1
310311,0
310312,2
310313,0
310314,0
310315,2
310316,0
310317,0
310318,1
310319,0
310320,0
310321,1
310322,1
310323,0
310324,0
310325,0
310326,1
310327,2
310328,1
310329,2
310330,1
310331,0
310332,0
310333,1
310334,0
310335,0
310336,0
310337,0
310338,2
310339,0
310340,0
310341,0
310342,0
310344,1
310345,0
310346,1
310347,1
310348,0
310349,1
310350,0
310351,1
310352,0
310353,2
310354,1
310355,2
310356,1
310357,2
310358,1
310359,1
310360,2
310361,0
310362,1
310363,1
310364,1
310365,0
310366,0
310367,2
310368,0
310369,0
310370,1
310371,0
310372,1
310373,0
310374,1
310375,1
310376,1
310377,1
310378,1
310379,0
310380,1
310381,0
310382,0
310383,1
310384,1
310385,1
310386,0
310387,0
310388,1
310389,1
310390,0
310391,0
310392,1
310393,0
310394,0
310396,0
310397,0
310398,0
310399,0
310400,2
310401,0
310402,1
310403,0
310404,0
310405,2
310406,0
310408,1
310409,0
310410,0
310411,0
310412,2
310413,0
310414,0
310415,1
310416,1
310417,0
310418,2
310419,1
310420,2
310421,0
310422,0
310423,0
310424,0
310425,0
310426,1
310427,0
310428,0
310429,0
310430,0
310431,0
310432,0
310433,2
310434,2
310435,1
310436,0
310437,0
310438,0
310439,0
310440,1
310441,1
310442,0
310443,0
310444,0
310445,0
310446,2
310447,1
310448,0
310449,0
310450,0
310451,0
310452,1
310453,1
310454,1
310455,1
310456,1
310457,1
310458,0
310459,1
310460,0
310461,0
310462,0
310463,0
310464,0
310465,1
310466,0
310467,0
310468,0
310469,0
310470,2
310471,0
310472,1
310473,0
310474,0
310475,0
310476,2
310477,1
310478,0
310479,0
310480,1
310481,0
310482,0
310483,2
310484,0
310485,0
310486,0
310487,1
310488,1
310489,2
310490,0
310491,0
310492,0
310493,1
310494,0
310495,1
310496,2
310497,1
310498,0
310499,0
310500,0
310501,2
310502,1
310503,1
310504,0
310505,0
310506,1
310507,0
310508,2
310509,0
310510,0
310511,0
310512,1
310513,0
310514,1
310515,0
310516,0
310517,0
310518,1
310519,0
310520,0
310521,0
310522,2
310523,1
310524,0
310525,0
310526,1
310527,0
310528,1
310529,1
310530,0
310531,0
310532,0
310533,0
310534,0
310535,1
310536,1
310537,0
310539,0
310540,0
310541,0
310542,0
310543,0
310544,1
310545,0
310546,1
310547,0
310548,0
310549,1
310550,1
310551,0
310552,1
310553,2
310554,0
310555,1
310556,1
310557,0
310558,0
310559,1
310560,0
310561,0
310562,1
310563,0
310564,0
310565,2
310566,0
310567,0
310568,1
310569,0
310570,0
310571,1
310572,0
310574,0
310575,1
310576,0
310577,0
310578,0
310579,2
310580,1
310581,1
310582,2
310583,0
310584,0
310585,0
310586,0
310587,0
310588,0
310589,0
310590,0
310591,1
310592,0
310593,0
310594,0
310595,0
310596,1
310597,0
310598,1
310599,0
310600,0
310601,0
310602,0
310603,0
310604,0
310605,0
310606,0
310607,0
310608,0
310609,0
310610,0
310611,0
310612,0
310613,0
310614,1
310615,1
310616,1
310617,0
310618,0
310619,0
310620,1
310621,0
310622,1
310623,0
310624,1
310625,0
310626,0
310627,1
310628,0
310629,0
310630,0
310631,2
310632,0
310633,1
310634,0
310635,2
310636,0
310637,2
310638,0
310639,1
310640,2
310641,0
310642,1
310643,1
310644,1
310645,0
310646,1
310647,1
310648,1
310649,1
310650,0
310651,0
310652,0
310653,1
310654,0
310655,0
310656,1
310657,1
310658,0
310659,0
310660,0
310661,0
310662,1
310663,1
310664,2
310665,0
310666,1
310667,0
310668,0
310670,0
310671,0
310672,0
310673,0
310674,0
310675,0
310676,0
310677,0
310678,1
310679,0
310680,1
310681,1
310682,0
310683,2
310684,1
310685,2
310686,1
310687,0
310688,0
310689,1
310690,0
310691,2
310692,1
310693,2
310694,0
310695,1
310696,1
310697,1
310698,0
310699,0
310700,1
310701,0
310702,0
310703,0
310704,0
310705,0
310706,1
310707,0
310708,0
310710,0
310711,0
310712,2
310713,1
310714,0
310715,0
310716,1
310717,0
310718,0
310719,1
310720,1
310721,0
310722,0
310723,1
310724,0
310725,2
310726,0
310727,2
310728,1
310729,0
310730,0
310731,0
310732,0
310733,0
310734,0
310735,1
310736,1
310737,0
310738,1
310739,0
310740,1
310741,0
310742,0
310743,0
310744,0
310745,1
310746,0
310747,0
310748,0
310749,2
310750,0
310751,0
310752,0
310753,0
310754,0
310756,1
310757,0
310758,2
310759,1
310760,0
310761,0
310762,1
310763,0
310764,0
310765,0
310766,0
310767,1
310768,0
310769,1
310770,2
310771,1
310772,0
310773,0
310774,1
310775,0
310776,0
310777,1
310779,1
310780,0
310781,1
310782,1
310783,1
310784,0
310785,0
310786,0
310787,2
310788,1
310789,1
310790,0
310792,1
310793,1
310794,0
310795,2
310796,0
310797,0
310798,0
310799,1
310800,1
310801,2
310802,0
310803,1
310804,0
310805,0
310806,0
310807,1
310808,2
310809,0
310810,0
310811,0
310812,0
310814,0
310815,0
310816,2
310817,0
310818,1
310819,1
310820,2
310821,0
310822,0
310823,0
310824,0
310826,0
310827,1
310828,0
310829,0
310830,0
310831,1
310832,0
310833,2
310834,1
310835,1
310836,1
310837,0
310838,0
310839,2
310840,0
310841,1
310842,1
310843,0
310844,0
310845,0
310846,1
310847,1
310848,0
310849,1
310850,1
310851,0
310852,0
310853,0
310854,0
310855,1
310856,0
310857,0
310858,1
310859,1
310860,0
310861,0
310862,1
310863,0
310865,0
310866,0
310867,0
310868,1
310869,0
310870,0
310871,0
310872,0
310873,1
310874,1
310875,0
310876,2
310877,1
310878,0
310879,0
310881,2
310882,0
310883,2
310884,0
310885,0
310886,0
310887,0
310888,1
310889,0
310890,0
310891,0
310892,0
310893,2
310894,1
310895,1
310896,0
310897,1
310898,0
310899,1
310900,0
310901,1
310902,1
310903,0
310904,1
310905,1
310906,1
310907,0
310908,1
310909,1
310910,1
310911,0
310912,0
310913,1
310914,1
310915,0
310916,0
310917,2
310918,0
310919,0
310920,0
310921,0
310922,2
310923,1
310924,1
310925,2
310926,0
310927,0
310928,1
310929,0
310930,0
310931,0
310932,2
310933,0
310934,1
310935,1
310936,0
310937,2
310938,0
310939,1
310940,1
310941,1
310942,0
310943,0
310944,0
310945,1
310946,1
310947,1
310948,0
310949,2
310950,1
310951,0
310952,1
310953,1
310954,2
310955,1
310956,1
310957,0
310958,1
310959,0
310961,0
310962,1
310963,1
310964,1
310965,0
310966,1
310968,0
310969,0
310970,1
310971,1
310972,0
310973,2
310974,0
310975,0
310976,0
310977,1
310978,0
310979,0
310980,2
310981,0
310982,0
310983,0
310984,0
310985,2
310986,2
310987,1
310988,1
310989,0
310990,2
310991,1
310992,0
310993,0
310994,1
310995,0
310996,1
310997,0
310998,1
310999,0
311000,1
311001,0
311002,0
311003,0
311004,1
311005,0
311006,0
311007,0
311008,2
311009,0
311010,1
311011,0
311012,0
311013,2
311014,0
311015,0
311016,0
311017,1
311018,1
311020,0
311021,1
311022,1
311023,0
311024,0
311025,0
311026,0
311027,1
311028,0
311029,0
311030,0
311031,2
311032,0
311033,2
311034,1
311035,0
311036,1
311037,2
311038,1
311039,1
311040,1
311042,1
311043,0
311044,0
311045,1
311046,0
311047,1
311048,1
311049,0
311050,1
311051,0
311052,1
311053,0
311054,0
311055,0
311056,1
311057,0
311058,0
311059,1
311060,1
311061,0
311062,0
311063,1
311064,1
311065,0
311066,0
311067,0
311068,1
311069,1
311070,0
311071,2
311072,0
311073,0
311074,1
311075,0
311076,1
311077,0
311078,0
311079,0
311080,0
311081,1
311082,1
311083,0
311084,0
311085,0
311086,0
311087,2
311088,1
311089,1
311090,0
311091,0
311092,0
311093,1
311094,0
311095,2
311096,1
311097,1
311098,2
311099,1
311100,1
311101,2
311102,0
311103,0
311104,0
311105,0
311106,0
311107,0
311108,2
311109,1
311110,0
311111,2
311112,2
311113,0
311114,1
311115,0
311116,0
311117,0
311118,0
311120,1
311121,0
311122,2
311123,1
311124,1
311125,0
311126,0
311127,0
311128,1
311129,1
311130,0
311131,0
311132,0
311133,0
311134,1
311135,0
311136,1
311137,2
311138,0
311139,0
311140,0
311141,1
311142,0
311143,0
311144,1
311145,1
311146,0
311147,0
311148,0
311149,0
311150,2
311151,1
311152,0
311153,2
311154,0
311155,0
311156,0
311157,2
311158,1
311159,0
311160,0
311161,1
311162,0
311163,1
311164,0
311165,0
311166,2
311167,0
311168,1
311169,0
311170,0
311171,0
311172,0
311173,0
311174,0
311175,1
311176,0
311177,0
311178,1
311179,0
311180,0
311181,0
311182,1
311183,2
311184,1
311185,0
311186,0
311187,0
311188,1
311189,0
311190,0
311191,2
311192,1
311193,0
311194,0
311195,1
311196,0
311197,0
311198,2
311199,0
311200,1
311201,2
311202,1
311203,0
311204,2
311205,0
311206,0
311207,0
311208,0
311209,0
311210,0
311211,1
311212,0
311213,0
311214,1
311215,0
311216,1
311217,0
311218,1
311219,1
311220,2
311221,1
311222,2
311223,0
311224,1
311225,1
311227,0
311228,1
311229,0
311230,0
311231,1
311232,0
311233,0
311234,0
311235,1
311236,0
311237,1
311238,1
311239,0
311240,1
311241,2
311242,2
311243,0
311244,0
311245,2
311246,0
311247,0
311248,0
311250,1
311251,0
311252,0
311253,0
311254,1
311255,2
311256,0
311257,2
311258,1
311259,1
311260,1
311261,1
311262,0
311263,2
311264,1
311265,1
311266,0
311267,0
311268,2
311269,0
311270,0
311271,0
311272,0
311273,0
311274,0
311275,0
311276,0
311277,0
311278,1
311279,1
311280,0
311281,2
311282,2
311283,0
311284,2
311285,2
311286,0
311287,1
311288,0
311289,1
311290,0
311291,2
311292,0
311293,1
311294,0
311295,0
311296,1
311297,0
311298,1
311299,0
311300,0
311301,0
311302,0
311303,1
311304,0
311305,1
311306,0
311307,1
311308,0
311309,0
311310,1
311311,2
311312,0
311313,0
311314,1
311315,0
311316,0
311317,0
311318,2
311319,0
311320,2
311321,0
311322,0
311323,1
311324,0
311325,1
311326,0
311327,0
311328,0
311329,0
311330,1
311331,0
311332,0
311333,1
311334,1
311335,2
311336,0
311337,0
311338,0
311339,0
311340,0
311341,0
311342,1
311343,0
311344,1
311345,0
311346,2
311347,0
311348,0
311349,0
311350,0
311351,0
311352,2
311353,1
311354,1
311355,1
311356,0
311357,1
311358,0
311359,1
311360,2
311361,0
311362,1
311363,0
311364,0
311365,1
311366,0
311367,1
311368,0
311369,1
311370,1
311371,0
311372,0
311373,0
311374,1
311375,1
311376,0
311377,1
311378,1
311379,0
311380,0
311381,0
311382,0
311383,1
311384,0
311385,0
311386,1
311387,1
311388,0
311389,1
311390,1
311391,1
311392,0
311393,1
311394,0
311395,1
311396,0
311397,0
311398,2
311399,0
311400,1
311401,0
311402,0
311403,0
311404,0
311405,1
311406,1
311407,0
311408,0
311409,0
311410,0
311411,1
311412,0
311413,1
311414,1
311415,0
311416,1
311417,0
311418,0
311419,0
311420,1
311421,0
311422,0
311423,0
311424,1
311425,2
311426,1
311427,0
311428,1
311429,0
311430,1
311431,1
311432,0
311433,0
311434,0
311435,0
311436,1
311437,1
311438,0
311439,0
311440,0
311441,0
311442,0
311443,1
311444,1
311445,0
311446,0
311447,2
311448,1
311449,0
311451,0
311452,0
311453,0
311454,0
311455,1
311456,1
311457,0
311458,2
311459,0
311460,0
311461,0
311462,0
311463,1
311464,1
311465,0
311466,0
311467,0
311468,0
311469,1
311470,0
311471,1
311472,2
311473,0
311474,1
311475,0
311476,0
311477,2
311478,0
311479,0
311480,0
311481,0
311482,0
311483,0
311484,0
311485,1
311486,0
311487,0
311488,0
311489,0
311490,0
311491,0
311492,1
311493,0
311494,1
311495,0
311496,1
311497,0
311498,1
311499,0
311500,0
311501,2
311503,0
311504,0
311505,1
311506,0
311507,0
311508,1
311509,0
311510,1
311511,0
311512,0
311513,2
311514,0
311515,0
311516,1
311517,1
311518,0
311519,0
311520,0
311521,0
311522,0
311523,2
311524,0
311525,0
311526,0
311527,0
311528,0
311529,0
311530,0
311531,0
311532,1
311533,0
311534,2
311535,1
311536,1
311537,0
311538,0
311539,1
311540,0
311541,1
311542,1
311543,0
311544,1
311545,0
311546,0
311547,1
311548,2
311549,0
311550,0
311551,1
311552,2
311553,0
311554,0
311555,0
311556,0
311557,0
311558,1
311559,1
311560,0
311561,2
311562,0
311563,0
311564,0
311565,1
311566,0
311567,1
311568,2
311569,1
311570,0
311571,0
311572,1
311573,1
311574,1
311575,0
311576,1
311577,0
311578,1
311579,1
311580,1
311582,1
311583,0
311584,0
311585,2
311586,0
311587,1
311588,0
311589,0
311590,0
311591,2
311592,0
311593,1
311594,0
311595,2
311596,2
311597,2
311598,0
311599,2
311600,1
311601,2
311602,0
311603,1
311604,2
311605,0
311606,2
311607,1
311608,1
311609,2
311610,0
311611,1
311612,0
311613,0
311614,0
311615,0
311616,0
311617,0
311618,0
311619,0
311620,0
311621,1
311622,1
311623,0
311624,0
311625,0
311626,0
311627,1
311628,0
311629,0
311630,2
311631,0
311632,0
311633,0
311634,0
311635,0
311636,1
311637,2
311638,1
311639,0
311640,0
311641,1
311642,0
311643,1
311644,1
311645,0
311646,0
311647,0
311648,1
311649,1
311650,2
311651,0
311652,1
311653,1
311654,2
311655,1
311656,0
311658,0
311659,1
311660,1
311661,0
311662,1
311663,1
311665,1
311666,0
311667,0
311668,0
311669,1
311670,1
311671,1
311672,1
311673,1
311675,0
311676,0
311677,1
311678,1
311679,0
311680,0
311681,0
311682,0
311683,0
311684,1
311685,1
311686,1
311687,2
311688,1
311689,0
311690,0
311691,0
311692,0
311693,0
311694,1
311695,1
311696,0
311697,0
311698,0
311699,1
311700,1
311701,1
311702,0
311703,0
311704,0
311705,0
311706,0
311707,0
311708,0
311709,2
311710,0
311711,2
311712,0
311713,1
311714,1
311715,0
311716,1
311717,2
311718,1
311719,2
311720,2
311721,0
311722,0
311723,0
311724,1
311725,1
311726,0
311727,1
311728,1
311730,2
311731,0
311732,0
311733,1
311734,1
311735,0
311736,0
311737,0
311738,0
311739,1
311740,2
311741,0
311742,1
311743,0
311744,1
311745,0
311746,0
311747,1
311748,1
311749,1
311750,0
311751,1
311752,1
311753,0
311754,0
311755,0
311756,0
311757,1
311758,0
311759,1
311760,0
311761,2
311762,0
311763,0
311764,0
311765,2
311766,1
311767,1
311768,0
311769,1
311770,1
311771,0
311772,1
311773,1
311774,0
311775,1
311776,0
311777,0
311778,1
311779,0
311780,0
311781,2
311782,0
311783,1
311785,1
311786,0
311787,0
311788,1
311789,0
311790,0
311791,1
311792,0
311793,2
311794,0
311795,1
311796,0
311797,1
311798,0
311799,2
311800,0
311801,0
311802,1
311803,0
311804,1
311805,1
311806,1
311807,2
311808,1
311809,1
311810,0
311811,0
311812,2
311813,0
311814,2
311815,2
311816,0
311817,0
311818,1
311819,0
311820,1
311821,1
311822,0
311823,0
311824,2
311825,0
311826,1
311827,1
311828,0
311829,0
311830,1
311831,0
311832,1
311833,1
311834,0
311835,1
311836,0
311837,0
311838,0
311839,0
311840,0
311841,0
311842,1
311843,0
311844,0
311845,0
311846,2
311847,0
311848,0
311849,0
311850,0
311851,1
311852,2
311853,2
311854,1
311855,1
311856,0
311857,1
311858,0
311859,1
311860,1
311861,1
311862,1
311863,0
311864,0
311865,0
311866,1
311867,0
311868,1
311869,0
311870,1
311871,1
311872,0
311873,1
311874,0
311875,0
311876,1
311877,0
311878,1
311879,1
311880,0
311881,0
311882,0
311883,0
311884,0
311885,0
311886,0
311887,1
311888,0
311889,1
311891,0
311892,2
311893,1
311894,1
311895,1
311896,0
311897,1
311898,0
311899,1
311900,1
311901,0
311902,1
311903,1
311904,1
311905,0
311906,0
311907,0
311908,2
311909,0
311910,2
311911,1
311912,0
311913,0
311914,0
311916,1
311917,2
311918,1
311919,0
311920,0
311921,2
311922,0
311923,1
311924,1
311925,1
311926,0
311927,1
311928,0
311929,1
311930,0
311931,0
311932,0
311933,0
311934,0
311935,0
311936,0
311937,0
311938,0
311939,0
311940,1
311941,0
311942,0
311943,0
311944,1
311945,0
311946,0
311947,0
311948,1
311949,0
311950,0
311951,0
311953,1
311954,2
311955,1
311956,1
311957,1
311958,0
311959,0
311960,2
311961,0
311962,0
311963,1
311964,0
311965,0
311966,0
311968,0
311969,1
311970,0
311971,1
311972,1
311973,1
311974,1
311975,1
311976,0
311977,0
311978,1
311979,1
311980,0
311981,0
311982,0
311983,0
311984,0
311985,1
311986,0
311987,0
311988,0
311989,1
311990,0
311991,0
311992,0
311993,1
311994,1
311995,0
311996,0
311997,0
311998,0
311999,0
312000,1
312001,0
312002,0
312003,1
312004,0
312005,1
312006,0
312008,0
312009,1
312010,0
312011,0
312012,2
312013,2
312014,0
312015,1
312016,0
312017,0
312018,1
312019,2
312020,0
312021,1
312022,0
312023,1
312024,0
312025,1
312026,2
312027,0
312028,1
312029,0
312030,0
312031,0
312032,0
312033,0
312034,0
312035,0
312036,0
312037,0
312038,0
312039,0
312040,2
312041,0
312042,0
312043,0
312044,0
312045,0
312046,0
312047,0
312048,2
312049,0
312050,0
312051,0
312052,1
312053,0
312054,2
312055,1
312056,0
312057,0
312058,0
312059,0
312060,0
312061,1
312062,1
312063,0
312064,1
312065,1
312066,0
312067,0
312068,0
312069,1
312070,0
312071,0
312072,2
312073,2
312074,0
312075,0
312076,1
312077,0
312078,0
312079,1
312080,1
312081,1
312082,1
312083,1
312084,0
312085,0
312086,1
312087,1
312088,0
312089,1
312090,0
312091,2
312092,0
312093,0
312094,0
312095,2
312096,0
312097,0
312098,0
312099,0
312100,2
312101,0
312102,1
312103,0
312104,0
312105,0
312106,0
312107,1
312108,0
312109,0
312110,0
312111,2
312112,0
312113,2
312114,0
312115,0
312116,0
312117,2
312118,1
312119,0
312120,1
312121,0
312122,0
312123,1
312124,0
312125,1
312126,0
312127,1
312128,0
312129,0
312130,0
312131,0
312132,1
312133,0
312134,1
312135,1
312136,0
312137,2
312138,0
312139,1
312140,0
312141,0
312142,0
312143,0
312144,0
312145,1
312146,1
312147,1
312148,1
312149,0
312150,0
312151,0
312152,0
312153,0
312154,0
312155,0
312156,1
312157,0
312158,2
312159,1
312160,1
312161,0
312162,1
312163,0
312164,1
312165,0
312166,0
312167,1
312168,0
312169,0
312170,0
312171,1
312172,0
312173,0
312174,1
312175,0
312176,2
312177,1
312178,0
312179,1
312180,0
312181,1
312182,0
312183,0
312184,1
312185,0
312186,1
312187,0
312188,0
312189,0
312190,1
312191,0
312192,1
312193,0
312194,0
312195,2
312196,0
312197,1
312198,0
312199,0
312200,2
312201,0
312202,1
312203,0
312204,0
312205,0
312206,0
312207,1
312208,2
312209,0
312210,1
312211,0
312212,1
312213,0
312214,0
312215,0
312216,0
312217,0
312218,0
312219,1
312220,1
312221,0
312222,0
312223,2
312224,0
312225,1
312226,1
312227,0
312228,1
312229,0
312230,1
312231,1
312232,1
312233,0
312234,0
312235,0
312236,0
312237,0
312238,0
312239,0
312240,1
312241,0
312242,0
312243,0
312244,0
312245,0
312246,2
312247,0
312248,2
312249,2
312250,1
312251,0
312252,1
312253,0
312254,1
312255,0
312256,0
312257,0
312258,0
312259,1
312260,2
312261,1
312262,0
312263,0
312264,0
312265,0
312266,0
312267,1
312268,1
312269,0
312270,1
312271,0
312272,1
312273,1
312274,0
312275,0
312276,0
312277,0
312278,0
312279,2
312280,0
312281,1
312282,1
312283,0
312284,0
312285,0
312286,1
312287,0
312288,1
312289,0
312290,0
312291,0
312292,1
312293,2
312295,0
312296,0
312297,1
312298,1
312299,1
312300,0
312301,0
312302,1
312303,1
312306,0
312307,2
312308,0
312309,2
312310,0
312311,0
312312,2
312313,0
312314,0
312315,0
312316,1
312317,0
312318,0
312319,0
312320,0
312321,0
312322,1
312323,0
312324,0
312326,1
312327,2
312328,0
312329,1
312330,2
312331,0
312332,0
312333,1
312334,0
312335,2
312336,0
312337,1
312338,0
312339,0
312340,2
312341,1
312342,0
312343,1
312344,1
312345,1
312346,0
312347,0
312349,1
312350,1
312351,1
312352,1
312353,0
312354,0
312355,0
312356,0
312357,0
312358,1
312359,1
312360,2
312361,0
312362,0
312363,2
312364,0
312365,0
312366,2
312367,0
312368,0
312369,0
312370,1
312371,0
312372,2
312373,0
312374,1
312375,2
312376,1
312377,1
312378,0
312379,0
312380,1
312381,0
312382,0
312383,0
312384,1
312385,0
312386,1
312387,0
312388,1
312389,0
312390,0
312391,0
312392,0
312393,0
312394,0
312395,1
312396,1
312397,0
312398,1
312400,0
312401,0
312402,1
312403,2
312404,1
312405,0
312406,0
312407,0
312408,0
312409,1
312410,1
312411,0
312412,1
312413,0
312414,1
312415,0
312416,0
312417,0
312418,1
312419,1
312420,2
312421,1
312422,1
312423,1
312424,0
312425,1
312426,2
312427,0
312428,0
312429,0
312430,1
312431,0
312432,0
312433,0
312434,0
312435,0
312436,1
312437,0
312438,0
312439,1
312440,0
312441,0
312442,0
312443,0
312444,1
312445,1
312446,0
312447,1
312448,1
312449,1
312450,2
312451,0
312452,0
312453,0
312454,1
312455,0
312456,0
312457,0
312458,1
312460,1
312461,0
312462,0
312463,0
312464,1
312465,0
312466,0
312467,0
312468,1
312469,1
312470,0
312471,0
312472,1
312473,2
312474,1
312475,1
312476,0
312477,0
312478,0
312479,0
312480,0
312481,0
312482,1
312483,1
312484,1
312485,0
312486,0
312487,0
312488,1
312489,0
312490,1
312491,0
312492,1
312493,2
312494,1
312495,0
312496,0
312497,1
312498,1
312499,0
312500,0
312501,0
312502,2
312503,1
312504,1
312505,1
312506,0
312507,0
312508,1
312510,1
312511,1
312512,0
312513,0
312514,1
312515,0
312516,1
312517,0
312518,1
312520,1
312521,0
312522,0
312523,0
312524,0
312525,0
312526,0
312527,2
312528,1
312529,1
312530,1
312531,0
312532,0
312533,1
312534,0
312535,0
312536,0
312537,2
312538,1
312539,2
312540,1
312541,1
312542,0
312543,0
312544,0
312545,0
312546,0
312547,1
312548,0
312549,0
312550,1
312551,0
312552,0
312553,0
312554,1
312555,1
312556,2
312557,0
312558,1
312559,0
312560,1
312561,0
312562,0
312563,0
312564,0
312565,0
312566,0
312567,1
312568,0
312569,0
312570,1
312571,1
312573,1
312574,0
312575,0
312576,0
312577,0
312578,2
312579,0
312580,0
312581,0
312582,1
312583,0
312584,0
312585,1
312586,0
312587,0
312588,0
312589,0
312590,1
312591,0
312592,0
312594,0
312595,1
312596,1
312597,0
312598,0
312599,1
312600,0
312601,0
312602,0
312603,1
312604,0
312605,0
312606,0
312607,0
312608,0
312610,0
312611,1
312612,0
312613,0
312614,0
312615,2
312616,0
312617,1
312618,0
312619,0
312620,1
312621,0
312622,0
312623,0
312624,1
312625,1
312626,0
312627,0
312628,0
312629,0
312630,0
312631,0
312632,0
312633,0
312634,1
312635,1
312636,0
312637,0
312638,1
312639,0
312640,1
312641,1
312642,0
312643,0
312644,1
312645,1
312646,1
312647,2
312648,0
312649,1
312650,1
312651,0
312652,0
312653,0
312654,1
312655,0
312656,1
312657,0
312658,1
312659,1
312660,1
312661,0
312662,0
312663,0
312664,0
312665,1
312666,1
312667,1
312668,1
312669,1
312671,0
312672,1
312673,1
312674,1
312675,1
312676,0
312677,1
312678,1
312679,0
312680,0
312681,0
312682,0
312683,1
312684,1
312685,0
312686,2
312687,0
312688,2
312689,1
312690,0
312691,0
312692,0
312693,0
312694,1
312695,1
312696,0
312697,0
312698,1
312699,2
312700,1
312701,2
312702,1
312703,1
312704,0
312705,1
312706,1
312707,0
312708,0
312709,0
312710,0
312711,1
312712,0
312713,0
312714,0
312715,1
312716,0
312717,0
312718,2
312719,1
312720,0
312721,0
312722,1
312723,1
312724,1
312725,0
312726,0
312727,1
312728,1
312729,0
312730,1
312731,1
312732,0
312733,0
312734,1
312735,2
312736,1
312737,0
312738,2
312739,0
312740,1
312741,1
312742,0
312743,0
312744,0
312745,0
312746,2
312747,0
312748,0
312749,0
312750,0
312751,2
312752,0
312753,0
312754,0
312755,1
312756,1
312757,1
312758,1
312759,0
312760,0
312761,0
312762,0
312763,1
312764,1
312765,0
312766,0
312767,0
312768,0
312769,1
312770,0
312771,0
312772,0
312773,1
312774,2
312775,2
312776,0
312777,0
312778,2
312779,0
312780,2
312781,1
312782,0
312783,1
312784,1
312785,0
312786,2
312787,0
312788,1
312789,0
312790,1
312791,1
312792,0
312793,2
312794,0
312795,0
312796,0
312797,0
312798,0
312799,1
312800,1
312801,0
312802,0
312803,0
312804,1
312805,0
312806,0
312807,1
312808,1
312809,0
312810,1
312811,0
312812,0
312813,0
312814,1
312815,1
312816,0
312817,0
312818,1
312819,0
312820,1
312821,0
312822,1
312823,0
312824,0
312825,0
312827,0
312828,0
312829,1
312830,1
312831,0
312832,2
312833,1
312834,0
312835,0
312836,0
312837,0
312838,1
312839,0
312840,2
312841,0
312842,0
312843,0
312844,0
312845,0
312846,1
312847,2
312848,0
312849,1
312850,0
312851,0
312852,0
312853,1
312854,2
312855,2
312856,0
312857,2
312858,0
312859,0
312860,0
312861,1
312862,2
312863,1
312864,0
312865,0
312866,0
312867,0
312868,2
312869,0
312870,0
312871,1
312873,1
312874,0
312875,0
312876,0
312877,0
312878,0
312879,0
312880,1
312881,0
312882,0
312883,2
312885,0
312886,1
312887,0
312888,0
312889,0
312890,0
312891,1
312892,0
312893,2
312894,0
312895,1
312896,0
312897,0
312898,0
312899,0
312900,0
312901,2
312902,1
312903,0
312904,0
312905,0
312906,0
312907,0
312908,0
312909,0
312910,1
312911,0
312912,0
312913,0
312914,1
312915,1
312916,1
312917,0
312919,0
312920,0
312921,0
312922,0
312923,2
312924,0
312925,1
312926,0
312927,0
312928,0
312929,0
312930,1
312931,2
312932,2
312933,0
312934,0
312935,0
312936,1
312937,0
312938,1
312939,0
312940,1
312941,0
312942,2
312943,0
312944,0
312945,0
312946,0
312947,0
312948,0
312949,0
312950,0
312951,1
312952,0
312953,0
312954,0
312955,0
312956,2
312959,2
312960,0
312961,1
312962,1
312963,0
312964,1
312965,1
312966,0
312967,2
312968,0
312969,0
312970,2
312971,1
312972,0
312973,0
312974,1
312975,0
312976,1
312977,0
312978,0
312979,0
312980,1
312981,1
312982,0
312983,0
312984,0
312985,1
312986,0
312987,0
312988,0
312989,0
312990,0
312991,0
312992,0
312993,0
312995,1
312996,0
312997,0
312998,0
312999,1
313000,0
313001,1
313002,1
313003,0
313004,1
313005,0
313006,0
313007,0
313008,0
313010,0
313011,0
313012,0
313013,0
313014,1
313015,0
313016,0
313017,0
313018,1
313020,0
313021,2
313022,2
313023,1
313024,0
313025,0
313026,0
313027,0
313028,0
313029,1
313030,0
313031,0
313032,0
313033,1
313034,0
313035,0
313036,0
313037,1
313038,0
313039,1
313040,0
313041,2
313042,0
313043,1
313044,1
313045,0
313046,1
313047,0
313048,0
313049,0
313050,1
313051,1
313052,0
313053,1
313054,0
313055,0
313056,0
313057,1
313058,0
313059,0
313060,0
313061,1
313062,0
313063,1
313064,0
313065,1
313066,0
313067,1
313068,0
313069,0
313070,0
313071,0
313072,0
313073,0
313074,2
313075,0
313076,0
313077,0
313078,0
313079,0
313080,0
313081,1
313082,0
313083,1
313084,0
313085,1
313086,0
313087,0
313088,0
313089,1
313090,0
313091,1
313092,0
313093,1
313094,0
313095,2
313096,2
313097,1
313098,1
313099,0
313100,0
313101,2
313102,0
313103,1
313104,1
313105,0
313106,0
313107,0
313109,1
313110,2
313111,0
313112,0
313113,1
313114,1
313115,2
313116,0
313117,1
313118,1
313119,0
313120,0
313121,0
313122,0
313123,1
313124,0
313125,1
313126,0
313127,0
313128,0
313129,0
313130,0
313131,1
313132,0
313133,0
313134,0
313135,2
313136,2
313137,0
313138,1
313139,0
313140,1
313141,0
313142,0
313143,0
313144,1
313145,0
313146,0
313148,1
313149,1
313150,1
313151,0
313152,0
313153,0
313154,1
313155,1
313156,0
313157,0
313158,1
313159,1
313160,0
313161,0
313162,1
313163,2
313164,1
313165,0
313166,1
313167,1
313168,0
313169,2
313170,1
313171,0
313172,0
313173,0
313174,1
313175,1
313176,0
313177,1
313178,0
313179,1
313180,2
313181,0
313182,1
313183,0
313184,0
313185,0
313186,0
313187,0
313188,0
313189,0
313190,1
313191,1
313192,0
313193,0
313194,0
313195,2
313196,0
313197,0
313198,0
313199,1
313200,2
313201,1
313202,1
313203,2
313204,1
313205,2
313206,0
313207,0
313208,1
313209,1
313210,0
313211,0
313212,1
313213,0
313214,1
313215,2
313216,0
313217,1
313218,2
313219,1
313220,0
313221,2
313222,0
313223,0
313224,2
313225,0
313226,0
313227,1
313228,1
313229,0
313230,1
313231,0
313232,0
313233,0
313234,0
313235,0
313236,1
313237,0
313238,1
313239,1
313240,0
313241,1
313242,0
313243,0
313244,1
313245,0
313246,1
313247,0
313248,1
313249,0
313250,2
313251,0
313252,1
313253,2
313254,1
313255,2
313256,0
313257,0
313258,1
313259,0
313260,0
313261,2
313262,2
313263,0
313264,0
313265,0
313266,0
313267,1
313268,1
313269,2
313270,0
313271,0
313272,1
313273,0
313274,1
313275,0
313276,0
313277,2
313278,1
313279,0
313280,0
313281,2
313282,1
313283,0
313284,0
313285,0
313286,1
313287,1
313288,0
313289,2
313290,0
313291,0
313292,1
313293,0
313294,0
313295,0
313296,1
313297,0
313298,1
313299,1
313300,1
313301,0
313302,0
313303,1
313304,1
313305,0
313306,0
313307,2
313308,2
313309,0
313310,0
313311,1
313312,0
313313,0
313314,0
313315,0
313316,0
313317,1
313318,0
313319,1
313320,0
313321,0
313322,1
313323,1
313324,0
313325,0
313326,0
313327,0
313328,1
313329,0
313330,0
313331,1
313332,1
313333,0
313334,0
313335,0
313336,0
313337,0
313338,2
313339,0
313340,1
313341,0
313342,1
313343,0
313344,0
313345,2
313346,1
313347,0
313348,0
313349,1
313350,0
313351,1
313352,1
313353,1
313354,0
313355,1
313356,1
313357,0
313358,2
313359,1
313360,1
313361,0
313362,1
313363,0
313364,0
313365,1
313366,0
313367,0
313368,1
313369,0
313370,0
313371,0
313372,0
313373,0
313374,1
313375,2
313376,2
313377,0
313378,0
313379,0
313380,1
313381,0
313382,0
313383,0
313384,2
313385,2
313386,0
313387,0
313388,0
313389,0
313391,2
313392,1
313393,1
313394,0
313395,0
313396,2
313397,1
313398,0
313399,2
313400,0
313401,0
313402,1
313403,1
313404,0
313405,0
313406,0
313407,1
313408,1
313409,0
313410,0
313411,1
313412,1
313413,1
313414,0
313415,0
313416,0
313417,0
313418,1
313419,0
313420,0
313421,1
313422,2
313423,1
313424,0
313425,1
313426,1
313427,1
313428,1
313429,0
313430,0
313431,0
313432,1
313433,0
313434,0
313435,0
313436,1
313437,0
313438,1
313439,1
313440,0
313441,0
313442,0
313443,1
313444,0
313445,1
313446,0
313447,0
313448,1
313449,1
313450,0
313451,1
313452,0
313453,0
313454,1
313455,0
313456,1
313457,1
313458,0
313459,0
313460,0
313461,2
313462,2
313463,0
313464,0
313465,1
313466,1
313467,0
313468,0
313469,0
313470,0
313471,2
313472,0
313473,0
313474,0
313475,1
313476,0
313477,1
313478,1
313479,1
313480,0
313481,1
313482,0
313483,1
313484,0
313485,1
313486,0
313487,0
313488,0
313489,1
313490,1
313491,2
313492,0
313493,2
313494,1
313495,0
313496,0
313497,0
313498,0
313499,0
313500,0
313501,1
313502,0
313503,0
313504,1
313505,0
313506,0
313507,0
313508,0
313509,0
313510,0
313511,0
313512,0
313513,1
313514,1
313515,0
313516,1
313517,1
313518,0
313519,1
313520,0
313521,1
313522,0
313523,0
313524,1
313525,0
313526,0
313527,0
313528,0
313530,1
313531,0
313532,1
313533,2
313534,0
313535,0
313536,1
313537,1
313538,0
313539,0
313540,1
313541,1
313542,1
313543,0
313544,0
313545,0
313546,1
313547,0
313548,0
313549,0
313550,1
313551,0
313552,0
313553,0
313554,1
313555,0
313556,1
313557,2
313558,1
313559,0
313560,0
313561,1
313562,0
313563,2
313564,1
313565,0
313566,0
313567,0
313568,1
313569,0
313570,1
313571,0
313572,1
313573,0
313574,0
313575,1
313576,2
313577,0
313578,1
313579,1
313580,1
313581,0
313582,0
313583,0
313585,0
313586,2
313587,0
313588,0
313590,1
313591,1
313592,0
313593,0
313594,0
313595,0
313596,1
313597,0
313598,1
313599,0
313600,0
313601,0
313602,1
313603,2
313604,1
313605,1
313606,0
313607,0
313608,1
313609,0
313610,1
313611,0
313612,1
313613,2
313614,0
313615,1
313616,1
313617,1
313618,0
313620,0
313621,0
313622,0
313624,0
313625,1
313626,1
313627,0
313628,0
313629,0
313630,2
313631,1
313632,0
313633,0
313634,1
313635,1
313636,0
313637,0
313638,2
313639,0
313640,2
313641,0
313642,1
313643,0
313644,0
313645,0
313646,0
313647,0
313648,1
313649,0
313650,0
313651,0
313652,0
313653,0
313654,2
313655,1
313656,0
313657,1
313658,1
313659,0
313660,0
313661,0
313662,0
313663,0
313664,0
313665,0
313666,1
313667,0
313668,0
313669,0
313670,1
313671,0
313672,0
313673,1
313674,0
313675,1
313676,0
313677,1
313678,0
313679,0
313680,0
313681,0
313682,0
313683,1
313684,1
313685,0
313686,1
313687,0
313688,0
313689,0
313690,1
313691,0
313692,2
313693,1
313694,0
313695,0
313696,0
313697,0
313698,1
313699,0
313700,1
313701,1
313702,2
313703,1
313704,1
313705,1
313706,0
313707,0
313708,0
313709,0
313710,0
313711,1
313712,0
313713,0
313714,0
313715,0
313716,1
313717,0
313718,1
313719,1
313720,0
313721,1
313722,0
313723,0
313724,0
313725,1
313726,1
313727,0
313728,1
313729,2
313730,0
313731,0
313732,0
313733,0
313734,0
313735,2
313736,0
313737,0
313738,0
313739,0
313740,1
313741,2
313742,0
313743,0
313744,2
313745,0
313746,2
313747,0
313748,0
313749,1
313750,0
313751,0
313752,0
313753,1
313754,2
313755,1
313756,1
313757,1
313758,0
313759,0
313760,1
313761,0
313762,1
313763,0
313764,0
313765,0
313766,1
313767,1
313768,0
313769,0
313770,0
313771,0
313772,1
313773,0
313774,0
313775,0
313776,0
313777,0
313778,1
313779,0
313780,2
313781,0
313782,1
313783,0
313784,0
313785,1
313786,0
313787,0
313788,2
313789,0
313790,1
313791,0
313792,2
313793,0
313794,1
313795,0
313796,0
313797,1
313798,1
313799,1
313800,1
313801,0
313802,0
313803,1
313804,1
313805,1
313806,0
313807,1
313808,2
313809,1
313810,1
313811,1
313812,0
313813,0
313814,2
313815,0
313816,1
313817,0
313818,0
313819,1
313820,0
313821,1
313822,0
313823,1
313824,2
313825,0
313826,0
313827,2
313828,0
313829,2
313830,0
313831,0
313832,1
313833,0
313834,0
313835,1
313836,0
313837,1
313838,2
313839,0
313840,2
313841,0
313842,0
313843,1
313844,0
313845,1
313846,0
313847,0
313848,1
313849,2
313850,2
313851,2
313852,0
313853,1
313854,0
313855,2
313856,0
313857,0
313858,2
313859,0
313860,2
313861,0
313862,0
313863,0
313864,2
313865,1
313866,1
313867,1
313868,2
313869,1
313870,2
313871,2
313872,0
313873,0
313874,0
313875,0
313876,0
313877,1
313879,1
313880,1
313881,0
313882,2
313883,0
313884,0
313885,1
313886,1
313887,2
313888,0
313889,1
313890,0
313891,0
313892,1
313893,2
313894,0
313896,1
313897,2
313898,1
313899,1
313900,0
313901,1
313902,0
313903,0
313904,0
313905,0
313906,1
313907,0
313908,2
313909,0
313910,1
313911,0
313912,1
313913,1
313914,0
313915,0
313916,1
313917,0
313918,0
313919,1
313920,0
313921,1
313922,2
313923,0
313924,1
313925,0
313926,0
313927,1
313928,0
313929,0
313930,1
313931,1
313932,0
313933,0
313934,0
313935,0
313936,0
313937,1
313938,0
313940,1
313941,0
313942,1
313943,0
313944,0
313945,0
313946,2
313947,0
313948,1
313949,0
313950,0
313951,0
313952,1
313953,0
313954,0
313955,0
313956,0
313957,0
313958,1
313959,2
313960,0
313961,0
313962,0
313963,0
313964,1
313965,0
313966,2
313967,1
313968,0
313969,0
313970,0
313971,0
313972,0
313973,1
313974,0
313975,0
313976,0
313977,2
313978,0
313979,0
313980,0
313981,0
313982,0
313983,1
313984,0
313985,0
313986,2
313987,1
313988,1
313989,0
313990,1
313992,2
313993,0
313994,0
313995,0
313996,0
313997,0
313998,0
313999,0
314000,1
314001,0
314002,2
314003,0
314004,1
314005,0
314006,0
314007,2
314008,0
314009,0
314010,1
314011,0
314012,0
314013,0
314014,1
314015,0
314016,2
314017,0
314018,0
314019,0
314020,0
314021,1
314022,0
314023,0
314024,0
314025,1
314026,1
314027,1
314028,0
314029,0
314030,0
314031,1
314032,1
314033,0
314034,1
314035,0
314036,0
314037,1
314038,0
314039,1
314040,2
314041,0
314042,0
314043,1
314044,0
314045,1
314046,1
314047,0
314048,0
314049,1
314050,1
314051,2
314052,0
314053,1
314054,1
314055,0
314056,0
314057,0
314058,0
314059,0
314060,0
314061,1
314062,2
314063,0
314064,1
314065,1
314066,0
314067,0
314068,0
314069,0
314070,0
314071,0
314072,1
314073,0
314074,0
314075,0
314076,1
314077,0
314078,0
314079,0
314080,0
314081,1
314082,0
314083,0
314084,0
314085,0
314086,1
314087,1
314088,1
314089,1
314090,0
314091,0
314092,0
314093,0
314094,0
314095,0
314096,1
314097,0
314098,1
314099,0
314100,1
314101,0
314102,0
314103,0
314104,0
314105,0
314106,0
314107,0
314108,0
314109,2
314110,0
314111,1
314112,1
314113,0
314114,0
314116,1
314117,0
314118,0
314119,0
314120,0
314121,1
314122,0
314123,0
314124,0
314125,0
314126,1
314127,1
314128,1
314129,2
314130,0
314131,0
314132,0
314133,0
314134,0
314135,2
314136,0
314137,0
314138,0
314139,0
314140,1
314141,0
314142,2
314143,0
314145,1
314146,0
314147,0
314149,1
314150,0
314151,0
314152,0
314153,2
314154,1
314155,0
314156,1
314157,0
314158,0
314159,1
314160,1
314161,0
314162,2
314163,1
314164,1
314165,0
314166,1
314167,0
314168,0
314169,0
314170,2
314171,1
314172,0
314173,1
314174,1
314175,1
314176,0
314177,1
314178,0
314179,1
314180,0
314181,2
314182,2
314183,0
314184,1
314185,1
314186,2
314187,0
314188,1
314189,0
314190,0
314191,0
314192,0
314193,2
314194,0
314195,1
314196,0
314197,1
314198,1
314199,2
314200,1
314201,2
314202,1
314203,1
314204,1
314205,0
314206,0
314207,1
314208,0
314209,2
314210,0
314211,1
314212,1
314213,0
314214,0
314215,0
314216,0
314217,1
314218,0
314219,0
314220,0
314221,0
314222,0
314223,2
314224,1
314225,1
314226,0
314227,0
314228,2
314229,1
314230,1
314231,1
314232,0
314233,0
314234,0
314235,0
314236,0
314237,1
314238,0
314239,1
314240,2
314241,0
314242,0
314243,1
314244,1
314245,0
314246,1
314247,0
314248,0
314249,0
314250,0
314251,1
314252,1
314253,1
314254,1
314255,1
314256,1
314257,1
314258,2
314259,1
314260,0
314261,1
314262,0
314263,0
314264,1
314265,1
314266,0
314267,0
314268,0
314269,0
314270,0
314271,1
314272,0
314273,0
314274,0
314275,0
314276,1
314277,2
314278,0
314279,1
314280,0
314281,0
314282,2
314283,1
314284,0
314285,0
314286,1
314287,0
314288,2
314289,0
314290,1
314291,0
314292,1
314293,0
314294,0
314295,2
314296,0
314297,0
314298,0
314299,1
314300,0
314301,1
314302,0
314303,0
314304,0
314305,2
314306,0
314307,0
314308,0
314309,2
314310,2
314311,2
314312,2
314313,0
314314,0
314315,1
314316,0
314317,2
314318,2
314319,1
314320,0
314321,0
314322,0
314323,0
314324,0
314325,0
314326,0
314327,1
314328,1
314329,0
314330,1
314332,1
314333,0
314334,0
314335,0
314336,0
314337,0
314338,1
314340,0
314341,0
314342,2
314343,2
314344,0
314345,2
314347,1
314348,1
314349,0
314350,1
314351,1
314352,1
314353,0
314354,0
314355,0
314356,1
314357,0
314358,2
314359,0
314360,1
314361,1
314362,0
314363,1
314364,1
314365,0
314366,1
314367,0
314368,0
314369,0
314370,0
314371,1
314372,0
314373,2
314374,0
314375,1
314376,0
314377,1
314378,0
314379,2
314380,0
314382,1
314383,0
314384,1
314385,1
314386,0
314387,0
314388,1
314389,0
314390,1
314391,0
314392,1
314393,0
314394,1
314395,0
314396,1
314397,1
314398,0
314399,0
314400,2
314401,1
314402,0
314403,2
314404,1
314405,2
314406,0
314407,2
314408,0
314409,0
314411,1
314412,1
314413,0
314414,1
314416,0
314417,0
314418,1
314419,1
314420,0
314421,2
314422,2
314423,1
314424,0
314425,0
314426,1
314427,0
314428,0
314429,1
314430,2
314431,0
314432,0
314433,1
314434,0
314435,1
314436,2
314437,1
314438,0
314439,0
314440,0
314441,0
314442,1
314443,0
314444,0
314445,2
314446,0
314447,1
314448,2
314449,0
314450,0
314451,0
314452,0
314453,0
314454,0
314455,0
314456,2
314457,0
314458,1
314459,1
314460,1
314461,0
314462,0
314463,1
314464,1
314465,0
314466,1
314467,1
314468,0
314469,0
314470,1
314471,2
314472,0
314473,1
314474,1
314475,0
314476,2
314477,0
314478,0
314479,0
314480,0
314481,0
314482,0
314483,1
314484,1
314485,1
314486,1
314487,0
314488,0
314489,0
314490,0
314491,0
314492,1
314493,2
314494,0
314495,0
314496,1
314497,1
314498,0
314499,0
314500,1
314501,2
314502,0
314503,0
314504,2
314505,1
314506,0
314507,0
314508,1
314509,0
314510,1
314511,0
314512,0
314513,0
314514,0
314515,2
314516,1
314517,0
314518,1
314519,0
314520,0
314521,1
314522,0
314523,0
314524,0
314525,1
314526,0
314527,0
314528,0
314529,0
314530,2
314531,1
314532,1
314533,0
314534,0
314535,0
314536,0
314537,2
314538,0
314539,1
314540,1
314541,0
314542,0
314543,1
314544,1
314545,1
314546,0
314547,1
314548,2
314549,0
314550,0
314551,1
314552,1
314553,0
314554,0
314555,0
314556,0
314557,1
314558,0
314559,0
314560,0
314561,0
314562,1
314563,0
314564,0
314565,1
314566,0
314567,0
314568,0
314569,1
314570,1
314571,0
314572,1
314573,0
314574,1
314575,0
314576,1
314577,0
314578,0
314579,1
314580,0
314581,1
314582,1
314584,0
314585,0
314586,0
314587,1
314588,0
314589,0
314590,0
314591,1
314592,0
314593,1
314594,1
314595,0
314596,0
314597,0
314598,0
314599,2
314600,2
314601,0
314602,0
314603,1
314604,0
314605,2
314606,0
314607,2
314608,1
314609,0
314610,0
314611,0
314612,1
314613,0
314614,0
314615,2
314616,0
314617,0
314618,1
314619,0
314620,0
314621,1
314622,0
314623,0
314624,0
314625,0
314626,0
314627,0
314628,0
314629,0
314630,0
314631,0
314632,0
314633,0
314634,0
314635,0
314636,0
314637,0
314638,0
314639,0
314640,0
314641,1
314642,0
314643,0
314644,0
314645,1
314646,0
314647,0
314648,0
314649,0
314650,1
314651,1
314652,0
314653,1
314654,0
314655,0
314656,0
314657,0
314658,1
314659,2
314660,2
314661,0
314662,2
314663,1
314664,1
314665,1
314666,0
314667,0
314668,1
314669,0
314670,1
314671,0
314672,1
314673,0
314674,0
314675,1
314676,1
314677,1
314678,2
314679,0
314680,0
314681,0
314682,1
314683,1
314684,0
314685,1
314686,1
314687,0
314688,0
314689,0
314690,0
314691,1
314692,0
314693,0
314694,2
314695,0
314696,0
314697,2
314698,2
314699,2
314700,0
314701,1
314702,1
314703,0
314704,1
314705,1
314706,0
314707,1
314708,0
314710,0
314711,1
314712,1
314713,1
314714,0
314715,0
314716,0
314717,0
314718,2
314719,0
314720,0
314721,1
314722,2
314723,0
314724,1
314725,0
314726,1
314727,2
314728,0
314729,0
314730,1
314731,0
314732,1
314733,2
314734,1
314735,1
314736,0
314738,0
314739,0
314740,2
314741,0
314742,2
314743,2
314744,0
314745,1
314746,0
314747,1
314748,1
314749,0
314750,0
314751,0
314752,0
314753,0
314755,1
314756,1
314757,0
314758,0
314759,1
314760,0
314761,0
314762,0
314763,1
314764,0
314765,0
314766,0
314767,0
314768,0
314769,1
314770,2
314772,0
314773,0
314774,0
314775,1
314776,2
314777,1
314778,0
314779,1
314780,0
314781,0
314782,1
314783,1
314784,1
314785,0
314786,0
314787,0
314788,2
314789,0
314790,0
314791,0
314792,1
314793,0
314794,0
314795,1
314796,0
314797,1
314798,1
314799,0
314800,0
314801,2
314802,0
314803,1
314804,2
314805,0
314806,0
314807,1
314808,0
314809,1
314810,1
314811,1
314812,1
314813,0
314814,1
314815,0
314816,0
314818,2
314819,0
314820,0
314821,0
314822,1
314823,1
314824,0
314825,1
314826,0
314827,0
314828,2
314829,0
314831,1
314832,0
314833,2
314834,1
314835,0
314836,0
314837,0
314838,1
314839,0
314840,0
314841,0
314842,0
314843,0
314844,1
314845,0
314846,2
314847,2
314848,1
314849,2
314850,1
314851,0
314852,1
314853,0
314854,0
314855,1
314856,0
314857,1
314858,0
314859,1
314860,0
314861,0
314862,2
314863,2
314864,0
314865,0
314866,0
314867,0
314868,0
314869,0
314870,1
314871,1
314872,0
314873,0
314874,0
314875,0
314876,0
314877,0
314878,1
314879,1
314880,2
314881,1
314882,2
314883,0
314884,1
314885,2
314886,0
314887,2
314888,0
314889,0
314890,2
314891,0
314892,0
314893,0
314894,0
314895,0
314896,1
314897,1
314898,1
314899,0
314900,0
314901,0
314902,1
314903,0
314904,0
314905,0
314906,0
314907,0
314908,0
314909,0
314910,0
314911,0
314912,0
314913,0
314914,1
314915,1
314916,2
314917,1
314918,0
314919,0
314920,0
314921,0
314922,0
314923,2
314924,0
314925,0
314926,0
314927,0
314928,0
314929,1
314930,1
314931,0
314932,0
314933,2
314934,0
314935,0
314936,0
314937,0
314938,2
314939,0
314940,1
314941,0
314942,2
314943,0
314944,0
314945,1
314946,0
314947,0
314948,1
314949,1
314950,0
314951,0
314952,0
314953,0
314954,1
314955,0
314956,2
314957,1
314958,0
314959,0
314960,1
314961,2
314962,1
314963,0
314964,0
314965,0
314966,2
314967,0
314968,2
314969,0
314970,0
314971,0
314972,0
314973,0
314974,0
314975,2
314976,0
314977,2
314978,1
314979,0
314980,0
314981,2
314982,1
314983,0
314984,2
314985,0
314986,1
314987,0
314988,1
314989,0
314990,1
314991,0
314992,1
314993,0
314994,0
314995,0
314996,0
314997,0
314998,1
314999,0
315000,0
315001,0
315002,1
315003,0
315004,1
315005,0
315006,0
315007,1
315008,0
315009,0
315010,1
315011,0
315012,0
315013,2
315014,2
315015,1
315016,0
315017,0
315018,2
315019,0
315020,1
315021,1
315022,1
315023,1
315024,0
315025,1
315026,0
315027,1
315028,0
315029,1
315030,0
315031,0
315032,0
315033,1
315034,0
315035,0
315036,2
315037,1
315038,1
315039,1
315040,0
315041,0
315042,0
315043,0
315044,0
315045,1
315046,0
315047,1
315048,0
315049,0
315050,0
315051,0
315052,0
315053,0
315054,0
315055,0
315056,0
315057,0
315058,0
315059,1
315060,0
315061,0
315062,0
315063,0
315064,0
315065,0
315066,0
315067,1
315068,1
315069,0
315070,0
315071,1
315072,0
315073,0
315074,0
315075,0
315076,1
315077,0
315078,0
315079,0
315080,0
315081,1
315082,0
315083,1
315084,1
315085,1
315086,2
315087,0
315088,0
315089,0
315091,0
315092,1
315093,2
315094,0
315095,0
315096,0
315097,1
315098,0
315099,1
315100,1
315101,1
315102,0
315103,0
315104,1
315105,1
315106,1
315107,0
315108,0
315109,0
315110,0
315111,0
315112,2
315113,1
315114,0
315115,1
315116,0
315117,2
315118,0
315119,1
315120,0
315121,0
315122,0
315123,0
315124,2
315125,0
315126,1
315127,1
315128,0
315129,0
315130,0
315132,0
315133,0
315134,1
315135,0
315136,1
315137,1
315138,0
315139,1
315140,0
315141,0
315142,1
315143,0
315144,2
315145,0
315146,0
315147,2
315148,0
315149,0
315150,0
315151,1
315152,0
315153,1
315154,0
315155,1
315156,1
315157,1
315158,0
315159,2
315160,0
315161,0
315162,0
315163,2
315164,1
315165,1
315166,0
315167,0
315168,0
315169,1
315170,0
315171,0
315172,1
315173,0
315174,0
315175,0
315176,0
315177,1
315178,1
315179,0
315180,0
315181,0
315182,0
315183,1
315184,1
315185,1
315187,0
315188,0
315189,0
315190,0
315191,0
315192,0
315193,1
315194,0
315195,0
315196,0
315197,1
315198,0
315199,0
315200,1
315201,1
315202,0
315203,2
315204,2
315205,2
315206,1
315207,2
315208,2
315209,1
315210,0
315211,1
315212,1
315213,1
315214,1
315215,2
315216,0
315217,1
315218,0
315219,1
315220,0
315221,0
315222,0
315223,1
315224,1
315225,0
315226,0
315227,1
315228,0
315229,0
315230,1
315231,1
315232,1
315233,2
315234,0
315235,0
315236,1
315237,1
315238,0
315239,0
315240,0
315241,1
315242,1
315243,0
315244,2
315245,1
315246,1
315247,0
315248,0
315249,1
315250,0
315251,0
315252,1
315253,0
315254,0
315255,1
315256,0
315257,0
315258,2
315259,0
315260,0
315261,1
315262,2
315263,1
315264,0
315265,2
315266,0
315267,1
315268,1
315269,0
315270,0
315271,1
315272,0
315273,0
315274,0
315275,0
315276,0
315277,1
315278,1
315279,0
315280,0
315281,0
315282,0
315283,0
315284,0
315285,1
315286,2
315287,1
315288,1
315289,1
315290,0
315291,1
315292,1
315293,0
315294,1
315295,0
315296,1
315298,1
315299,1
315300,0
315301,0
315302,0
315303,1
315304,0
315305,0
315306,2
315307,1
315308,0
315309,1
315310,0
315311,1
315312,0
315313,0
315314,2
315315,2
315316,1
315317,0
315318,0
315319,0
315320,0
315321,0
315322,0
315323,0
315324,1
315325,0
315326,0
315327,2
315328,1
315329,1
315330,2
315331,0
315332,0
315333,0
315334,1
315335,0
315336,0
315337,1
315338,1
315339,1
315340,0
315341,0
315342,0
315343,0
315344,2
315345,0
315346,0
315347,0
315348,1
315349,0
315350,0
315351,1
315352,0
315353,0
315354,0
315355,0
315356,1
315357,0
315358,2
315359,1
315360,0
315361,0
315362,0
315363,1
315364,0
315366,1
315367,1
315368,0
315369,1
315370,1
315371,0
315372,1
315373,1
315374,0
315375,0
315376,1
315377,1
315378,0
315379,0
315380,0
315381,0
315382,1
315383,1
315384,0
315385,0
315386,0
315387,2
315388,0
315389,0
315390,0
315392,0
315394,0
315395,0
315396,0
315397,0
315398,1
315399,1
315400,0
315401,1
315402,0
315403,0
315404,0
315405,1
315406,0
315407,0
315408,1
315409,0
315410,0
315411,1
315412,1
315413,1
315414,2
315415,0
315416,0
315417,1
315418,1
315419,0
315420,1
315421,2
315422,2
315423,0
315424,1
315425,0
315426,1
315427,1
315428,0
315429,1
315430,1
315431,1
315432,1
315433,1
315434,2
315435,2
315436,0
315437,1
315438,0
315439,1
315440,0
315441,0
315442,0
315443,0
315444,0
315445,2
315446,0
315447,2
315448,0
315449,0
315450,1
315451,0
315452,0
315453,2
315454,1
315455,0
315456,1
315457,0
315458,0
315459,1
315460,0
315461,1
315462,1
315463,0
315464,0
315465,0
315466,1
315467,0
315468,0
315469,0
315470,0
315471,0
315472,0
315473,0
315474,0
315475,1
315476,1
315477,2
315478,1
315479,1
315480,2
315481,0
315482,1
315483,0
315484,0
315485,2
315486,0
315487,0
315488,1
315489,0
315490,0
315491,1
315492,0
315493,0
315494,1
315495,1
315496,1
315497,0
315498,1
315499,2
315500,0
315501,0
315502,0
315503,2
315504,1
315505,0
315506,1
315507,1
315508,2
315509,0
315510,1
315511,1
315512,1
315513,0
315514,0
315515,0
315516,0
315517,0
315518,1
315519,0
315520,2
315521,0
315522,0
315523,1
315524,0
315525,0
315526,0
315527,0
315528,0
315529,0
315530,0
315531,0
315532,0
315533,1
315534,0
315535,0
315536,0
315537,0
315538,1
315539,0
315540,0
315541,0
315542,0
315543,0
315544,0
315545,0
315546,0
315547,1
315548,0
315549,1
315550,1
315551,1
315552,0
315553,2
315554,1
315555,1
315556,0
315557,0
315558,1
315559,0
315560,0
315561,1
315562,1
315563,0
315564,1
315565,1
315566,0
315567,1
315568,0
315569,0
315570,0
315571,1
315572,0
315573,0
315574,0
315575,0
315576,0
315577,0
315578,1
315579,2
315580,1
315581,1
315582,1
315583,2
315584,1
315585,1
315586,0
315587,0
315588,2
315589,2
315590,0
315591,0
315592,0
315593,0
315594,0
315595,0
315596,1
315597,1
315598,0
315599,2
315600,0
315601,0
315602,2
315603,1
315604,0
315605,0
315606,1
315607,0
315608,1
315609,0
315610,0
315611,1
315612,0
315613,0
315614,1
315615,0
315616,0
315617,0
315618,1
315619,1
315620,0
315621,1
315622,0
315623,2
315624,0
315625,1
315626,2
315627,1
315628,0
315629,0
315630,0
315631,1
315632,0
315633,1
315634,0
315635,1
315636,0
315637,1
315638,0
315639,1
315640,1
315641,2
315642,0
315643,0
315644,0
315645,1
315646,1
315647,1
315648,2
315649,1
315650,1
315651,0
315652,0
315653,0
315654,0
315655,0
315656,2
315657,0
315658,1
315659,1
315660,0
315661,1
315662,0
315663,0
315664,1
315665,1
315666,2
315667,1
315668,0
315669,0
315670,0
315671,0
315672,1
315673,0
315675,1
315676,0
315677,0
315678,2
315679,1
315680,1
315681,1
315682,0
315683,1
315684,1
315685,0
315686,0
315687,1
315688,1
315689,2
315690,1
315691,1
315692,1
315693,2
315694,0
315695,0
315696,0
315697,0
315698,0
315699,2
315700,2
315701,2
315702,0
315703,0
315704,1
315705,2
315706,0
315707,0
315708,0
315709,1
315710,0
315711,1
315712,0
315713,0
315714,2
315715,0
315716,0
315717,0
315718,0
315719,0
315720,0
315721,0
315722,0
315723,1
315724,0
315726,0
315727,0
315728,0
315729,1
315730,2
315731,1
315732,1
315733,0
315734,0
315735,1
315736,1
315737,0
315738,0
315739,0
315740,2
315741,1
315742,0
315743,1
315744,0
315745,0
315746,0
315747,0
315748,1
315749,0
315750,0
315751,0
315752,0
315753,0
315754,0
315755,0
315756,0
315757,1
315758,1
315759,1
315760,1
315761,1
315762,0
315763,0
315764,2
315765,0
315766,0
315767,2
315768,0
315769,1
315770,1
315771,0
315772,0
315773,0
315774,0
315775,1
315776,0
315777,0
315778,0
315779,0
315780,2
315781,0
315782,0
315783,1
315784,0
315785,0
315786,2
315787,0
315788,2
315790,1
315791,0
315792,1
315793,0
315794,0
315795,0
315796,1
315797,0
315798,1
315799,0
315800,0
315801,0
315802,1
315804,0
315805,1
315806,2
315807,0
315808,0
315809,1
315810,0
315811,0
315812,0
315814,1
315815,0
315816,1
315817,0
315818,0
315819,0
315820,1
315821,1
315822,0
315823,0
315824,0
315825,0
315826,0
315827,0
315828,0
315829,0
315830,2
315831,0
315832,1
315833,0
315834,0
315835,0
315836,1
315837,1
315838,0
315839,1
315840,1
315841,0
315842,2
315843,1
315844,0
315845,0
315846,0
315847,0
315848,0
315849,0
315850,1
315851,0
315852,0
315853,1
315854,1
315855,0
315856,0
315857,1
315858,1
315859,0
315860,0
315861,0
315862,0
315863,2
315864,1
315865,0
315866,1
315867,0
315868,0
315869,0
315870,1
315871,2
315872,0
315873,0
315874,1
315875,0
315876,1
315877,1
315878,0
315879,0
315880,1
315881,0
315882,0
315883,1
315884,1
315885,1
315887,1
315888,0
315889,0
315890,0
315891,1
315892,0
315893,1
315894,1
315895,0
315896,2
315897,0
315898,0
315899,0
315900,1
315901,1
315902,1
315903,0
315904,1
315905,1
315906,0
315907,0
315908,1
315909,0
315910,0
315911,0
315912,1
315913,1
315914,0
315915,0
315916,0
315918,1
315919,1
315920,0
315921,0
315922,0
315923,0
315924,0
315925,1
315926,0
315927,1
315928,0
315929,1
315930,0
315931,0
315932,2
315933,2
315934,1
315935,1
315936,1
315937,0
315938,0
315939,0
315940,0
315941,0
315942,1
315943,0
315944,2
315945,1
315946,1
315947,1
315948,0
315949,0
315950,0
315951,1
315952,2
315953,0
315954,1
315955,0
315956,0
315957,0
315958,0
315959,1
315960,2
315961,1
315962,0
315963,1
315965,1
315966,0
315967,1
315968,0
315969,0
315970,0
315971,0
315972,2
315973,1
315974,0
315975,0
315976,1
315977,0
315978,0
315980,0
315981,1
315982,1
315983,0
315984,1
315985,1
315986,0
315987,1
315988,1
315989,0
315990,0
315991,0
315992,1
315993,2
315994,0
315995,0
315996,0
315997,0
315998,0
315999,0
316000,0
316001,0
316002,2
316003,1
316004,0
316005,0
316006,1
316008,1
316009,0
316010,1
316011,1
316012,2
316013,0
316014,0
316015,1
316016,1
316017,1
316018,0
316019,0
316020,0
316021,2
316022,1
316023,2
316024,0
316025,0
316026,0
316027,0
316028,0
316029,0
316030,1
316031,1
316032,0
316033,0
316034,1
316036,2
316037,1
316038,0
316039,0
316040,0
316041,1
316042,1
316043,0
316044,0
316045,0
316046,0
316047,0
316048,1
316049,0
316050,1
316051,1
316052,1
316053,1
316054,0
316055,1
316056,0
316057,0
316058,0
316059,0
316060,2
316061,1
316062,0
316063,0
316064,0
316065,1
316066,1
316067,1
316068,0
316069,0
316070,1
316071,0
316072,2
316073,1
316074,0
316075,0
316076,0
316077,0
316078,1
316079,2
316080,2
316081,0
316082,2
316083,1
316084,0
316085,1
316086,0
316087,0
316088,0
316089,1
316090,0
316091,0
316092,2
316093,0
316096,1
316097,0
316098,1
316099,2
316100,1
316101,0
316102,0
316103,1
316104,0
316105,1
316106,2
316107,0
316108,1
316109,0
316110,1
316111,0
316112,0
316113,1
316114,2
316115,1
316116,0
316117,0
316118,0
316119,0
316120,0
316121,0
316122,0
316123,1
316124,1
316125,2
316126,2
316127,2
316128,0
316129,0
316130,0
316131,0
316132,1
316133,0
316134,1
316135,1
316136,0
316137,1
316138,1
316139,0
316140,1
316141,0
316142,1
316143,0
316144,0
316145,1
316146,1
316147,0
316149,1
316150,0
316151,2
316152,1
316153,0
316154,2
316155,1
316156,0
316157,0
316158,0
316159,1
316160,0
316161,0
316162,1
316163,0
316164,0
316165,0
316166,1
316167,2
316169,1
316170,1
316171,0
316172,2
316173,0
316174,0
316175,1
316176,0
316177,1
316178,0
316179,1
316180,0
316181,0
316182,0
316183,1
316184,1
316185,0
316186,1
316187,2
316188,0
316189,0
316190,1
316191,1
316192,1
316193,1
316194,1
316195,1
316196,1
316197,0
316198,0
316199,0
316200,1
316201,0
316202,0
316203,0
316204,1
316205,1
316206,1
316207,0
316208,0
316209,0
316210,0
316211,0
316212,0
316213,0
316214,1
316215,2
316216,0
316217,0
316218,0
316219,0
316220,0
316221,2
316222,0
316223,0
316224,2
316225,0
316226,2
316227,1
316228,1
316229,0
316230,0
316231,1
316232,0
316233,0
316234,0
316235,1
316236,0
316237,0
316238,0
316239,0
316240,0
316241,0
316242,0
316243,0
316244,0
316245,1
316246,0
316248,0
316249,0
316250,0
316251,1
316252,2
316253,1
316254,1
316255,0
316257,1
316258,1
316259,1
316260,1
316261,1
316262,0
316263,2
316264,0
316265,1
316266,0
316267,0
316268,2
316269,0
316270,0
316271,1
316272,0
316273,0
316274,1
316275,0
316276,0
316277,1
316278,1
316279,2
316280,2
316282,0
316283,0
316284,0
316285,1
316286,1
316287,0
316288,0
316289,1
316290,1
316291,1
316292,1
316293,0
316294,0
316295,1
316296,1
316297,1
316298,1
316299,2
316300,1
316301,0
316302,0
316303,0
316304,0
316305,0
316306,1
316307,0
316308,0
316309,1
316310,2
316311,2
316312,1
316313,0
316314,0
316315,0
316316,0
316317,0
316318,1
316319,0
316320,0
316321,1
316322,0
316323,1
316324,1
316325,0
316326,0
316327,0
316328,2
316329,0
316330,0
316331,1
316332,2
316333,0
316334,1
316335,0
316336,2
316337,0
316338,0
316339,1
316340,0
316341,0
316342,0
316343,0
316344,0
316345,1
316346,1
316347,0
316348,1
316349,1
316350,1
316351,1
316353,1
316354,2
316355,0
316356,0
316357,0
316358,0
316359,0
316360,0
316361,1
316362,1
316363,1
316364,1
316365,1
316366,0
316367,2
316368,1
316369,2
316370,1
316371,1
316372,2
316373,0
316374,1
316375,1
316376,2
316377,1
316378,0
316379,0
316380,0
316381,0
316382,2
316383,2
316384,1
316385,0
316386,0
316387,0
316388,0
316389,0
316390,0
316391,0
316392,0
316393,1
316395,1
316396,1
316397,1
316398,0
316399,1
316400,0
316401,1
316402,0
316403,0
316404,1
316405,1
316406,0
316407,1
316408,2
316409,0
316410,1
316411,0
316412,0
316413,0
316414,1
316415,2
316416,1
316417,0
316418,0
316419,0
316420,0
316421,1
316422,1
316423,1
316424,1
316425,1
316426,0
316427,0
316428,0
316429,0
316430,1
316431,0
316432,0
316433,1
316434,0
316435,0
316436,0
316437,0
316438,0
316439,0
316440,2
316441,0
316442,0
316443,1
316444,0
316445,0
316446,1
316447,0
316448,0
316449,1
316450,0
316451,0
316452,0
316453,0
316454,1
316455,0
316456,1
316457,0
316458,0
316459,0
316460,0
316461,1
316462,0
316463,1
316464,0
316465,1
316466,1
316467,0
316468,0
316469,0
316470,0
316471,0
316472,1
316473,0
316474,2
316475,0
316476,1
316477,0
316478,0
316479,0
316480,0
316481,1
316482,1
316483,0
316484,0
316485,0
316486,1
316487,0
316488,2
316489,0
316490,0
316491,2
316492,0
316493,0
316494,0
316495,0
316496,1
316497,1
316498,0
316499,0
316500,0
316501,1
316502,0
316503,2
316504,1
316505,0
316506,2
316507,0
316508,0
316509,2
316510,1
316511,1
316512,1
316513,0
316514,0
316515,1
316516,2
316517,0
316518,0
316519,0
316520,0
316521,1
316522,0
316523,0
316524,2
316525,1
316526,0
316527,1
316528,1
316529,1
316530,0
316531,0
316532,0
316533,1
316534,0
316535,1
316536,2
316537,0
316538,0
316539,0
316540,0
316541,0
316542,1
316543,1
316544,2
316545,0
316546,1
316547,0
316548,1
316549,1
316550,1
316551,0
316552,1
316553,2
316554,1
316555,0
316556,0
316557,0
316558,0
316559,1
316560,0
316561,0
316562,0
316563,1
316564,0
316565,0
316566,0
316567,0
316568,1
316569,1
316570,1
316571,2
316572,1
316573,0
316574,1
316575,0
316576,0
316577,1
316578,0
316579,0
316580,2
316581,1
316582,0
316583,1
316584,1
316585,2
316586,0
316587,1
316588,1
316589,0
316590,0
316591,0
316592,0
316593,0
316594,1
316595,0
316596,0
316597,0
316598,2
316599,0
316600,0
316601,0
316602,0
316603,1
316604,0
316605,0
316606,0
316607,0
316608,0
316609,0
316610,0
316611,1
316612,0
316613,0
316614,1
316615,1
316616,2
316617,0
316618,1
316619,2
316620,0
316621,1
316622,1
316623,2
316624,0
316625,1
316626,0
316627,0
316628,0
316629,0
316630,0
316631,0
316632,0
316633,0
316634,0
316635,1
316636,2
316637,0
316638,0
316639,0
316640,0
316641,0
316642,0
316643,0
316644,0
316645,0
316646,2
316647,0
316648,0
316649,0
316650,0
316651,2
316652,0
316653,0
316654,2
316656,0
316657,1
316658,0
316659,0
316660,1
316661,1
316662,0
316663,0
316664,0
316665,2
316666,1
316667,0
316668,1
316669,0
316670,1
316671,0
316672,2
316673,0
316674,0
316675,1
316676,0
316677,0
316678,0
316679,0
316680,1
316681,0
316682,0
316683,0
316684,0
316685,0
316686,0
316687,0
316688,0
316689,1
316690,1
316691,0
316692,0
316693,0
316694,0
316695,0
316696,0
316697,0
316698,0
316699,0
316700,0
316701,1
316702,0
316703,0
316704,0
316705,0
316706,1
316707,0
316708,0
316709,0
316710,0
316711,1
316712,0
316713,1
316714,1
316715,0
316716,1
316717,1
316718,2
316719,0
316720,0
316721,2
316722,0
316723,2
316724,0
316725,0
316726,0
316727,0
316728,2
316729,2
316730,2
316731,0
316732,0
316733,0
316734,1
316736,1
316737,0
316738,0
316739,1
316740,1
316741,1
316742,1
316743,0
316744,1
316745,0
316746,0
316747,0
316748,0
316749,0
316750,1
316751,2
316752,1
316753,0
316754,0
316755,0
316756,0
316757,0
316758,1
316759,1
316760,0
316761,0
316762,0
316763,0
316764,1
316765,0
316766,1
316768,0
316769,1
316770,0
316771,0
316772,0
316773,0
316774,0
316775,0
316776,0
316777,0
316778,2
316779,2
316780,1
316781,1
316782,2
316783,1
316784,0
316785,2
316786,0
316787,0
316788,0
316789,0
316790,0
316791,0
316792,0
316793,1
316794,0
316795,2
316796,0
316797,0
316798,0
316799,1
316800,0
316801,0
316802,0
316803,1
316804,2
316805,0
316806,0
316807,0
316808,1
316809,2
316810,0
316811,1
316812,0
316813,0
316814,0
316815,1
316816,0
316817,0
316818,0
316819,1
316820,1
316821,0
316822,0
316823,0
316824,2
316825,0
316826,2
316827,1
316828,0
316829,1
316830,1
316831,2
316832,0
316833,1
316834,1
316835,0
316836,0
316837,0
316838,0
316839,1
316840,2
316841,0
316842,0
316843,0
316844,1
316845,0
316846,1
316847,1
316848,0
316849,0
316850,1
316851,1
316852,0
316853,2
316854,0
316855,1
316856,0
316857,2
316858,2
316859,0
316860,0
316861,0
316862,2
316863,1
316864,1
316865,0
316866,1
316867,0
316868,1
316869,0
316870,1
316871,2
316872,1
316873,1
316874,1
316875,0
316876,0
316877,1
316878,0
316879,1
316880,1
316881,2
316882,1
316883,0
316884,0
316885,1
316886,0
316887,1
316888,0
316889,0
316890,0
316891,0
316892,0
316893,0
316894,0
316895,0
316896,0
316897,1
316898,0
316899,2
316900,0
316901,0
316902,0
316903,0
316904,0
316905,0
316906,0
316907,0
316908,0
316909,0
316910,1
316911,1
316912,2
316913,2
316914,2
316915,1
316916,0
316917,0
316918,0
316919,0
316920,0
316921,0
316922,0
316923,0
316924,0
316925,2
316926,1
316927,1
316928,0
316929,0
316930,0
316931,1
316932,0
316933,1
316934,2
316935,0
316936,1
316937,0
316938,1
316939,1
316940,0
316941,2
316942,1
316943,0
316944,0
316945,1
316946,0
316947,0
316948,0
316949,1
316950,0
316951,1
316952,0
316953,2
316954,0
316955,0
316956,0
316957,1
316958,0
316959,0
316960,2
316961,0
316962,0
316963,0
316965,0
316966,1
316967,0
316968,0
316969,0
316970,0
316971,0
316972,0
316973,1
316974,1
316975,0
316976,1
316977,0
316978,2
316979,1
316980,0
316981,0
316982,0
316983,0
316984,2
316985,1
316986,1
316987,0
316988,0
316989,2
316990,0
316991,2
316992,0
316993,0
316994,0
316995,0
316996,1
316997,0
316998,2
316999,0
317000,0
317001,1
317002,2
317004,0
317005,0
317006,1
317007,1
317008,0
317009,1
317010,1
317011,1
317012,2
317013,0
317014,2
317015,1
317016,1
317017,0
317018,0
317019,0
317020,1
317021,0
317022,1
317023,2
317024,0
317025,0
317026,0
317027,0
317028,0
317029,0
317030,1
317031,1
317032,1
317033,1
317034,1
317035,0
317036,0
317037,0
317038,2
317039,0
317040,1
317041,0
317042,1
317043,1
317044,1
317045,0
317046,1
317047,1
317048,1
317050,0
317051,1
317052,2
317053,0
317054,0
317055,0
317056,0
317057,1
317058,1
317059,0
317060,1
317061,0
317062,0
317063,0
317064,0
317065,0
317066,1
317067,0
317068,0
317069,1
317070,1
317071,0
317072,1
317073,1
317074,0
317075,2
317076,0
317077,1
317078,0
317079,2
317080,1
317081,1
317082,0
317083,0
317084,1
317085,2
317086,0
317087,0
317088,1
317089,1
317090,2
317091,0
317092,0
317093,0
317094,1
317095,0
317096,0
317097,0
317098,0
317099,0
317100,0
317101,0
317102,0
317103,0
317104,0
317105,1
317106,2
317107,1
317108,0
317109,1
317110,2
317111,1
317112,1
317113,0
317114,1
317115,0
317116,0
317117,0
317118,0
317119,1
317120,1
317121,0
317122,2
317123,0
317124,1
317125,0
317126,1
317127,0
317128,0
317129,1
317130,0
317131,0
317132,1
317133,1
317134,2
317135,0
317136,0
317137,1
317138,2
317139,2
317140,1
317141,0
317142,0
317143,2
317144,0
317145,0
317146,0
317147,0
317148,0
317149,0
317150,1
317151,1
317152,1
317153,1
317154,1
317155,0
317156,1
317157,0
317158,1
317159,0
317160,1
317161,0
317162,0
317163,0
317164,0
317165,0
317166,0
317167,0
317168,1
317169,1
317170,1
317171,0
317172,2
317173,1
317174,0
317175,0
317176,0
317177,0
317179,1
317180,0
317181,1
317182,0
317183,0
317184,0
317185,0
317186,0
317187,0
317188,0
317189,1
317190,0
317191,0
317192,0
317193,1
317194,2
317195,0
317196,1
317197,1
317198,1
317199,1
317200,0
317201,0
317202,2
317203,0
317204,1
317205,1
317206,0
317207,0
317208,0
317209,1
317210,0
317211,0
317212,0
317213,0
317214,0
317215,0
317216,1
317217,0
317218,0
317219,0
317220,0
317221,2
317222,0
317223,0
317224,0
317225,0
317226,0
317227,0
317228,0
317229,1
317230,0
317231,0
317232,0
317233,1
317234,0
317235,2
317236,0
317237,1
317238,0
317239,0
317240,0
317241,2
317242,1
317243,1
317244,0
317245,1
317246,0
317247,0
317248,0
317249,0
317250,2
317251,0
317252,0
317253,0
317254,0
317255,2
317256,1
317257,0
317258,1
317259,1
317260,0
317261,1
317262,1
317263,0
317264,1
317265,1
317266,0
317267,1
317268,0
317269,0
317270,1
317271,0
317272,0
317273,0
317274,0
317275,2
317276,1
317277,1
317278,0
317279,0
317280,0
317281,0
317282,0
317283,0
317284,0
317285,1
317286,0
317287,1
317288,1
317289,0
317290,0
317291,0
317292,1
317293,1
317294,0
317295,2
317296,1
317298,0
317299,0
317300,1
317301,0
317303,1
317304,0
317305,1
317306,2
317307,1
317308,0
317309,0
317310,1
317311,1
317312,0
317313,0
317314,2
317315,0
317316,0
317317,0
317318,0
317319,0
317320,0
317321,0
317322,0
317323,1
317324,2
317325,0
317326,0
317327,0
317328,1
317329,1
317330,2
317331,0
317332,1
317333,0
317334,0
317335,0
317336,0
317337,0
317338,1
317339,1
317340,2
317341,0
317342,1
317343,0
317344,0
317345,0
317346,0
317347,0
317348,0
317349,1
317350,2
317351,0
317352,0
317353,0
317354,2
317355,0
317356,1
317357,1
317358,0
317359,0
317360,0
317361,0
317362,1
317363,0
317364,2
317365,0
317366,0
317367,0
317368,0
317369,0
317370,2
317371,2
317372,1
317373,1
317374,1
317375,2
317376,0
317377,1
317378,0
317380,1
317381,0
317382,1
317383,1
317384,1
317385,1
317386,1
317387,0
317388,0
317389,0
317390,1
317391,0
317392,1
317393,0
317394,0
317395,1
317396,1
317397,0
317398,1
317399,1
317400,1
317401,2
317402,0
317403,1
317405,0
317406,1
317407,0
317408,0
317409,2
317410,0
317411,0
317412,0
317413,0
317414,2
317415,2
317416,1
317417,0
317419,2
317420,1
317421,0
317422,0
317423,1
317424,0
317425,0
317426,0
317427,2
317428,0
317429,0
317430,1
317431,0
317432,2
317433,1
317434,0
317435,0
317436,1
317437,0
317438,1
317439,0
317440,0
317441,1
317442,0
317443,0
317444,0
317445,1
317446,1
317447,1
317448,1
317449,0
317450,0
317451,2
317452,1
317453,0
317454,0
317455,1
317456,0
317457,0
317458,0
317459,0
317460,1
317461,0
317462,1
317463,0
317464,0
317465,0
317466,1
317467,0
317468,0
317469,0
317470,0
317471,0
317472,1
317473,1
317474,1
317475,0
317476,0
317477,0
317478,0
317479,0
317480,2
317481,1
317482,0
317483,0
317484,1
317485,2
317486,0
317487,0
317488,0
317489,0
317490,0
317491,0
317492,0
317493,0
317494,0
317495,1
317496,0
317497,0
317498,0
317499,1
317500,1
317501,0
317502,2
317503,0
317504,0
317505,1
317506,1
317507,0
317508,0
317509,0
317510,1
317511,0
317512,2
317513,1
317514,2
317515,0
317516,0
317517,2
317518,1
317519,0
317520,1
317521,2
317522,0
317523,0
317524,0
317525,1
317526,0
317527,0
317528,0
317529,1
317530,0
317531,1
317532,0
317533,1
317534,1
317535,1
317536,0
317537,1
317538,1
317539,0
317540,0
317541,0
317542,0
317543,0
317544,0
317545,0
317546,0
317547,0
317548,0
317549,0
317550,0
317551,2
317552,1
317553,0
317554,2
317555,0
317556,1
317557,1
317558,1
317559,1
317560,0
317561,0
317562,0
317563,2
317564,0
317565,2
317566,2
317567,1
317568,1
317569,0
317570,0
317571,0
317573,0
317574,0
317575,1
317576,1
317577,1
317578,0
317579,1
317580,1
317581,0
317582,0
317583,0
317584,0
317585,1
317586,0
317587,0
317588,0
317590,1
317591,0
317592,1
317593,0
317594,0
317595,2
317596,0
317597,0
317598,0
317599,1
317600,0
317601,0
317602,1
317603,0
317605,1
317606,0
317607,0
317608,0
317609,0
317610,0
317611,2
317612,0
317613,0
317614,0
317615,2
317616,0
317617,1
317618,0
317619,0
317620,2
317621,0
317622,0
317623,1
317624,1
317625,2
317626,0
317627,0
317628,0
317629,1
317630,1
317631,0
317632,1
317633,2
317634,0
317635,0
317636,0
317637,2
317638,0
317639,0
317640,2
317641,1
317642,0
317643,2
317644,0
317645,0
317646,0
317647,1
317648,0
317649,0
317650,1
317651,0
317652,0
317653,0
317654,1
317655,0
317656,1
317657,0
317658,0
317659,0
317660,0
317661,1
317662,1
317663,1
317664,2
317665,0
317666,0
317667,1
317668,1
317669,0
317670,0
317671,2
317672,0
317673,0
317674,1
317675,0
317676,0
317677,2
317678,1
317679,0
317680,1
317681,1
317682,0
317683,0
317684,1
317685,0
317686,0
317687,0
317688,0
317689,0
317690,1
317691,0
317692,0
317693,1
317694,1
317695,0
317696,2
317697,0
317698,0
317699,1
317700,0
317701,0
317702,0
317703,1
317704,0
317705,1
317706,2
317707,0
317708,0
317709,0
317710,0
317711,0
317712,1
317713,1
317714,0
317715,1
317716,1
317717,2
317718,0
317719,0
317720,1
317721,0
317722,0
317723,0
317724,0
317725,0
317728,0
317729,1
317730,0
317731,0
317732,0
317733,1
317734,0
317735,0
317736,1
317737,1
317738,0
317739,0
317740,0
317741,1
317742,2
317743,0
317744,1
317745,0
317746,1
317747,2
317748,0
317749,0
317750,0
317751,0
317752,0
317753,1
317754,0
317755,0
317756,0
317758,0
317759,1
317760,0
317761,0
317762,0
317763,1
317764,1
317765,0
317766,1
317767,0
317768,0
317769,0
317770,0
317771,0
317772,0
317773,1
317774,0
317775,0
317776,0
317777,1
317778,0
317779,0
317780,0
317781,0
317782,0
317783,1
317784,1
317785,1
317786,0
317787,0
317788,0
317789,1
317790,1
317791,0
317792,1
317793,0
317794,0
317795,0
317796,1
317797,0
317798,0
317799,0
317800,0
317801,0
317802,0
317803,1
317805,0
317806,1
317807,1
317808,1
317809,0
317810,0
317811,0
317812,0
317813,0
317814,1
317815,0
317816,1
317817,0
317818,0
317819,0
317820,0
317821,0
317822,1
317823,2
317824,0
317825,1
317826,2
317827,1
317828,0
317829,1
317830,0
317831,0
317832,0
317833,0
317834,0
317835,1
317836,1
317837,0
317838,1
317839,0
317840,0
317841,2
317842,0
317843,0
317844,0
317845,0
317846,0
317847,0
317848,1
317849,0
317850,0
317851,0
317852,0
317853,1
317854,2
317855,0
317856,0
317857,0
317858,2
317859,0
317860,0
317861,0
317862,0
317863,1
317864,0
317865,1
317866,0
317867,0
317868,0
317869,1
317870,0
317871,1
317872,1
317873,0
317874,0
317875,1
317876,0
317877,2
317878,0
317879,1
317880,1
317881,0
317882,1
317883,0
317884,1
317885,0
317886,1
317888,1
317889,0
317890,0
317891,0
317892,0
317893,0
317894,0
317895,1
317896,1
317897,0
317898,0
317899,0
317900,0
317901,0
317902,0
317903,1
317904,1
317905,0
317906,0
317907,1
317908,1
317909,1
317910,0
317911,2
317912,0
317913,2
317914,2
317915,0
317916,0
317917,1
317918,1
317919,1
317920,0
317921,0
317922,0
317923,0
317924,2
317925,0
317926,1
317927,0
317928,0
317929,0
317930,0
317931,0
317932,0
317933,0
317934,1
317935,0
317936,0
317937,1
317938,1
317939,0
317940,2
317941,1
317942,1
317943,1
317944,0
317945,2
317946,0
317947,0
317948,1
317949,1
317950,0
317951,0
317952,0
317953,0
317954,1
317955,0
317956,0
317957,1
317958,0
317959,0
317960,0
317961,1
317962,1
317963,0
317964,0
317965,1
317966,0
317967,0
317968,0
317970,2
317971,0
317972,2
317973,1
317974,2
317975,0
317976,0
317977,0
317978,0
317979,2
317980,0
317981,0
317982,0
317983,0
317984,0
317985,0
317986,0
317987,0
317988,0
317989,0
317990,2
317991,0
317992,0
317993,0
317994,2
317995,1
317996,0
317997,0
317998,0
317999,0
318000,0
318001,2
318002,0
318003,0
318004,0
318005,0
318006,0
318007,1
318008,0
318009,0
318010,0
318011,0
318012,0
318013,1
318014,1
318015,0
318016,0
318017,1
318018,0
318019,0
318020,0
318021,1
318022,0
318023,0
318024,0
318025,0
318026,0
318027,0
318028,0
318029,1
318030,1
318031,0
318032,0
318033,1
318034,0
318035,1
318036,0
318037,0
318038,0
318039,0
318040,0
318041,1
318042,1
318043,0
318044,1
318045,0
318046,2
318047,0
318049,0
318050,0
318051,0
318052,0
318053,0
318054,1
318055,0
318056,0
318057,1
318058,0
318059,0
318060,0
318061,1
318062,0
318063,0
318064,2
318065,0
318066,2
318067,0
318068,0
318069,0
318070,2
318071,0
318072,0
318073,0
318074,0
318075,0
318076,0
318077,0
318078,0
318079,0
318080,0
318081,0
318082,0
318083,1
318085,0
318087,2
318089,0
318090,0
318091,1
318092,0
318093,1
318094,0
318095,0
318096,0
318097,0
318098,0
318099,0
318100,1
318101,0
318102,0
318103,0
318104,0
318105,1
318106,0
318107,0
318108,0
318109,0
318110,1
318111,0
318112,1
318113,0
318114,0
318115,0
318116,0
318117,0
318118,0
318119,1
318120,0
318121,0
318122,2
318123,0
318124,0
318125,0
318126,0
318127,0
318128,0
318129,0
318130,0
318131,0
318132,1
318133,0
318134,1
318135,0
318136,0
318137,1
318138,1
318139,1
318140,0
318141,0
318142,0
318143,0
318144,0
318145,0
318146,0
318147,1
318148,2
318149,0
318150,0
318151,1
318152,0
318153,1
318154,1
318155,1
318156,1
318157,1
318158,1
318159,0
318160,1
318161,0
318162,0
318163,0
318164,2
318165,0
318166,1
318167,1
318168,0
318169,1
318170,0
318171,2
318172,0
318173,0
318174,1
318175,1
318176,1
318177,0
318178,0
318179,0
318180,1
318181,0
318182,0
318183,2
318184,1
318185,1
318186,1
318187,1
318188,0
318189,0
318190,0
318191,0
318192,1
318193,0
318194,1
318195,1
318196,1
318197,2
318198,0
318199,0
318200,0
318201,0
318202,0
318203,1
318204,1
318205,1
318206,0
318207,1
318208,0
318209,2
318210,0
318211,0
318212,0
318213,1
318214,1
318215,0
318216,2
318218,1
318219,1
318220,2
318221,0
318223,2
318224,1
318225,1
318226,1
318227,0
318228,0
318229,1
318230,0
318231,1
318232,0
318233,0
318234,0
318235,0
318236,0
318237,0
318238,2
318239,0
318240,0
318241,1
318242,0
318243,0
318244,0
318245,0
318246,1
318247,1
318248,0
318249,0
318250,2
318251,2
318252,0
318253,1
318254,1
318255,0
318256,1
318257,2
318258,0
318259,1
318260,1
318261,0
318262,1
318263,0
318264,0
318265,1
318266,1
318267,0
318268,2
318269,0
318270,1
318271,0
318272,0
318273,0
318274,2
318275,0
318276,0
318277,1
318278,0
318279,0
318280,1
318281,2
318282,0
318283,0
318284,0
318285,0
318286,0
318287,0
318288,0
318289,0
318290,1
318291,1
318292,0
318293,0
318294,0
318295,0
318296,0
318297,0
318298,0
318299,2
318300,0
318301,0
318302,1
318303,2
318305,0
318306,1
318307,0
318308,0
318309,1
318310,1
318311,1
318312,2
318314,1
318315,1
318316,0
318317,2
318318,1
318319,0
318320,1
318321,0
318322,0
318323,0
318324,1
318325,0
318326,2
318327,0
318328,0
318329,0
318330,0
318331,0
318332,1
318333,0
318334,0
318335,0
318336,1
318337,0
318338,0
318339,0
318340,0
318341,0
318342,1
318343,1
318344,0
318345,2
318346,0
318347,2
318348,0
318349,0
318350,0
318351,0
318352,0
318353,1
318354,0
318355,2
318356,0
318357,0
318358,0
318359,0
318360,0
318361,0
318362,0
318363,0
318364,1
318365,1
318366,0
318367,1
318368,0
318369,0
318370,0
318371,1
318372,2
318373,1
318374,0
318375,2
318376,1
318377,0
318378,0
318379,0
318380,0
318381,0
318382,0
318383,0
318384,0
318385,0
318386,1
318387,0
318388,0
318389,1
318390,0
318391,1
318392,0
318393,0
318394,1
318395,0
318396,0
318397,0
318398,0
318399,0
318400,0
318401,0
318402,1
318403,1
318404,0
318405,0
318406,1
318407,0
318408,0
318409,0
318410,1
318411,0
318412,0
318413,1
318414,1
318415,2
318416,0
318417,0
318418,1
318419,0
318420,0
318421,0
318422,1
318423,0
318424,1
318425,2
318426,0
318427,1
318429,0
318430,0
318431,1
318432,0
318433,1
318434,0
318435,0
318436,2
318437,0
