case_id,Class
300000,2
300001,0
300002,0
300003,2
300004,0
300005,0
300006,2
300007,1
300008,0
300009,0
300010,2
300011,0
300013,0
300014,2
300015,2
300016,1
300017,0
300018,2
300019,0
300020,2
300021,0
300022,2
300023,2
300024,0
300025,0
300026,2
300027,1
300028,1
300029,0
300030,2
300031,0
300032,1
300033,0
300034,0
300035,0
300036,0
300037,0
300038,0
300039,0
300040,0
300041,2
300042,1
300043,0
300044,0
300045,0
300046,0
300047,2
300048,0
300049,2
300050,2
300051,1
300052,1
300053,2
300054,0
300055,0
300056,0
300057,2
300058,0
300059,1
300060,1
300061,2
300062,0
300063,2
300064,2
300065,0
300066,0
300067,1
300068,0
300069,0
300070,2
300071,0
300072,1
300073,0
300074,0
300075,0
300076,0
300077,1
300078,0
300079,2
300080,0
300081,2
300082,2
300083,1
300084,1
300085,0
300087,2
300088,2
300089,0
300090,2
300091,0
300092,0
300093,2
300094,0
300095,2
300096,0
300097,2
300098,2
300099,1
300100,0
300101,0
300102,0
300103,2
300104,0
300105,0
300106,0
300107,2
300108,0
300109,0
300110,2
300111,1
300112,2
300113,0
300114,2
300115,2
300116,2
300117,1
300118,1
300119,0
300120,1
300121,2
300122,1
300123,0
300124,1
300125,2
300126,2
300127,0
300128,1
300129,1
300130,2
300131,2
300132,2
300133,1
300134,0
300135,2
300136,0
300137,2
300138,0
300139,0
300140,0
300141,2
300142,0
300143,0
300144,0
300145,0
300146,0
300147,0
300148,0
300149,0
300150,2
300151,1
300152,0
300153,2
300154,0
300155,2
300156,0
300157,0
300158,1
300159,2
300160,1
300161,0
300162,2
300163,2
300164,0
300165,0
300166,2
300167,1
300168,0
300169,1
300170,2
300171,0
300172,0
300173,1
300174,2
300175,0
300176,0
300177,0
300178,2
300179,2
300180,0
300181,1
300182,1
300183,0
300184,0
300185,2
300186,0
300187,1
300188,0
300189,0
300190,2
300191,0
300192,0
300193,2
300194,2
300196,0
300197,2
300198,0
300199,2
300200,2
300201,0
300203,1
300204,1
300205,0
300206,0
300207,2
300208,0
300209,0
300210,2
300211,1
300212,0
300213,0
300214,2
300215,0
300216,0
300217,0
300218,1
300219,0
300220,0
300221,2
300222,2
300223,2
300224,1
300225,0
300226,0
300227,2
300228,1
300229,1
300230,0
300231,0
300232,0
300233,1
300234,1
300235,2
300236,0
300237,0
300238,2
300239,0
300240,0
300241,0
300242,0
300243,2
300244,2
300245,2
300246,0
300247,2
300248,0
300249,2
300250,0
300251,1
300253,2
300254,1
300255,0
300256,0
300257,0
300258,0
300259,0
300260,2
300261,0
300262,2
300263,0
300264,2
300265,1
300266,0
300267,2
300268,2
300269,0
300270,2
300271,0
300272,0
300273,0
300274,0
300275,1
300277,0
300278,2
300279,0
300280,1
300281,1
300282,1
300283,0
300284,0
300285,2
300286,0
300287,0
300288,0
300289,2
300290,1
300291,1
300292,0
300293,2
300294,0
300295,2
300296,0
300297,2
300298,0
300299,2
300300,0
300301,0
300302,2
300303,0
300304,2
300305,2
300306,2
300307,0
300308,0
300309,2
300311,2
300312,2
300313,0
300314,0
300315,0
300316,2
300317,0
300318,0
300319,2
300320,2
300321,2
300322,0
300323,1
300324,1
300325,2
300326,1
300327,0
300328,0
300329,0
300330,0
300331,0
300332,0
300333,1
300334,1
300335,1
300336,0
300337,0
300338,2
300339,0
300340,2
300341,0
300342,1
300343,2
300344,0
300345,0
300346,0
300347,0
300348,0
300349,0
300350,1
300351,0
300352,2
300353,0
300354,1
300355,0
300356,2
300357,0
300358,2
300359,0
300360,0
300361,0
300362,0
300363,1
300364,0
300365,0
300366,0
300367,2
300368,1
300369,0
300370,0
300371,0
300372,0
300373,1
300374,2
300375,0
300376,2
300377,1
300378,0
300379,1
300380,1
300381,2
300382,2
300383,0
300384,2
300385,0
300386,0
300387,0
300388,2
300389,0
300390,2
300391,0
300392,0
300393,0
300395,0
300396,0
300397,2
300398,0
300399,0
300400,2
300401,0
300402,0
300403,1
300404,0
300405,0
300406,0
300407,2
300408,1
300409,0
300410,0
300411,0
300412,0
300413,0
300414,0
300415,2
300416,1
300417,1
300418,1
300419,2
300420,0
300421,0
300422,2
300423,0
300424,0
300425,0
300426,2
300427,0
300428,0
300429,1
300430,2
300431,2
300432,2
300433,0
300434,1
300435,0
300436,1
300437,1
300438,1
300439,0
300440,2
300441,2
300442,0
300443,0
300444,1
300445,1
300446,0
300447,2
300448,0
300449,0
300450,0
300451,2
300452,0
300453,0
300454,0
300455,2
300456,0
300457,2
300458,2
300459,0
300460,0
300461,0
300462,2
300463,0
300464,2
300465,2
300466,1
300467,2
300468,2
300469,0
300470,0
300471,0
300472,0
300473,0
300474,2
300475,1
300476,2
300477,0
300478,0
300479,2
300480,0
300481,2
300482,2
300483,0
300484,0
300485,0
300486,0
300487,2
300488,0
300489,0
300490,0
300491,1
300492,0
300493,2
300494,2
300495,2
300496,2
300497,2
300498,1
300499,1
300500,0
300501,1
300502,0
300503,0
300504,0
300505,2
300506,0
300507,0
300508,0
300509,1
300510,2
300511,2
300512,0
300513,2
300514,1
300515,0
300516,0
300517,0
300518,0
300519,0
300520,0
300521,1
300522,0
300523,0
300524,0
300525,0
300526,0
300527,2
300528,1
300529,0
300530,2
300531,0
300532,2
300533,1
300534,2
300535,0
300536,1
300537,2
300538,0
300539,2
300540,1
300541,1
300542,0
300543,2
300544,1
300545,0
300546,1
300547,0
300548,0
300549,0
300550,0
300551,0
300552,2
300553,0
300554,0
300555,2
300556,2
300557,2
300558,0
300559,1
300560,0
300561,1
300562,0
300563,2
300564,2
300565,0
300566,1
300567,0
300568,1
300569,1
300570,2
300571,1
300572,0
300573,2
300574,0
300575,0
300576,0
300577,0
300578,0
300579,0
300580,0
300581,2
300582,2
300583,0
300584,0
300585,1
300586,1
300587,0
300589,0
300590,0
300591,2
300592,2
300593,2
300594,2
300595,2
300596,2
300597,2
300598,0
300599,2
300600,2
300601,0
300602,2
300603,0
300604,2
300606,0
300607,2
300608,2
300609,0
300610,1
300611,1
300612,1
300613,0
300614,0
300615,2
300616,0
300617,1
300618,0
300619,0
300620,0
300621,0
300622,0
300623,0
300624,1
300625,2
300627,0
300628,0
300629,1
300630,0
300631,0
300632,2
300633,0
300634,2
300635,0
300636,2
300637,0
300638,0
300639,0
300640,0
300641,1
300642,2
300643,1
300644,2
300645,2
300646,0
300647,0
300648,0
300649,0
300650,0
300651,2
300652,0
300654,0
300655,1
300656,1
300657,0
300658,1
300659,2
300660,2
300661,2
300662,0
300663,0
300664,0
300665,2
300666,0
300667,0
300668,0
300669,1
300670,0
300671,2
300672,2
300673,0
300674,1
300675,2
300676,0
300677,2
300678,1
300679,0
300680,0
300681,2
300682,2
300683,0
300684,0
300685,0
300686,2
300687,0
300688,2
300689,2
300690,1
300691,2
300692,1
300693,1
300694,2
300695,0
300696,2
300697,0
300698,0
300699,2
300700,1
300701,1
300702,0
300703,2
300704,2
300705,0
300706,0
300708,1
300709,0
300710,2
300711,2
300712,2
300713,1
300714,0
300715,1
300716,1
300717,0
300718,2
300719,1
300720,0
300721,0
300722,0
300723,1
300724,1
300725,2
300726,0
300727,1
300728,0
300729,0
300730,0
300731,0
300732,0
300733,2
300734,0
300735,1
300736,0
300737,0
300739,0
300740,0
300741,0
300742,1
300743,0
300744,0
300745,0
300746,0
300747,1
300748,2
300749,2
300750,2
300751,2
300752,2
300753,1
300754,0
300755,2
300756,0
300757,0
300758,0
300759,0
300760,0
300761,0
300762,0
300763,2
300764,0
300765,0
300766,2
300767,2
300768,0
300769,0
300770,0
300771,2
300772,0
300773,0
300774,0
300775,0
300776,2
300777,1
300778,0
300779,0
300780,2
300781,1
300782,0
300783,2
300784,0
300785,0
300786,2
300787,2
300788,1
300789,0
300790,2
300791,0
300792,0
300793,1
300794,1
300795,2
300796,0
300797,0
300798,0
300799,1
300800,2
300801,2
300802,1
300803,0
300804,2
300805,0
300806,2
300807,1
300808,2
300809,0
300810,2
300811,2
300812,1
300813,2
300814,0
300815,0
300816,2
300817,0
300818,0
300819,0
300820,1
300821,2
300822,0
300823,2
300824,2
300825,0
300826,1
300827,0
300828,0
300829,2
300830,0
300831,1
300832,1
300833,2
300834,0
300835,1
300836,0
300837,1
300838,0
300839,2
300840,0
300841,2
300842,2
300843,0
300844,0
300845,0
300846,2
300847,0
300848,2
300849,0
300850,0
300851,2
300852,2
300853,0
300854,0
300855,2
300856,0
300857,0
300858,2
300859,2
300860,2
300861,1
300862,2
300863,0
300864,0
300865,0
300866,2
300867,2
300868,0
300869,2
300870,2
300871,0
300872,0
300873,1
300874,2
300875,0
300876,2
300877,2
300878,2
300880,2
300881,2
300882,0
300883,2
300884,1
300885,2
300886,0
300887,1
300888,0
300889,0
300890,0
300891,0
300892,0
300893,0
300894,0
300895,1
300896,1
300897,0
300898,2
300899,0
300900,1
300901,0
300902,2
300903,0
300904,0
300905,2
300906,0
300907,2
300908,0
300909,0
300910,0
300911,0
300912,1
300913,2
300914,0
300915,0
300916,0
300917,0
300918,0
300919,0
300920,0
300921,0
300922,1
300923,1
300924,0
300925,2
300926,0
300927,1
300928,0
300929,2
300930,2
300931,2
300932,2
300933,1
300934,1
300935,0
300936,0
300937,1
300938,2
300939,2
300940,0
300941,2
300942,2
300943,0
300944,2
300945,2
300946,2
300947,0
300948,1
300949,1
300950,0
300951,0
300952,0
300953,0
300954,2
300955,2
300956,2
300957,2
300958,0
300959,1
300960,2
300961,0
300962,1
300963,0
300964,0
300965,1
300967,0
300968,1
300969,2
300970,0
300971,0
300972,0
300973,0
300974,2
300975,0
300976,2
300977,0
300978,2
300979,0
300980,2
300981,0
300982,1
300983,0
300985,2
300986,2
300987,1
300988,2
300989,2
300990,1
300991,0
300992,0
300993,2
300994,0
300995,0
300996,0
300997,0
300998,1
300999,0
301000,2
301001,0
301002,1
301003,0
301004,0
301005,0
301006,1
301007,2
301008,1
301009,0
301010,1
301011,0
301012,2
301013,0
301014,2
301015,2
301016,1
301017,2
301018,2
301019,1
301020,0
301021,0
301022,0
301023,0
301024,2
301025,0
301026,0
301027,2
301028,2
301029,0
301030,1
301031,2
301032,0
301033,0
301034,2
301035,1
301036,0
301037,0
301038,2
301039,1
301040,1
301041,2
301042,0
301043,0
301044,1
301045,2
301046,1
301047,2
301048,1
301049,0
301050,2
301051,2
301052,0
301053,0
301054,0
301055,1
301056,1
301057,0
301058,2
301059,0
301060,0
301061,2
301062,0
301063,1
301064,2
301065,0
301066,1
301067,1
301068,2
301069,1
301070,0
301071,0
301072,2
301073,2
301074,2
301075,2
301077,0
301078,0
301079,0
301080,2
301081,1
301082,2
301083,0
301084,0
301085,2
301086,0
301087,0
301088,0
301089,2
301090,2
301091,0
301092,0
301093,2
301094,0
301095,2
301096,0
301097,0
301098,0
301099,0
301100,0
301101,1
301102,0
301104,2
301105,2
301106,0
301107,0
301108,0
301109,0
301110,0
301111,2
301112,1
301113,0
301114,2
301115,1
301116,0
301117,0
301118,0
301119,0
301120,0
301121,0
301122,0
301123,2
301124,2
301125,0
301126,0
301127,1
301128,0
301129,2
301130,0
301131,2
301132,0
301133,0
301134,2
301135,0
301136,2
301137,2
301138,2
301139,2
301140,0
301141,2
301142,2
301143,2
301144,0
301145,0
301146,0
301147,0
301148,0
301149,2
301150,1
301151,2
301152,0
301153,0
301154,0
301155,2
301156,0
301157,2
301158,0
301159,0
301160,2
301161,2
301162,0
301163,2
301164,0
301165,1
301166,0
301167,0
301168,2
301169,2
301170,0
301171,0
301172,0
301173,2
301174,2
301175,2
301176,2
301177,1
301178,0
301179,2
301180,0
301181,0
301182,0
301183,2
301184,0
301185,0
301186,2
301187,0
301188,0
301189,0
301190,0
301191,2
301192,0
301193,0
301194,0
301195,0
301196,0
301197,0
301198,0
301199,2
301200,1
301201,1
301202,2
301203,1
301204,2
301205,0
301206,1
301207,0
301208,0
301209,0
301210,0
301211,2
301212,2
301213,0
301214,1
301215,2
301216,2
301217,0
301218,2
301219,1
301220,2
301221,0
301222,0
301223,2
301224,0
301225,2
301226,0
301227,2
301228,0
301229,0
301230,0
301231,0
301232,1
301233,1
301234,0
301235,0
301236,2
301237,2
301238,2
301239,2
301240,0
301241,0
301242,1
301243,1
301244,1
301245,0
301246,0
301247,0
301248,2
301249,2
301250,0
301251,0
301252,2
301253,0
301254,0
301255,2
301256,0
301257,2
301258,0
301259,0
301260,0
301261,1
301262,2
301263,0
301264,2
301265,1
301266,1
301267,2
301268,2
301269,0
301270,0
301271,2
301272,0
301273,1
301274,2
301275,2
301276,0
301277,0
301278,1
301279,0
301280,2
301281,0
301282,2
301283,2
301284,0
301285,2
301286,0
301287,0
301289,2
301290,2
301291,0
301292,0
301293,0
301294,0
301295,0
301296,0
301297,0
301298,0
301299,0
301300,1
301301,0
301302,0
301303,0
301304,0
301305,2
301306,2
301308,0
301309,2
301310,2
301311,2
301312,0
301313,1
301314,0
301315,0
301316,0
301317,0
301318,2
301319,2
301320,0
301321,0
301322,0
301323,0
301324,0
301325,0
301326,0
301327,2
301328,2
301329,0
301330,2
301331,2
301332,0
301333,0
301334,0
301335,1
301336,1
301337,0
301338,2
301339,2
301340,0
301341,0
301342,1
301343,0
301344,2
301345,2
301346,1
301347,0
301348,0
301350,2
301351,0
301352,0
301353,1
301354,1
301355,1
301356,2
301357,0
301358,0
301359,0
301360,0
301361,2
301362,0
301363,0
301364,1
301365,0
301366,0
301367,0
301368,2
301369,0
301370,2
301371,0
301372,2
301373,1
301374,1
301375,2
301376,2
301377,2
301378,1
301379,2
301380,1
301381,0
301382,0
301383,0
301385,0
301386,0
301387,0
301388,2
301389,2
301390,0
301391,2
301392,0
301393,0
301394,2
301395,2
301396,2
301397,2
301398,0
301399,1
301400,0
301402,0
301403,2
301404,0
301405,0
301406,1
301407,0
301408,0
301409,0
301410,0
301411,0
301412,2
301413,0
301414,0
301415,2
301416,2
301417,2
301418,2
301419,0
301420,0
301421,2
301422,1
301423,1
301424,0
301425,0
301426,1
301427,2
301428,2
301429,0
301430,2
301431,1
301432,0
301433,2
301434,0
301435,0
301436,0
301437,1
301438,0
301439,0
301440,0
301441,1
301442,0
301443,2
301444,2
301445,0
301446,0
301447,0
301448,0
301449,2
301450,2
301452,0
301453,2
301454,2
301455,2
301456,0
301457,2
301458,2
301459,2
301460,0
301461,2
301462,0
301463,2
301464,2
301465,0
301466,2
301467,2
301468,2
301469,2
301470,2
301471,0
301472,0
301473,0
301474,0
301475,2
301476,1
301477,1
301478,2
301479,1
301480,2
301481,0
301482,0
301483,2
301484,0
301485,0
301486,0
301487,0
301488,1
301489,0
301490,0
301491,2
301492,2
301493,0
301494,0
301495,2
301496,2
301497,0
301498,2
301499,0
301500,0
301501,0
301502,2
301503,0
301504,0
301505,1
301506,2
301507,1
301508,1
301509,0
301510,2
301513,2
301514,0
301515,2
301516,0
301517,0
301518,2
301519,0
301520,1
301521,0
301522,0
301523,1
301524,2
301525,0
301526,0
301527,0
301528,2
301529,1
301530,2
301531,2
301532,0
301533,0
301534,2
301535,2
301537,0
301538,2
301539,0
301540,2
301541,2
301542,2
301543,0
301544,0
301545,0
301546,2
301547,0
301548,2
301549,0
301550,1
301551,0
301552,1
301553,1
301554,0
301555,1
301556,0
301557,0
301558,1
301559,1
301560,1
301561,1
301562,2
301563,1
301564,1
301565,0
301566,0
301567,2
301568,1
301569,2
301570,0
301571,0
301572,0
301573,0
301574,2
301575,2
301576,0
301577,0
301578,0
301579,2
301580,2
301581,2
301582,2
301583,1
301584,0
301585,1
301586,0
301587,0
301588,0
301589,0
301590,0
301592,0
301593,1
301594,0
301595,1
301596,0
301597,2
301598,0
301599,2
301600,2
301601,2
301602,0
301603,0
301604,0
301605,0
301606,0
301607,0
301608,2
301609,2
301610,0
301611,0
301612,0
301613,0
301614,0
301615,0
301616,2
301617,1
301618,0
301619,0
301620,2
301621,2
301622,0
301623,0
301624,2
301625,0
301626,0
301627,2
301628,0
301629,2
301630,0
301631,0
301632,0
301633,2
301634,1
301635,0
301636,0
301637,2
301638,0
301639,1
301640,1
301641,2
301642,1
301643,0
301644,2
301645,0
301646,1
301647,0
301648,0
301649,2
301650,2
301651,2
301652,2
301653,0
301654,0
301655,2
301656,0
301657,0
301658,1
301659,1
301660,0
301661,2
301662,2
301663,0
301664,2
301665,2
301666,2
301667,0
301668,1
301669,2
301670,0
301671,0
301672,0
301673,0
301674,0
301675,2
301676,0
301677,0
301678,1
301679,0
301680,0
301681,1
301682,2
301683,1
301684,2
301685,0
301686,2
301687,2
301688,2
301689,0
301690,0
301691,0
301692,0
301693,1
301694,0
301696,0
301697,0
301698,0
301699,1
301700,0
301701,0
301702,0
301703,0
301704,0
301705,2
301706,1
301708,0
301709,2
301710,0
301711,0
301712,0
301713,2
301714,2
301716,2
301717,0
301718,0
301719,0
301720,0
301721,2
301722,0
301724,0
301725,2
301726,2
301727,2
301728,0
301729,0
301730,1
301731,2
301732,2
301734,0
301735,2
301736,2
301737,0
301738,2
301739,1
301740,0
301741,2
301742,0
301743,0
301744,2
301745,2
301746,1
301747,0
301748,2
301749,2
301750,0
301751,0
301753,0
301754,0
301755,1
301756,0
301757,0
301758,0
301759,0
301760,0
301761,1
301762,2
301763,0
301764,2
301765,0
301766,0
301767,0
301768,0
301769,2
301770,1
301771,0
301772,2
301773,1
301774,2
301775,0
301776,0
301777,2
301778,0
301779,0
301780,2
301781,2
301782,2
301783,0
301784,2
301785,0
301786,2
301787,2
301788,0
301789,0
301790,1
301791,1
301792,0
301793,0
301794,0
301795,0
301796,2
301797,1
301798,2
301799,0
301800,0
301801,1
301802,2
301803,0
301804,0
301805,2
301806,1
301807,1
301808,0
301809,2
301810,0
301811,2
301812,2
301813,0
301814,2
301815,1
301816,0
301817,0
301818,2
301819,2
301820,0
301821,0
301822,1
301823,0
301824,0
301825,0
301826,0
301827,2
301828,0
301829,2
301830,0
301831,0
301832,2
301833,2
301834,1
301835,0
301836,1
301837,2
301838,0
301839,0
301840,0
301841,0
301842,0
301843,0
301844,1
301845,0
301846,1
301847,0
301848,0
301849,2
301850,2
301851,2
301852,0
301853,2
301854,1
301855,1
301856,0
301857,0
301859,2
301860,0
301861,1
301862,2
301863,2
301864,0
301865,0
301866,0
301867,2
301868,0
301869,1
301870,0
301871,2
301872,0
301873,2
301874,0
301875,0
301876,2
301877,1
301878,0
301879,0
301880,2
301881,2
301882,0
301883,1
301884,0
301885,0
301886,2
301887,0
301888,0
301889,2
301890,0
301891,1
301892,0
301893,2
301894,1
301895,1
301896,0
301897,1
301898,0
301899,1
301900,2
301901,2
301902,0
301903,1
301904,0
301905,0
301906,0
301907,0
301908,0
301909,0
301910,1
301911,0
301912,0
301913,1
301914,0
301915,0
301916,0
301917,0
301918,0
301919,0
301920,2
301921,0
301922,0
301923,1
301924,0
301925,0
301926,2
301927,2
301928,2
301929,2
301930,0
301931,0
301932,2
301933,0
301934,0
301935,0
301936,2
301937,2
301938,0
301939,2
301940,0
301941,0
301942,2
301943,2
301944,2
301945,0
301946,0
301947,1
301948,2
301949,0
301950,2
301951,0
301952,0
301953,1
301955,0
301956,2
301957,1
301958,2
301959,1
301960,0
301961,2
301962,0
301963,0
301964,0
301965,0
301966,1
301967,0
301968,1
301969,2
301970,0
301971,0
301972,0
301973,1
301974,2
301975,2
301976,2
301977,2
301978,0
301979,0
301980,0
301981,0
301982,2
301983,2
301984,0
301985,1
301986,1
301987,1
301988,0
301989,1
301990,1
301991,2
301992,0
301993,2
301994,2
301995,2
301996,2
301997,2
301998,0
301999,2
302000,0
302001,0
302003,2
302004,2
302005,2
302006,2
302007,0
302008,2
302009,2
302010,1
302011,2
302012,0
302013,0
302014,0
302015,2
302016,0
302017,0
302018,2
302019,0
302020,1
302021,0
302022,0
302023,2
302024,0
302025,2
302026,0
302027,2
302028,0
302029,2
302030,0
302031,0
302032,0
302033,0
302034,0
302035,2
302036,0
302037,0
302038,0
302039,0
302040,2
302041,1
302042,2
302043,0
302044,2
302045,0
302046,0
302048,0
302049,2
302050,0
302051,0
302052,1
302053,0
302054,0
302055,2
302056,0
302057,2
302058,2
302059,0
302060,0
302061,0
302062,0
302063,0
302064,0
302065,2
302066,2
302067,1
302068,1
302069,1
302070,2
302071,1
302072,2
302073,0
302074,0
302075,0
302076,1
302077,0
302078,2
302079,0
302080,2
302081,0
302082,2
302083,0
302084,2
302085,2
302086,0
302087,0
302088,0
302089,0
302090,1
302091,0
302092,0
302093,2
302094,0
302095,2
302096,0
302097,0
302098,2
302099,0
302100,2
302101,0
302102,0
302103,2
302104,2
302105,2
302106,1
302107,2
302108,1
302109,0
302111,2
302112,0
302113,0
302114,2
302115,1
302116,0
302117,2
302118,0
302119,0
302120,0
302121,0
302122,0
302123,2
302124,0
302125,0
302126,1
302127,0
302128,2
302129,1
302130,2
302131,0
302132,2
302133,0
302134,2
302135,0
302136,0
302137,0
302138,0
302139,1
302140,2
302141,0
302142,0
302143,0
302144,2
302145,0
302146,2
302147,2
302148,0
302149,0
302150,2
302151,2
302152,2
302154,1
302155,2
302156,2
302157,2
302158,1
302159,0
302160,2
302161,1
302162,2
302163,1
302165,2
302166,0
302167,0
302168,2
302169,2
302170,1
302171,0
302172,0
302174,0
302175,0
302176,0
302177,1
302178,0
302179,2
302180,2
302181,2
302182,0
302183,0
302184,2
302185,2
302186,2
302187,2
302188,0
302189,0
302190,2
302191,2
302192,1
302193,1
302194,1
302195,0
302196,2
302197,0
302198,0
302199,0
302200,0
302201,0
302202,0
302203,1
302204,0
302205,0
302206,0
302207,2
302208,2
302209,0
302210,0
302211,1
302212,0
302213,0
302214,0
302215,0
302216,0
302217,0
302218,2
302219,1
302220,1
302221,2
302222,2
302223,0
302224,1
302225,0
302226,1
302227,1
302228,2
302229,2
302230,2
302231,1
302232,0
302233,2
302234,0
302235,1
302236,0
302237,2
302238,0
302239,2
302240,0
302241,1
302243,0
302244,1
302245,2
302246,0
302247,0
302248,1
302249,0
302250,1
302251,0
302252,0
302253,0
302254,2
302255,0
302256,1
302257,0
302258,0
302259,0
302261,0
302262,0
302263,0
302264,2
302265,0
302266,1
302267,2
302268,0
302269,2
302270,0
302271,2
302272,2
302273,2
302274,2
302275,2
302276,0
302277,2
302278,0
302279,0
302280,1
302281,2
302282,0
302283,0
302284,2
302285,2
302286,1
302287,0
302288,0
302289,2
302290,0
302291,0
302292,2
302293,0
302294,0
302295,0
302296,1
302297,1
302298,1
302299,1
302300,2
302301,2
302302,2
302303,0
302304,2
302305,0
302307,0
302309,2
302310,0
302311,1
302312,2
302313,2
302314,2
302315,0
302316,0
302317,0
302318,0
302319,0
302320,0
302321,0
302322,1
302323,0
302324,2
302325,0
302326,2
302327,2
302328,0
302329,0
302330,0
302331,0
302332,0
302333,0
302334,2
302335,0
302336,2
302337,2
302338,0
302339,0
302340,0
302341,1
302342,2
302343,1
302344,1
302345,2
302346,0
302347,0
302348,2
302349,2
302350,0
302351,0
302352,1
302353,1
302354,2
302355,1
302356,0
302357,0
302358,2
302359,0
302360,2
302361,2
302362,0
302363,2
302364,2
302365,2
302366,0
302367,0
302368,2
302369,0
302370,2
302371,2
302372,0
302373,2
302374,2
302375,0
302376,1
302377,0
302378,0
302379,2
302380,1
302381,2
302382,0
302383,0
302384,0
302385,0
302386,0
302387,0
302388,0
302389,0
302390,0
302391,1
302392,0
302393,0
302394,2
302395,1
302396,0
302397,2
302398,0
302399,0
302400,2
302401,0
302402,0
302403,1
302404,1
302405,2
302406,2
302407,0
302408,1
302409,2
302410,0
302411,0
302412,1
302413,0
302414,1
302415,0
302416,0
302417,1
302418,2
302420,2
302421,0
302423,2
302424,2
302425,1
302426,2
302427,2
302428,2
302429,1
302430,2
302431,2
302432,0
302433,0
302434,0
302435,2
302436,0
302437,1
302438,2
302439,2
302440,0
302441,0
302442,0
302443,2
302444,0
302445,0
302446,1
302447,0
302448,0
302449,2
302450,2
302451,1
302452,2
302453,2
302454,0
302455,1
302456,0
302458,1
302459,2
302460,0
302461,2
302462,2
302463,0
302464,0
302465,1
302466,2
302467,0
302468,1
302469,0
302470,2
302471,0
302472,0
302473,0
302474,0
302475,2
302476,1
302477,2
302478,2
302479,0
302480,0
302481,2
302482,0
302483,2
302484,0
302485,0
302486,1
302487,0
302488,2
302489,0
302490,0
302491,0
302492,1
302493,0
302494,1
302495,0
302496,2
302497,2
302498,0
302499,0
302500,2
302501,1
302502,0
302503,0
302504,2
302505,0
302506,0
302507,0
302508,0
302509,0
302510,0
302511,0
302512,2
302513,2
302514,1
302515,1
302516,2
302517,0
302518,2
302519,1
302520,0
302521,0
302522,0
302523,0
302524,2
302525,0
302526,2
302527,1
302528,0
302529,0
302530,1
302531,2
302532,0
302533,2
302534,0
302535,2
302536,0
302537,0
302538,0
302539,0
302540,1
302541,0
302542,0
302543,1
302544,2
302545,0
302546,0
302547,2
302548,0
302549,0
302550,2
302551,0
302552,2
302553,2
302554,1
302555,0
302556,0
302557,0
302558,0
302559,2
302560,1
302561,0
302562,2
302563,0
302564,2
302565,1
302566,2
302567,2
302568,1
302569,2
302570,0
302571,0
302572,0
302573,2
302574,0
302575,2
302576,2
302577,0
302578,1
302579,0
302580,2
302581,1
302582,2
302583,1
302584,0
302585,2
302586,0
302587,2
302588,0
302589,0
302590,2
302591,0
302592,0
302593,1
302594,1
302595,2
302596,0
302597,0
302598,2
302599,2
302600,0
302601,2
302602,0
302603,1
302604,0
302605,0
302606,2
302607,0
302608,0
302609,0
302610,2
302611,0
302612,2
302613,0
302614,0
302615,2
302616,0
302617,0
302618,2
302619,0
302620,2
302621,1
302622,0
302623,1
302624,0
302625,2
302626,0
302627,0
302628,1
302629,0
302630,1
302631,2
302632,0
302633,0
302634,0
302635,2
302636,0
302637,0
302638,1
302639,0
302640,0
302641,1
302642,0
302643,0
302644,0
302645,2
302646,0
302647,0
302648,1
302649,0
302650,0
302651,0
302652,2
302653,2
302654,0
302655,0
302656,2
302657,1
302658,0
302659,2
302660,0
302661,0
302662,0
302663,0
302664,0
302665,2
302666,2
302667,0
302669,0
302670,0
302671,1
302672,0
302673,0
302674,1
302675,0
302676,2
302677,0
302678,2
302679,2
302680,0
302681,0
302682,1
302683,0
302684,1
302685,2
302686,0
302687,0
302688,1
302689,0
302690,0
302691,1
302692,0
302693,2
302694,0
302695,0
302696,0
302697,0
302698,1
302699,1
302700,2
302701,2
302702,2
302703,0
302704,2
302705,2
302706,0
302707,1
302708,2
302709,0
302710,1
302711,0
302712,2
302713,1
302714,2
302715,0
302716,2
302717,2
302718,0
302719,2
302720,2
302722,1
302723,2
302724,0
302725,1
302726,1
302727,0
302728,0
302729,2
302730,0
302731,2
302732,0
302733,0
302734,0
302735,0
302736,0
302737,2
302738,0
302739,2
302740,2
302741,1
302742,2
302743,0
302744,2
302745,1
302746,0
302747,2
302748,2
302749,2
302750,0
302751,1
302752,2
302753,0
302754,0
302755,0
302756,2
302757,2
302758,2
302759,0
302760,0
302761,1
302762,0
302763,2
302764,2
302765,1
302766,0
302767,0
302768,0
302769,0
302770,0
302771,2
302772,0
302773,2
302774,2
302775,2
302776,2
302777,2
302778,0
302779,2
302780,0
302781,0
302782,0
302783,2
302784,2
302785,2
302786,1
302787,2
302788,2
302789,0
302790,2
302791,0
302792,2
302793,1
302794,2
302795,2
302796,2
302797,0
302798,2
302799,0
302800,0
302801,0
302802,1
302803,0
302804,0
302805,0
302806,2
302807,2
302808,1
302809,0
302810,1
302811,1
302812,0
302813,2
302814,0
302815,1
302816,0
302817,2
302818,2
302819,2
302820,0
302821,0
302822,2
302823,2
302824,2
302825,2
302826,2
302827,1
302828,0
302829,2
302830,2
302831,0
302832,0
302833,0
302834,0
302835,0
302836,0
302837,0
302838,1
302839,2
302840,0
302841,0
302842,2
302843,0
302844,2
302845,2
302846,1
302847,0
302848,2
302849,0
302850,2
302851,0
302852,0
302853,2
302854,1
302855,1
302856,0
302857,0
302858,0
302859,1
302860,0
302861,0
302862,0
302863,2
302864,0
302865,2
302867,0
302868,0
302869,0
302870,0
302871,1
302872,1
302873,0
302874,0
302875,0
302876,2
302877,0
302878,2
302879,0
302880,2
302881,1
302882,1
302883,1
302884,0
302885,0
302886,0
302887,1
302888,0
302889,2
302890,2
302891,2
302892,2
302893,1
302894,0
302895,0
302896,0
302897,2
302898,1
302899,2
302900,2
302901,2
302902,1
302903,1
302904,1
302905,0
302906,1
302907,2
302908,1
302909,0
302910,0
302911,0
302912,0
302913,0
302914,0
302915,0
302916,2
302917,0
302918,2
302919,2
302920,0
302921,2
302922,2
302923,2
302924,0
302925,0
302926,2
302927,0
302928,1
302929,2
302930,1
302931,0
302932,1
302933,0
302934,1
302935,1
302936,0
302937,0
302938,1
302939,2
302940,0
302941,2
302942,2
302943,0
302944,0
302945,2
302946,2
302947,0
302948,0
302949,0
302950,1
302951,0
302952,0
302953,2
302954,1
302955,2
302956,0
302957,2
302958,0
302959,0
302960,0
302961,1
302962,1
302963,1
302964,2
302965,0
302966,2
302967,0
302968,2
302969,2
302970,1
302971,0
302972,2
302973,0
302974,2
302975,2
302976,1
302977,2
302978,0
302979,0
302980,2
302981,2
302982,1
302983,1
302984,0
302985,0
302986,1
302987,0
302988,2
302989,2
302990,1
302991,0
302992,0
302993,0
302994,1
302995,0
302996,0
302997,1
302998,0
302999,2
303000,0
303001,2
303002,1
303003,1
303004,0
303005,1
303006,0
303007,0
303008,0
303009,0
303010,1
303011,2
303012,2
303013,2
303014,2
303015,0
303016,2
303017,0
303018,0
303019,0
303020,0
303021,1
303022,0
303023,2
303024,0
303025,0
303026,2
303027,0
303028,2
303029,0
303030,0
303031,1
303032,2
303033,0
303034,0
303035,0
303036,0
303037,2
303038,0
303040,0
303041,2
303042,0
303043,0
303044,2
303045,1
303046,1
303047,0
303048,1
303049,2
303050,2
303051,0
303052,0
303053,0
303054,2
303055,0
303056,1
303057,0
303058,2
303059,2
303060,2
303061,2
303062,2
303063,0
303064,0
303066,2
303067,1
303068,2
303069,0
303070,0
303071,0
303072,1
303073,0
303074,2
303075,0
303076,0
303077,2
303078,2
303079,0
303080,0
303081,1
303082,2
303083,2
303084,2
303085,0
303086,0
303087,0
303088,2
303090,0
303091,1
303092,2
303093,2
303094,1
303095,2
303096,1
303097,0
303098,0
303099,0
303100,2
303101,2
303103,1
303104,0
303105,2
303106,0
303107,0
303108,0
303109,0
303110,0
303111,0
303112,1
303113,0
303114,1
303115,0
303116,2
303117,2
303118,1
303119,2
303120,2
303121,0
303122,0
303123,0
303124,0
303125,2
303126,0
303127,0
303128,0
303129,1
303130,0
303131,2
303132,2
303133,0
303134,2
303135,2
303136,2
303137,2
303138,1
303139,0
303140,2
303141,0
303142,0
303143,0
303144,0
303145,2
303146,0
303147,1
303148,2
303149,2
303150,0
303151,0
303153,1
303154,0
303155,1
303156,0
303157,2
303158,0
303159,0
303161,2
303162,2
303163,1
303164,0
303165,0
303166,2
303167,1
303168,2
303169,2
303170,0
303171,0
303172,2
303173,1
303174,0
303175,0
303176,0
303177,2
303178,1
303179,2
303180,1
303181,0
303182,0
303183,2
303184,0
303185,1
303186,0
303187,0
303188,1
303189,0
303190,0
303191,2
303192,1
303193,0
303194,0
303195,0
303196,0
303197,0
303198,2
303199,0
303200,0
303201,0
303202,2
303203,0
303204,1
303205,2
303206,2
303207,0
303208,0
303209,0
303210,0
303211,0
303212,0
303213,2
303214,0
303215,1
303216,0
303217,0
303218,0
303219,0
303220,0
303221,0
303222,1
303223,2
303224,0
303225,0
303226,2
303227,2
303228,0
303229,1
303230,0
303231,0
303232,2
303233,0
303234,2
303235,1
303236,0
303237,2
303238,0
303239,1
303240,1
303241,1
303242,0
303243,2
303244,2
303245,2
303246,1
303247,0
303248,0
303249,0
303250,2
303251,2
303252,1
303253,2
303254,0
303255,0
303256,0
303257,0
303258,0
303259,0
303260,2
303261,2
303262,0
303263,1
303264,2
303265,0
303266,0
303267,0
303268,0
303269,2
303270,2
303271,0
303272,0
303273,0
303274,2
303275,2
303276,0
303277,0
303278,0
303279,2
303280,1
303281,0
303282,0
303283,0
303284,2
303285,0
303286,0
303287,1
303288,0
303289,0
303290,1
303291,0
303292,0
303293,2
303294,0
303295,2
303296,2
303297,0
303298,2
303299,0
303300,0
303301,0
303302,0
303303,0
303304,1
303305,0
303306,2
303307,0
303308,0
303309,0
303310,2
303311,2
303312,0
303313,0
303314,1
303315,0
303316,1
303317,0
303318,0
303319,0
303320,2
303321,0
303322,1
303323,0
303324,0
303325,1
303326,1
303327,1
303328,2
303329,2
303330,0
303331,0
303332,1
303333,2
303334,0
303335,0
303336,0
303337,0
303338,2
303339,0
303340,0
303341,0
303342,0
303343,2
303344,0
303345,2
303346,0
303347,0
303348,1
303350,1
303351,2
303352,2
303353,2
303354,1
303355,0
303356,0
303357,2
303358,0
303359,2
303360,2
303361,1
303362,0
303363,2
303364,0
303365,0
303366,0
303367,0
303368,1
303369,2
303370,0
303372,2
303373,2
303374,1
303375,1
303376,1
303377,0
303378,2
303379,1
303380,1
303381,0
303382,0
303383,2
303384,0
303385,0
303386,2
303387,2
303388,0
303389,0
303390,1
303391,1
303392,2
303393,2
303394,0
303395,1
303396,0
303397,0
303398,1
303399,2
303400,2
303401,1
303402,0
303403,0
303404,2
303405,2
303406,0
303407,2
303408,0
303409,2
303410,2
303411,0
303412,0
303413,0
303414,0
303415,0
303416,0
303417,0
303418,2
303419,0
303420,1
303421,0
303422,0
303423,2
303424,0
303425,2
303426,0
303427,2
303428,0
303429,0
303430,2
303431,1
303432,0
303433,2
303434,0
303435,2
303436,0
303437,0
303438,1
303439,1
303440,1
303441,0
303442,0
303443,0
303444,0
303445,0
303446,2
303447,0
303448,2
303450,2
303451,0
303452,2
303453,0
303454,2
303455,1
303456,0
303457,0
303458,0
303459,0
303460,0
303461,0
303462,0
303463,0
303464,0
303465,2
303466,1
303467,0
303468,1
303469,0
303470,0
303471,2
303472,1
303473,0
303474,2
303475,1
303476,0
303477,0
303478,2
303479,2
303480,0
303481,1
303483,2
303484,1
303485,0
303486,1
303487,1
303488,2
303489,0
303490,0
303491,0
303492,0
303493,0
303495,0
303496,1
303497,0
303498,1
303499,1
303500,2
303501,2
303502,0
303503,0
303504,0
303505,0
303506,0
303507,2
303508,1
303509,0
303510,0
303511,0
303512,2
303513,1
303514,0
303515,0
303516,2
303517,1
303518,0
303519,0
303520,1
303521,1
303522,0
303523,1
303524,1
303525,2
303526,0
303527,1
303528,0
303529,2
303530,2
303531,0
303532,0
303533,0
303534,1
303535,2
303536,2
303537,2
303538,1
303539,1
303540,2
303541,2
303542,2
303543,2
303544,0
303545,2
303546,0
303547,2
303548,1
303549,2
303550,1
303551,0
303552,2
303553,1
303554,0
303555,0
303556,1
303557,0
303558,0
303559,0
303560,0
303561,2
303562,1
303563,0
303564,0
303565,2
303566,0
303567,0
303568,2
303569,2
303570,0
303571,0
303572,2
303573,2
303574,0
303575,0
303576,0
303577,0
303578,1
303579,0
303580,2
303581,2
303582,2
303583,1
303584,2
303585,0
303586,0
303587,1
303588,0
303589,0
303590,0
303591,0
303592,0
303593,2
303594,2
303595,2
303596,1
303597,2
303598,0
303599,2
303600,0
303601,2
303602,0
303603,0
303604,0
303605,2
303606,2
303607,0
303608,2
303609,1
303610,1
303611,1
303612,0
303613,0
303614,2
303615,2
303616,1
303617,1
303618,0
303619,2
303620,0
303622,1
303623,0
303624,1
303625,1
303626,1
303627,0
303628,2
303629,0
303630,2
303631,2
303632,0
303633,2
303634,0
303635,1
303636,0
303637,0
303638,0
303639,0
303640,2
303641,2
303642,0
303643,1
303644,2
303645,2
303646,0
303647,2
303648,2
303649,1
303650,0
303651,0
303652,0
303653,2
303654,1
303655,1
303656,0
303657,2
303658,0
303659,1
303660,0
303662,1
303663,2
303664,2
303665,0
303666,1
303667,0
303668,1
303669,0
303670,1
303671,0
303672,0
303673,2
303674,0
303675,0
303676,0
303677,0
303678,2
303679,0
303680,0
303681,2
303682,0
303683,2
303684,1
303685,2
303686,2
303687,0
303688,0
303689,2
303690,1
303691,2
303692,0
303693,0
303694,0
303695,2
303696,0
303697,0
303698,1
303699,0
303700,0
303701,1
303702,0
303703,0
303704,0
303705,0
303706,0
303707,0
303708,0
303709,2
303710,0
303711,1
303712,2
303713,0
303714,1
303715,0
303716,0
303717,0
303718,2
303719,2
303720,1
303721,1
303722,0
303723,2
303724,1
303725,0
303726,0
303727,0
303728,2
303729,2
303730,2
303731,1
303732,1
303733,0
303734,0
303735,0
303736,2
303737,0
303738,0
303739,2
303740,2
303741,0
303742,1
303743,0
303744,2
303745,1
303746,2
303747,1
303748,2
303749,1
303750,2
303751,0
303752,2
303753,0
303754,2
303755,2
303756,0
303757,2
303758,2
303759,2
303760,0
303761,0
303762,1
303763,2
303764,1
303765,0
303766,0
303767,0
303768,0
303769,0
303770,0
303771,0
303772,2
303773,0
303774,0
303775,0
303776,2
303777,0
303778,0
303779,1
303780,2
303781,2
303782,1
303783,0
303784,1
303785,0
303786,1
303787,0
303788,2
303789,0
303790,2
303791,0
303792,0
303793,0
303794,0
303795,0
303796,0
303797,2
303798,0
303799,0
303800,0
303801,0
303802,2
303803,0
303804,0
303805,1
303806,0
303807,2
303808,0
303809,0
303810,2
303811,2
303812,2
303813,2
303814,0
303815,2
303816,2
303817,2
303818,0
303819,0
303820,0
303821,0
303822,0
303823,0
303824,0
303825,0
303826,0
303827,2
303828,0
303829,0
303830,2
303831,1
303832,0
303833,2
303834,0
303835,0
303836,0
303837,2
303838,1
303839,1
303840,0
303841,0
303842,2
303843,0
303844,2
303845,1
303846,2
303847,2
303848,0
303849,0
303850,0
303851,0
303852,2
303853,0
303854,0
303855,0
303856,2
303857,0
303858,2
303859,2
303860,0
303861,0
303862,0
303863,2
303864,0
303865,2
303866,0
303867,0
303868,0
303869,0
303870,0
303871,0
303872,0
303873,0
303874,1
303875,2
303876,2
303877,2
303878,0
303879,1
303880,2
303881,1
303882,2
303883,2
303884,0
303885,1
303886,0
303887,1
303888,0
303889,2
303890,1
303891,2
303892,2
303893,2
303894,0
303895,1
303896,2
303897,0
303898,2
303899,2
303900,2
303901,1
303902,0
303903,0
303904,2
303905,2
303906,2
303907,0
303908,0
303909,2
303910,2
303911,0
303912,0
303913,0
303914,2
303915,2
303916,0
303917,1
303918,0
303919,2
303920,1
303921,0
303922,0
303923,0
303924,2
303925,1
303926,1
303927,2
303928,0
303929,0
303930,0
303931,1
303932,0
303933,0
303934,1
303935,2
303936,2
303937,0
303938,0
303939,0
303940,0
303941,0
303942,2
303943,0
303945,1
303946,0
303947,0
303948,1
303949,1
303950,0
303951,2
303952,2
303953,0
303954,1
303955,0
303956,0
303957,2
303958,1
303959,2
303960,0
303961,2
303962,2
303963,0
303964,0
303965,0
303966,2
303967,2
303968,0
303969,0
303970,0
303971,0
303972,0
303973,0
303974,2
303975,1
303976,0
303977,2
303978,0
303979,2
303980,1
303981,2
303982,0
303983,0
303984,2
303985,0
303986,0
303987,0
303988,1
303989,0
303990,0
303991,1
303992,2
303993,2
303994,2
303995,0
303996,0
303997,0
303998,1
304000,2
304001,0
304002,2
304003,2
304004,2
304006,1
304007,1
304008,2
304009,2
304010,0
304011,0
304012,0
304013,0
304014,2
304015,0
304016,0
304017,0
304018,0
304019,0
304020,0
304021,2
304022,1
304023,1
304024,0
304025,2
304026,2
304027,2
304028,0
304029,0
304030,1
304031,0
304032,0
304033,0
304034,0
304035,1
304036,0
304037,2
304038,2
304039,0
304040,0
304041,1
304042,2
304043,0
304044,1
304045,0
304046,2
304047,0
304048,0
304049,2
304050,2
304051,0
304052,2
304053,1
304054,2
304055,1
304056,1
304057,0
304058,2
304059,0
304060,2
304061,1
304062,1
304063,1
304064,0
304065,0
304066,0
304067,2
304068,0
304070,1
304071,0
304072,1
304073,1
304074,2
304075,0
304076,1
304077,2
304079,0
304080,1
304081,2
304082,2
304083,1
304084,0
304085,0
304087,2
304088,1
304089,2
304090,1
304091,1
304092,0
304093,2
304095,1
304096,1
304097,0
304098,0
304099,0
304100,0
304101,1
304102,2
304103,2
304104,2
304105,1
304106,0
304107,2
304108,0
304109,0
304110,1
304111,1
304112,2
304113,2
304114,1
304115,1
304117,2
304118,2
304119,0
304120,0
304121,1
304122,2
304123,2
304125,0
304126,0
304127,2
304128,0
304129,0
304130,0
304131,2
304132,0
304133,1
304134,0
304135,0
304136,2
304137,2
304138,2
304139,0
304140,0
304141,0
304142,0
304143,2
304144,0
304145,0
304146,0
304147,2
304148,1
304149,2
304150,0
304151,0
304152,2
304153,0
304154,0
304155,1
304156,0
304157,2
304158,0
304159,1
304160,0
304161,0
304162,0
304163,0
304164,0
304165,1
304166,1
304167,2
304168,0
304169,0
304170,0
304171,0
304172,0
304173,2
304174,0
304175,1
304176,0
304177,1
304178,0
304179,0
304180,0
304181,1
304182,0
304183,1
304184,2
304185,2
304186,0
304187,1
304188,0
304189,0
304190,1
304191,0
304192,2
304193,2
304194,0
304195,2
304196,0
304197,0
304198,2
304199,0
304200,0
304201,2
304202,1
304203,0
304204,0
304205,0
304206,0
304207,1
304208,0
304209,1
304210,2
304211,2
304212,2
304213,0
304214,0
304215,2
304216,0
304217,2
304218,1
304219,0
304220,0
304221,0
304222,2
304223,0
304224,2
304225,1
304226,1
304227,2
304228,2
304229,0
304230,0
304231,1
304232,2
304233,0
304234,2
304235,0
304236,2
304237,2
304238,1
304239,0
304240,2
304241,1
304242,0
304243,2
304244,0
304245,0
304246,0
304247,0
304248,1
304249,0
304250,0
304251,2
304252,2
304253,1
304254,0
304255,1
304256,0
304257,0
304258,2
304259,0
304260,0
304261,2
304262,0
304263,2
304264,1
304265,2
304266,1
304267,2
304268,0
304269,0
304270,1
304271,1
304272,0
304273,0
304274,0
304275,1
304276,2
304277,2
304278,2
304279,2
304280,2
304281,0
304282,0
304283,2
304284,2
304285,2
304286,2
304287,0
304288,2
304289,0
304290,1
304291,0
304292,0
304293,0
304294,0
304295,1
304296,0
304297,0
304298,0
304299,2
304300,2
304302,0
304303,1
304304,0
304305,0
304306,2
304307,2
304308,0
304309,2
304310,2
304311,0
304312,0
304313,0
304314,0
304315,0
304316,0
304317,0
304318,2
304319,0
304320,0
304321,1
304322,2
304323,2
304324,0
304325,1
304326,1
304327,2
304328,1
304329,0
304330,0
304331,0
304332,0
304333,2
304334,0
304335,2
304336,0
304337,0
304338,2
304339,2
304340,1
304342,0
304343,0
304344,2
304345,2
304346,2
304347,2
304348,0
304349,2
304350,0
304351,2
304352,2
304353,1
304354,0
304355,1
304356,0
304357,0
304358,2
304359,2
304360,0
304361,1
304362,1
304363,0
304364,2
304365,1
304366,1
304367,0
304368,0
304369,2
304370,1
304371,0
304372,2
304373,2
304374,1
304375,2
304376,0
304377,2
304378,0
304379,2
304380,2
304381,0
304382,0
304383,2
304384,0
304385,2
304386,0
304387,1
304388,2
304389,1
304390,0
304391,0
304392,0
304393,0
304394,2
304395,2
304396,0
304397,1
304398,0
304399,0
304400,2
304401,1
304402,1
304403,0
304404,0
304405,2
304406,1
304407,2
304408,1
304409,0
304410,0
304411,0
304412,2
304413,0
304414,2
304415,0
304416,0
304417,0
304418,0
304419,2
304420,0
304421,0
304422,2
304423,2
304424,2
304425,0
304426,0
304427,0
304428,2
304429,2
304430,2
304431,0
304432,1
304433,2
304434,2
304436,0
304437,0
304438,0
304439,2
304440,0
304441,0
304442,1
304443,0
304444,0
304445,0
304446,0
304447,1
304448,1
304449,2
304450,2
304451,0
304452,0
304453,0
304454,0
304455,0
304456,0
304457,2
304458,0
304459,2
304460,0
304461,0
304462,2
304463,0
304464,0
304465,0
304466,2
304467,0
304468,2
304469,0
304470,0
304471,1
304472,0
304473,2
304474,0
304475,0
304476,0
304477,1
304478,0
304479,2
304480,0
304481,0
304482,0
304483,2
304484,0
304485,0
304486,0
304487,0
304488,0
304489,0
304490,2
304491,0
304492,1
304493,1
304494,0
304495,2
304496,0
304497,0
304498,1
304499,2
304500,2
304501,0
304502,0
304503,0
304504,0
304505,2
304506,1
304507,2
304508,0
304509,1
304510,2
304511,0
304512,0
304513,0
304514,2
304515,0
304516,0
304517,0
304518,2
304519,0
304520,2
304521,1
304522,0
304523,1
304524,0
304525,0
304526,2
304527,0
304528,1
304529,0
304530,0
304531,2
304532,0
304533,0
304534,2
304535,0
304536,2
304537,2
304538,0
304539,2
304540,2
304541,2
304542,0
304543,0
304544,2
304545,0
304546,0
304547,0
304548,2
304549,2
304550,0
304551,0
304552,0
304553,0
304554,1
304555,0
304556,0
304557,0
304558,2
304559,2
304560,0
304561,2
304562,0
304563,0
304564,2
304565,0
304566,0
304567,1
304568,2
304569,1
304570,1
304571,0
304572,0
304573,0
304574,0
304575,1
304576,1
304577,2
304578,2
304579,0
304580,0
304581,2
304582,0
304583,2
304584,0
304585,0
304586,0
304587,1
304588,2
304589,0
304590,0
304591,0
304592,0
304593,2
304594,2
304595,0
304596,2
304597,2
304598,2
304599,2
304601,0
304602,0
304603,2
304604,1
304605,0
304606,0
304607,0
304608,2
304609,2
304610,1
304611,2
304612,0
304613,0
304614,0
304615,2
304616,1
304617,0
304618,0
304619,2
304620,1
304621,0
304622,1
304623,0
304624,0
304625,0
304626,0
304627,0
304628,0
304629,0
304630,2
304631,2
304632,0
304633,1
304634,2
304635,2
304636,0
304637,0
304638,2
304639,0
304640,0
304641,2
304642,2
304643,1
304644,2
304645,0
304646,0
304647,2
304648,2
304649,0
304650,2
304651,2
304652,2
304654,0
304655,1
304656,0
304657,0
304658,2
304659,1
304660,0
304661,1
304662,1
304663,0
304664,1
304665,2
304666,0
304667,2
304668,2
304669,0
304670,2
304671,1
304672,0
304673,1
304674,1
304675,0
304676,0
304677,0
304678,0
304679,1
304680,0
304681,2
304682,1
304683,0
304684,0
304685,0
304686,0
304687,2
304688,1
304689,0
304690,2
304691,2
304692,0
304693,2
304694,2
304695,2
304696,0
304698,2
304699,0
304700,0
304701,0
304702,0
304703,0
304704,0
304705,0
304706,0
304707,2
304708,0
304709,0
304710,0
304711,0
304712,0
304713,0
304714,2
304715,2
304716,0
304717,2
304718,0
304719,2
304720,2
304721,0
304722,0
304723,0
304724,2
304725,0
304726,0
304727,0
304728,0
304729,2
304730,2
304731,0
304732,0
304733,0
304734,0
304735,1
304736,0
304737,0
304738,2
304739,2
304740,0
304741,2
304742,2
304743,1
304744,2
304745,2
304746,0
304747,0
304748,0
304749,0
304750,0
304751,0
304752,0
304753,0
304754,0
304755,0
304756,2
304757,2
304758,0
304759,2
304760,0
304761,1
304762,2
304763,2
304764,2
304765,2
304766,1
304767,1
304768,0
304769,0
304770,2
304771,1
304772,2
304773,0
304774,2
304775,2
304776,0
304777,1
304778,2
304779,1
304780,2
304781,0
304782,0
304783,0
304784,2
304785,1
304786,0
304787,2
304788,0
304789,1
304790,0
304791,2
304792,2
304793,0
304794,2
304795,0
304796,1
304797,0
304798,0
304799,0
304800,2
304801,0
304802,0
304803,2
304804,2
304805,0
304806,0
304807,2
304808,0
304809,0
304810,2
304811,2
304813,0
304814,2
304815,1
304816,0
304817,0
304818,1
304819,2
304820,0
304821,0
304822,2
304823,2
304824,0
304825,0
304826,0
304827,2
304828,0
304829,2
304830,0
304831,2
304832,0
304833,0
304834,2
304835,1
304836,2
304837,2
304838,0
304839,0
304840,0
304841,0
304842,0
304843,0
304844,1
304845,2
304846,0
304847,0
304848,1
304849,2
304850,2
304851,1
304852,1
304853,0
304854,0
304855,0
304856,1
304857,2
304859,0
304860,2
304861,0
304862,1
304863,0
304864,2
304865,1
304866,0
304867,2
304868,1
304869,0
304870,2
304871,1
304872,2
304873,2
304874,0
304875,0
304876,0
304877,0
304878,2
304879,0
304880,0
304881,2
304882,0
304883,1
304884,2
304885,1
304886,0
304887,1
304888,2
304889,0
304890,1
304891,1
304892,0
304893,2
304894,0
304895,1
304896,2
304897,2
304898,0
304899,2
304900,0
304901,2
304902,1
304903,0
304904,0
304905,0
304906,0
304907,2
304908,1
304909,0
304910,1
304911,0
304912,0
304913,2
304914,0
304915,1
304916,1
304917,1
304918,1
304919,2
304920,2
304921,0
304922,0
304923,0
304924,0
304925,2
304926,2
304927,0
304928,0
304929,1
304930,2
304931,2
304932,2
304933,1
304934,2
304935,0
304936,0
304937,0
304938,0
304939,1
304940,0
304941,0
304942,0
304943,0
304944,2
304945,1
304946,0
304947,0
304948,2
304949,0
304950,1
304951,0
304952,1
304953,1
304954,2
304955,0
304956,0
304957,2
304958,0
304959,1
304960,1
304961,0
304962,0
304963,1
304964,2
304965,1
304966,2
304967,2
304968,0
304969,0
304970,2
304971,2
304972,0
304973,0
304974,2
304975,2
304976,2
304977,0
304978,2
304979,2
304980,0
304981,0
304982,2
304983,2
304984,2
304985,0
304986,2
304987,2
304988,0
304989,1
304990,0
304991,0
304992,0
304993,2
304994,0
304995,0
304996,0
304997,1
304998,2
304999,0
305000,0
305001,1
305002,0
305003,2
305004,0
305005,0
305006,1
305007,0
305008,0
305009,0
305010,2
305011,0
305012,2
305013,0
305014,0
305015,2
305016,2
305017,0
305018,0
305019,0
305020,0
305021,0
305022,0
305023,2
305024,0
305025,0
305026,0
305027,0
305028,0
305029,2
305030,0
305031,1
305032,0
305033,0
305034,2
305035,2
305036,0
305037,0
305038,0
305039,1
305040,2
305041,0
305042,0
305043,2
305044,0
305045,1
305046,0
305047,0
305048,1
305049,2
305050,0
305051,2
305052,0
305053,0
305054,2
305055,0
305056,2
305057,1
305058,0
305059,1
305060,0
305061,0
305062,2
305063,1
305064,1
305065,2
305066,0
305068,0
305069,0
305070,0
305071,0
305072,1
305073,1
305074,0
305075,0
305076,0
305077,2
305078,2
305079,0
305080,2
305081,2
305082,2
305083,2
305084,2
305085,1
305086,0
305087,2
305088,1
305089,0
305090,2
305091,0
305092,0
305093,2
305094,0
305095,0
305096,0
305097,0
305098,2
305099,2
305100,0
305101,1
305102,2
305103,1
305104,2
305105,0
305106,0
305107,1
305108,1
305109,1
305110,2
305111,0
305112,0
305113,1
305114,0
305115,0
305116,0
305117,0
305118,0
305119,0
305120,0
305121,2
305122,2
305123,2
305124,0
305125,0
305126,2
305127,0
305128,2
305129,2
305130,0
305131,1
305132,0
305133,2
305134,0
305135,2
305136,0
305137,1
305138,1
305139,2
305140,0
305141,0
305142,2
305143,0
305144,2
305145,1
305146,0
305147,0
305148,0
305149,1
305150,1
305151,0
305152,0
305153,0
305154,1
305155,2
305156,2
305157,1
305158,0
305159,2
305160,0
305161,0
305162,0
305163,2
305164,2
305165,1
305166,0
305167,0
305169,0
305170,0
305171,0
305172,2
305173,1
305174,1
305175,0
305176,2
305177,2
305178,2
305179,0
305180,0
305181,1
305182,1
305183,0
305184,0
305185,0
305186,2
305187,0
305188,1
305189,0
305190,1
305191,2
305192,0
305193,2
305194,0
305195,1
305196,1
305197,2
305198,1
305199,1
305200,1
305201,0
305202,2
305203,1
305204,0
305205,0
305206,2
305207,0
305208,0
305209,0
305210,1
305211,0
305212,2
305213,2
305214,0
305215,2
305216,1
305217,1
305218,0
305219,2
305220,0
305221,1
305222,0
305223,2
305224,2
305225,2
305226,2
305227,0
305228,0
305229,0
305230,2
305231,2
305232,0
305233,0
305234,2
305235,0
305236,2
305237,1
305238,2
305239,2
305240,2
305241,2
305242,1
305243,0
305244,2
305245,2
305247,1
305248,0
305249,0
305250,2
305251,2
305252,2
305253,0
305254,0
305255,1
305256,2
305257,0
305258,2
305259,2
305260,0
305261,0
305262,0
305263,0
305264,0
305265,2
305266,0
305267,0
305268,2
305269,0
305270,2
305271,0
305272,0
305273,0
305274,0
305275,0
305276,0
305277,0
305278,1
305279,2
305280,1
305281,2
305282,2
305283,2
305284,0
305285,0
305286,1
305287,2
305288,1
305289,2
305290,2
305291,1
305292,0
305293,0
305294,1
305295,2
305296,0
305297,2
305298,0
305299,1
305300,0
305301,1
305302,2
305303,0
305304,2
305305,0
305306,0
305307,0
305308,0
305309,0
305310,0
305311,0
305312,2
305313,0
305314,0
305315,2
305317,1
305318,0
305319,2
305320,1
305321,0
305322,2
305323,1
305324,0
305325,1
305326,0
305327,1
305328,0
305329,2
305330,2
305331,1
305332,0
305333,0
305334,0
305335,0
305336,0
305337,0
305338,0
305339,2
305340,0
305341,0
305342,0
305343,2
305344,2
305345,2
305346,1
305347,2
305348,0
305349,1
305350,0
305351,0
305352,2
305353,1
305354,1
305355,1
305356,1
305357,1
305358,0
305359,0
305360,0
305361,1
305362,0
305363,0
305364,0
305365,1
305366,2
305367,2
305369,0
305370,0
305371,2
305372,2
305373,0
305374,0
305375,0
305376,2
305377,2
305378,2
305379,0
305380,2
305381,0
305382,2
305383,2
305384,0
305385,0
305386,1
305387,2
305389,2
305390,0
305391,2
305392,0
305393,2
305394,0
305395,0
305396,2
305397,0
305398,2
305399,0
305400,2
305401,1
305402,0
305403,2
305404,0
305405,0
305406,1
305407,2
305408,0
305409,2
305410,0
305411,0
305412,0
305413,0
305414,0
305415,1
305416,2
305417,2
305418,0
305419,2
305420,0
305421,2
305422,0
305423,2
305424,0
305425,2
305426,2
305427,2
305428,2
305429,1
305430,2
305431,1
305432,0
305433,0
305434,2
305435,2
305436,2
305437,0
305438,2
305439,0
305440,0
305441,0
305442,2
305443,0
305444,2
305445,2
305446,2
305447,2
305448,0
305449,1
305450,2
305451,2
305452,2
305453,1
305454,2
305455,0
305456,2
305457,0
305458,0
305459,0
305460,0
305461,0
305462,2
305463,1
305464,0
305465,0
305466,0
305467,1
305468,0
305469,1
305470,1
305471,0
305472,0
305473,0
305474,2
305475,0
305476,0
305477,2
305478,2
305479,2
305480,2
305481,0
305482,0
305483,0
305484,0
305485,2
305486,0
305487,0
305488,1
305489,2
305490,1
305491,0
305492,0
305493,2
305494,0
305495,0
305496,0
305497,2
305498,0
305499,0
305500,2
305501,2
305502,2
305503,0
305504,0
305505,0
305506,2
305507,0
305508,0
305509,0
305510,2
305511,2
305512,2
305513,0
305514,0
305515,0
305516,2
305517,2
305518,0
305519,1
305520,2
305521,0
305522,2
305523,2
305524,2
305525,0
305526,0
305527,0
305528,1
305529,0
305530,0
305531,0
305532,0
305533,0
305534,0
305535,0
305536,0
305537,1
305538,2
305539,0
305540,0
305541,2
305542,1
305543,2
305544,0
305545,0
305546,0
305547,0
305548,2
305549,0
305550,2
305551,2
305552,0
305553,0
305554,1
305555,2
305556,2
305557,2
305558,2
305559,1
305560,2
305561,0
305562,2
305563,1
305564,1
305565,1
305566,0
305567,1
305568,2
305569,0
305570,0
305571,2
305572,0
305573,0
305574,0
305575,1
305576,1
305577,0
305579,1
305580,2
305581,2
305582,2
305583,2
305584,1
305585,0
305586,2
305587,1
305588,0
305589,0
305590,0
305591,0
305592,2
305593,0
305594,0
305595,0
305596,2
305597,0
305598,2
305599,1
305600,2
305601,0
305602,0
305603,0
305604,0
305605,1
305606,0
305608,2
305609,2
305610,2
305611,0
305612,1
305613,0
305614,0
305615,2
305616,0
305617,0
305618,0
305619,0
305620,1
305621,2
305622,2
305623,0
305624,0
305625,2
305626,2
305627,1
305628,0
305629,1
305630,2
305631,0
305632,0
305633,0
305634,2
305635,2
305636,0
305637,0
305638,2
305639,0
305640,2
305641,2
305642,0
305643,0
305644,2
305645,2
305646,0
305647,2
305649,0
305651,0
305652,0
305653,2
305654,0
305655,1
305656,0
305658,2
305659,1
305660,2
305661,0
305662,1
305663,0
305664,1
305665,2
305666,1
305667,2
305668,1
305669,2
305670,2
305671,2
305672,1
305673,0
305674,0
305675,2
305676,2
305677,0
305678,2
305679,0
305680,0
305681,2
305682,2
305683,1
305684,2
305685,0
305686,0
305687,1
305688,0
305689,0
305690,0
305691,0
305692,0
305693,1
305694,0
305695,2
305696,2
305697,0
305698,0
305699,2
305700,0
305701,2
305702,2
305703,2
305704,0
305705,0
305706,2
305707,2
305708,0
305709,2
305710,0
305711,0
305712,0
305713,2
305714,2
305715,1
305716,0
305717,2
305718,0
305719,0
305720,0
305721,2
305722,0
305723,0
305724,1
305725,2
305726,2
305727,2
305728,2
305729,0
305730,0
305731,2
305732,2
305733,0
305734,0
305735,0
305736,1
305738,2
305739,0
305740,2
305741,2
305742,0
305743,0
305744,2
305745,1
305746,0
305747,0
305748,2
305749,0
305750,1
305751,0
305752,0
305753,0
305755,2
305756,2
305757,2
305758,2
305759,0
305760,0
305761,1
305762,1
305763,2
305764,0
305765,0
305766,0
305767,1
305768,1
305769,2
305770,2
305771,2
305772,1
305773,0
305774,2
305775,1
305776,0
305777,0
305778,0
305779,0
305780,2
305781,0
305782,0
305783,2
305784,2
305785,0
305786,0
305787,1
305788,1
305789,2
305790,1
305791,0
305792,0
305793,0
305794,0
305795,2
305796,2
305797,1
305798,0
305799,0
305800,1
305801,0
305802,2
305803,2
305804,0
305805,0
305806,0
305807,0
305808,1
305809,1
305810,2
305811,0
305812,2
305813,0
305814,0
305815,0
305816,2
305817,2
305818,0
305819,0
305820,2
305821,0
305822,1
305823,0
305824,1
305825,2
305826,0
305827,0
305828,2
305829,1
305831,0
305832,2
305833,0
305834,0
305835,0
305836,0
305837,2
305838,2
305839,0
305840,2
305841,0
305842,0
305843,0
305844,2
305845,1
305846,2
305847,2
305848,1
305849,2
305850,1
305851,0
305852,0
305853,2
305854,2
305855,0
305856,2
305857,0
305858,0
305859,0
305860,0
305861,0
305862,2
305863,0
305864,2
305865,0
305866,0
305867,0
305869,1
305870,1
305872,2
305873,2
305874,0
305875,0
305877,0
305878,2
305879,0
305880,0
305881,1
305882,0
305883,0
305884,1
305885,2
305886,0
305887,2
305888,0
305889,0
305890,0
305891,1
305892,0
305893,0
305894,1
305895,0
305896,2
305897,0
305898,1
305899,0
305900,1
305901,2
305902,2
305903,2
305904,0
305905,0
305906,0
305907,2
305908,2
305909,0
305910,1
305911,0
305912,0
305913,0
305914,2
305915,0
305916,2
305917,2
305918,2
305919,0
305920,0
305921,0
305922,0
305923,0
305924,1
305925,1
305926,1
305927,0
305928,0
305929,2
305930,0
305931,0
305932,0
305933,0
305935,1
305936,1
305937,1
305938,1
305939,2
305940,2
305941,0
305942,0
305943,1
305944,1
305945,0
305946,0
305947,1
305948,0
305949,0
305950,1
305951,0
305952,0
305953,2
305954,2
305955,0
305956,2
305957,0
305958,1
305959,0
305960,0
305961,0
305962,0
305963,0
305964,0
305965,0
305966,2
305967,0
305968,0
305969,2
305970,1
305971,0
305972,2
305973,1
305974,0
305975,0
305976,0
305977,0
305978,2
305979,0
305980,1
305981,1
305982,0
305983,1
305984,0
305985,1
305986,0
305987,2
305988,2
305989,2
305990,1
305991,2
305992,1
305993,1
305994,1
305995,1
305996,2
305997,1
305998,0
305999,1
306000,2
306001,2
306002,1
306003,2
306004,2
306005,0
306006,0
306007,0
306008,0
306009,0
306010,2
306011,0
306012,0
306013,1
306014,0
306015,1
306016,0
306017,2
306018,0
306019,0
306020,2
306021,2
306022,2
306023,1
306025,1
306026,2
306027,1
306028,0
306029,1
306030,2
306031,2
306032,0
306033,2
306034,0
306035,2
306036,0
306037,2
306038,2
306039,0
306040,1
306041,2
306042,2
306043,0
306044,1
306045,0
306046,2
306047,0
306048,2
306050,2
306051,2
306052,0
306053,1
306054,0
306055,2
306056,0
306057,2
306058,1
306059,0
306060,1
306061,0
306062,0
306063,1
306064,0
306065,0
306066,0
306067,0
306068,0
306069,1
306070,0
306071,0
306072,0
306073,0
306074,2
306075,0
306076,2
306077,2
306078,0
306079,1
306080,1
306081,0
306082,1
306083,2
306084,2
306085,2
306086,0
306087,1
306088,0
306089,2
306090,0
306091,0
306092,0
306093,1
306094,0
306095,0
306096,0
306097,1
306098,2
306099,0
306100,2
306101,0
306102,1
306103,0
306104,0
306105,0
306106,0
306107,0
306108,0
306109,2
306110,2
306111,2
306112,1
306113,0
306114,2
306115,1
306116,0
306117,1
306118,0
306119,2
306120,0
306121,1
306122,0
306123,2
306124,2
306125,2
306126,0
306127,0
306128,0
306129,0
306130,0
306131,2
306132,0
306133,1
306134,1
306135,0
306136,0
306137,0
306139,0
306140,2
306141,2
306142,2
306143,1
306144,2
306145,1
306146,2
306147,2
306148,2
306149,0
306150,2
306151,0
306152,0
306153,0
306154,2
306155,0
306156,0
306157,0
306158,0
306159,0
306160,0
306161,1
306162,1
306163,0
306164,2
306165,1
306166,1
306167,0
306168,2
306169,1
306170,2
306171,0
306172,0
306173,0
306174,1
306175,2
306176,2
306177,2
306178,0
306179,2
306180,0
306181,2
306182,0
306183,2
306184,0
306185,2
306186,0
306187,0
306188,2
306189,2
306190,2
306191,0
306192,0
306193,2
306194,2
306195,2
306196,2
306197,1
306198,1
306199,2
306200,0
306201,0
306202,1
306203,0
306204,0
306205,1
306206,2
306207,2
306208,0
306209,2
306210,0
306211,2
306212,0
306213,2
306214,0
306215,1
306216,0
306217,0
306218,0
306219,0
306220,2
306221,0
306222,2
306223,1
306224,0
306225,2
306226,2
306227,0
306228,2
306229,1
306230,0
306231,0
306232,0
306233,2
306234,1
306235,0
306236,2
306237,2
306238,0
306239,1
306240,1
306241,1
306242,2
306243,0
306244,0
306245,1
306246,1
306247,0
306248,2
306249,2
306250,0
306251,0
306253,0
306254,0
306255,0
306256,1
306257,0
306258,2
306259,1
306260,2
306261,1
306262,2
306263,0
306264,2
306265,0
306266,1
306267,0
306268,1
306269,2
306270,0
306271,2
306272,2
306273,2
306274,2
306275,2
306276,0
306277,0
306278,2
306279,1
306280,2
306281,0
306282,0
306283,1
306284,2
306285,1
306286,2
306287,2
306288,0
306289,0
306290,2
306291,0
306292,0
306293,1
306294,0
306295,2
306296,0
306297,2
306298,0
306299,0
306300,2
306301,0
306302,2
306303,0
306304,2
306305,2
306306,0
306307,1
306308,1
306309,2
306310,2
306311,0
306312,2
306313,2
306314,1
306315,2
306316,1
306317,1
306318,2
306319,0
306320,0
306321,2
306322,1
306323,2
306324,0
306325,2
306326,0
306327,0
306328,1
306329,2
306330,1
306331,0
306332,0
306333,2
306334,0
306335,0
306336,0
306337,0
306338,0
306339,0
306340,2
306342,2
306343,0
306344,2
306345,1
306346,2
306347,0
306348,2
306349,0
306350,0
306351,2
306352,2
306353,1
306354,1
306355,0
306356,0
306357,0
306358,2
306359,0
306360,2
306361,0
306362,0
306363,0
306364,0
306365,2
306366,0
306367,1
306368,2
306369,0
306370,0
306371,0
306372,0
306373,0
306374,0
306375,2
306376,1
306377,1
306378,0
306379,0
306380,0
306381,0
306382,0
306383,0
306384,2
306385,0
306386,2
306387,0
306388,0
306389,0
306390,1
306391,0
306392,0
306393,1
306394,0
306395,0
306396,1
306397,0
306398,2
306399,2
306400,2
306401,0
306402,1
306403,2
306404,0
306405,0
306406,0
306407,1
306408,0
306409,2
306410,2
306411,1
306412,0
306414,2
306415,0
306416,2
306417,1
306418,0
306419,0
306420,0
306421,0
306422,0
306423,2
306424,2
306425,1
306426,0
306427,0
306428,0
306429,0
306430,0
306431,1
306432,0
306433,0
306434,0
306435,2
306436,1
306437,0
306438,0
306439,0
306440,0
306441,2
306442,2
306443,0
306444,0
306445,1
306446,0
306447,0
306448,0
306449,0
306450,1
306451,0
306452,0
306453,2
306454,0
306455,2
306456,0
306457,0
306458,0
306459,2
306460,1
306461,1
306462,0
306463,0
306464,0
306465,2
306466,1
306467,0
306468,0
306469,2
306470,2
306471,0
306472,0
306473,0
306474,2
306475,2
306476,1
306477,0
306478,0
306479,0
306480,1
306481,0
306482,2
306483,0
306484,0
306485,2
306486,0
306487,2
306488,0
306489,1
306490,1
306491,2
306493,1
306494,1
306495,0
306496,0
306497,0
306498,0
306499,0
306500,2
306501,0
306502,0
306503,0
306504,0
306505,0
306506,0
306507,0
306508,0
306509,0
306510,2
306511,2
306512,0
306513,2
306514,1
306515,2
306516,1
306517,0
306518,0
306519,0
306520,0
306521,2
306522,0
306523,2
306524,1
306525,2
306526,2
306527,0
306528,0
306529,1
306530,0
306531,0
306532,2
306533,2
306534,2
306535,0
306536,2
306537,2
306538,1
306539,1
306540,2
306541,2
306542,2
306543,2
306544,2
306545,2
306546,0
306547,0
306548,1
306549,0
306550,2
306551,1
306552,0
306553,2
306554,0
306555,1
306556,2
306557,0
306558,0
306559,1
306560,2
306561,1
306562,2
306563,0
306564,2
306565,2
306566,0
306567,2
306568,2
306569,0
306570,1
306571,0
306572,2
306573,2
306574,1
306575,1
306576,0
306577,0
306578,0
306579,0
306580,1
306581,2
306582,1
306583,1
306584,0
306585,2
306586,1
306587,0
306588,0
306589,2
306590,0
306591,2
306592,1
306593,0
306594,2
306595,2
306596,0
306597,0
306598,0
306599,0
306600,2
306601,0
306602,0
306603,0
306604,2
306605,1
306606,0
306607,1
306608,0
306609,1
306610,0
306611,0
306612,1
306613,0
306614,0
306615,2
306617,0
306618,0
306619,0
306620,1
306621,0
306622,0
306623,1
306624,1
306625,1
306626,0
306627,0
306628,0
306629,0
306630,2
306631,2
306632,2
306633,0
306634,0
306635,0
306636,0
306637,0
306638,0
306640,0
306641,2
306642,0
306643,1
306644,0
306645,0
306646,1
306647,1
306648,0
306649,0
306650,1
306651,0
306652,1
306653,0
306654,1
306655,0
306656,1
306657,2
306658,0
306659,2
306660,2
306661,0
306662,0
306663,0
306664,2
306665,0
306666,2
306667,0
306668,2
306669,0
306670,2
306671,2
306672,2
306673,1
306674,2
306675,1
306676,2
306677,0
306678,2
306680,0
306681,2
306682,2
306683,1
306684,0
306685,2
306686,0
306687,1
306688,0
306689,0
306690,1
306691,0
306692,0
306693,0
306694,2
306695,0
306696,0
306697,0
306698,0
306699,0
306700,2
306701,0
306702,2
306703,2
306704,1
306705,2
306706,0
306707,2
306708,2
306709,0
306710,2
306711,2
306712,2
306713,1
306714,1
306715,0
306716,1
306717,1
306718,0
306719,2
306720,0
306721,0
306722,0
306723,0
306724,2
306725,2
306726,2
306727,0
306728,1
306729,2
306730,0
306731,1
306732,0
306733,0
306734,0
306735,0
306736,0
306737,0
306738,2
306739,0
306740,1
306741,2
306742,0
306743,0
306744,0
306746,1
306747,0
306748,0
306749,0
306750,0
306751,1
306752,0
306753,2
306754,0
306755,0
306756,0
306757,0
306758,0
306759,0
306760,0
306761,2
306762,2
306763,0
306764,1
306765,2
306766,1
306767,0
306768,1
306769,2
306770,2
306771,2
306772,0
306773,1
306774,0
306775,2
306776,0
306777,2
306778,0
306779,1
306780,1
306781,0
306782,0
306783,0
306784,2
306785,0
306786,2
306787,0
306788,2
306789,1
306790,0
306791,0
306792,2
306793,1
306794,2
306795,1
306796,0
306797,2
306798,0
306799,2
306800,2
306801,2
306802,0
306804,1
306805,0
306806,0
306807,2
306808,0
306809,0
306810,0
306811,2
306812,1
306813,0
306814,2
306816,2
306817,2
306818,0
306819,0
306820,2
306821,2
306822,0
306823,2
306824,0
306825,0
306826,0
306827,0
306828,2
306829,2
306830,0
306831,0
306832,0
306833,1
306834,2
306835,2
306836,0
306837,0
306838,2
306839,0
306840,0
306841,0
306842,2
306843,1
306844,0
306845,0
306846,2
306847,1
306848,2
306849,0
306850,0
306851,1
306852,1
306853,0
306854,0
306855,2
306856,0
306857,0
306858,0
306859,1
306860,2
306861,1
306862,0
306863,2
306864,1
306865,1
306866,2
306867,2
306868,0
306869,0
306870,0
306871,2
306872,0
306873,0
306874,2
306875,2
306876,0
306877,0
306878,1
306879,0
306880,0
306882,0
306883,2
306884,0
306885,2
306886,1
306887,0
306888,1
306889,1
306890,0
306891,2
306892,2
306893,0
306894,2
306895,2
306896,2
306897,2
306898,0
306899,0
306900,2
306901,1
306902,2
306903,1
306904,0
306905,2
306906,2
306907,0
306908,0
306909,2
306910,0
306911,0
306912,0
306913,2
306914,2
306915,0
306916,0
306917,0
306918,0
306919,2
306920,0
306921,0
306922,0
306923,0
306924,2
306925,2
306926,2
306927,0
306928,0
306929,0
306930,2
306931,0
306932,2
306933,2
306934,2
306935,0
306936,2
306937,0
306938,0
306939,0
306940,2
306941,2
306942,2
306943,2
306944,0
306945,0
306946,1
306947,0
306948,0
306949,0
306950,1
306951,2
306952,1
306953,0
306954,0
306955,0
306956,2
306957,2
306958,2
306959,0
306960,1
306961,0
306962,0
306963,1
306964,2
306965,2
306966,0
306967,0
306968,0
306969,0
306970,2
306971,2
306972,2
306973,2
306974,0
306975,0
306976,2
306977,0
306978,2
306979,0
306980,2
306981,2
306982,2
306983,2
306984,0
306985,0
306986,2
306987,2
306988,0
306989,2
306990,0
306991,0
306992,2
306993,0
306994,0
306995,1
306996,1
306997,2
306998,2
306999,0
307000,2
307001,0
307002,0
307003,2
307004,2
307005,2
307006,1
307007,0
307008,0
307009,2
307010,1
307011,2
307012,2
307013,0
307014,0
307015,1
307016,0
307017,0
307018,0
307019,0
307020,2
307021,2
307022,0
307023,0
307024,2
307025,0
307026,1
307027,2
307028,2
307029,1
307030,0
307031,2
307032,0
307033,2
307034,0
307035,0
307036,1
307037,1
307038,0
307039,0
307040,2
307041,0
307042,2
307043,0
307044,0
307045,0
307046,0
307047,2
307048,0
307049,0
307050,2
307051,1
307052,1
307053,2
307054,0
307055,2
307056,2
307057,0
307058,2
307059,0
307060,1
307061,1
307062,1
307063,2
307064,2
307065,0
307066,0
307067,0
307068,2
307069,2
307070,2
307071,2
307072,0
307073,1
307074,0
307075,0
307076,2
307077,2
307078,2
307079,0
307080,2
307081,0
307082,0
307083,2
307084,2
307085,1
307086,2
307087,0
307088,0
307089,0
307090,2
307091,2
307092,2
307093,0
307094,1
307095,0
307096,2
307097,0
307098,1
307099,1
307100,0
307101,0
307102,0
307103,2
307104,0
307105,2
307106,2
307107,0
307108,2
307109,2
307111,1
307112,2
307113,0
307114,1
307115,2
307116,2
307117,0
307118,2
307119,2
307120,2
307121,2
307122,1
307123,2
307124,2
307125,1
307126,2
307127,1
307128,1
307129,2
307130,0
307131,2
307132,0
307133,2
307134,1
307135,2
307136,0
307137,0
307138,0
307139,1
307140,2
307141,2
307142,2
307143,2
307144,0
307145,2
307146,2
307147,2
307148,0
307149,1
307150,0
307151,2
307152,2
307153,0
307154,2
307155,2
307156,2
307157,1
307158,1
307159,0
307160,1
307161,0
307162,2
307163,2
307164,0
307165,0
307166,0
307167,0
307168,2
307169,0
307170,0
307171,0
307172,1
307173,2
307174,1
307175,0
307176,2
307177,2
307178,2
307179,2
307180,2
307181,2
307182,0
307183,0
307184,0
307185,0
307186,2
307187,0
307188,2
307189,0
307190,0
307191,1
307192,2
307193,0
307194,2
307195,2
307196,0
307197,0
307198,0
307199,1
307200,1
307201,0
307202,0
307203,2
307204,2
307205,2
307206,0
307207,2
307208,0
307209,0
307210,2
307211,0
307212,0
307213,0
307214,2
307215,0
307216,0
307217,0
307218,0
307219,1
307220,0
307221,1
307222,0
307223,0
307224,0
307225,1
307226,0
307227,2
307228,2
307229,1
307230,2
307231,2
307232,0
307233,0
307234,1
307236,2
307237,0
307238,2
307239,1
307240,1
307241,0
307242,2
307243,1
307244,2
307245,0
307246,2
307247,0
307248,2
307249,0
307250,1
307251,0
307252,1
307253,0
307254,1
307255,1
307256,2
307257,0
307258,0
307259,1
307260,2
307261,1
307262,2
307263,2
307264,2
307265,2
307266,0
307267,1
307268,0
307269,2
307270,0
307271,2
307272,0
307273,2
307274,0
307275,0
307276,0
307277,2
307278,1
307279,0
307280,0
307281,2
307282,0
307283,2
307284,0
307285,1
307286,2
307287,0
307288,2
307289,0
307290,2
307291,0
307292,1
307293,2
307294,0
307295,2
307296,2
307297,0
307298,0
307299,0
307300,0
307301,0
307302,1
307303,0
307304,2
307305,1
307306,1
307307,2
307309,0
307310,0
307311,2
307312,2
307313,0
307314,1
307315,2
307316,0
307317,2
307318,0
307319,0
307320,2
307321,1
307322,0
307323,1
307324,0
307325,0
307326,0
307327,0
307328,1
307329,0
307330,1
307331,0
307332,0
307333,2
307334,2
307335,0
307336,0
307337,2
307338,2
307339,0
307340,2
307341,2
307342,0
307343,2
307344,0
307345,0
307346,0
307347,1
307348,0
307349,2
307350,0
307351,0
307352,0
307353,0
307354,2
307355,0
307356,0
307357,2
307358,2
307359,0
307360,2
307361,1
307362,0
307364,0
307365,2
307366,0
307367,0
307368,0
307369,2
307370,0
307371,2
307372,0
307373,0
307374,2
307375,2
307376,2
307377,1
307378,0
307379,0
307380,2
307381,0
307382,1
307383,2
307384,1
307385,2
307386,0
307387,2
307388,0
307389,0
307390,1
307391,0
307392,2
307393,0
307394,0
307395,0
307396,0
307397,2
307398,1
307399,1
307400,0
307401,0
307402,2
307403,1
307404,0
307405,0
307406,2
307407,2
307408,0
307409,0
307410,0
307411,0
307412,1
307413,0
307414,1
307415,1
307416,1
307417,2
307418,0
307419,2
307420,2
307421,2
307422,0
307423,1
307424,0
307425,0
307426,2
307427,0
307428,0
307429,0
307430,1
307431,0
307432,2
307433,2
307434,2
307435,2
307436,0
307437,2
307438,0
307439,0
307441,0
307442,0
307443,0
307444,1
307445,0
307446,0
307447,2
307448,0
307449,0
307450,0
307451,0
307452,2
307453,1
307454,1
307455,2
307456,2
307457,2
307458,2
307459,0
307460,0
307461,2
307462,2
307463,0
307464,1
307465,0
307466,2
307467,2
307468,1
307469,1
307470,1
307471,0
307472,2
307473,2
307474,2
307475,0
307476,0
307477,2
307478,2
307479,2
307480,2
307481,0
307482,0
307483,0
307484,0
307485,0
307486,1
307487,1
307488,0
307489,1
307490,1
307491,2
307492,2
307493,0
307494,2
307495,2
307496,0
307497,0
307498,2
307499,1
307500,0
307501,0
307502,2
307503,1
307504,2
307505,0
307506,2
307507,2
307508,2
307509,2
307510,0
307511,2
307512,1
307513,2
307514,2
307515,2
307516,2
307517,1
307518,0
307519,0
307520,0
307521,0
307522,0
307523,2
307524,1
307525,0
307526,1
307527,2
307528,0
307529,2
307530,1
307531,2
307532,0
307533,2
307534,0
307535,1
307536,0
307537,0
307538,0
307539,2
307540,2
307541,2
307542,0
307543,2
307544,2
307545,1
307546,0
307547,1
307548,2
307549,1
307550,0
307551,2
307552,2
307553,0
307554,0
307555,0
307556,2
307557,0
307558,2
307559,1
307560,0
307561,0
307562,1
307563,0
307564,0
307565,1
307566,0
307567,0
307568,0
307569,0
307570,2
307571,1
307572,0
307573,0
307574,0
307575,1
307576,0
307577,2
307578,0
307579,1
307580,1
307581,0
307582,1
307583,0
307584,0
307585,0
307586,2
307587,0
307588,0
307589,2
307590,2
307591,2
307592,0
307593,0
307594,0
307595,2
307596,2
307597,0
307598,0
307599,0
307600,0
307601,2
307602,0
307603,0
307604,2
307605,0
307606,2
307607,2
307608,0
307609,2
307610,0
307611,0
307612,2
307613,2
307614,0
307615,2
307616,0
307617,0
307618,0
307619,1
307620,2
307621,2
307622,2
307623,2
307624,0
307625,2
307626,1
307627,0
307628,2
307629,2
307630,1
307631,0
307632,0
307633,0
307635,0
307636,2
307637,2
307638,2
307639,0
307640,2
307641,2
307642,0
307643,0
307644,2
307645,0
307646,0
307647,1
307648,0
307649,0
307650,2
307651,2
307652,0
307653,0
307654,2
307655,2
307656,2
307657,2
307658,0
307659,0
307660,0
307661,0
307662,2
307663,2
307664,0
307665,1
307666,2
307667,0
307668,0
307669,0
307670,0
307671,2
307672,2
307673,2
307674,1
307675,0
307676,1
307678,0
307679,0
307680,0
307681,0
307682,0
307683,2
307684,0
307685,2
307686,0
307687,0
307688,0
307689,0
307690,1
307691,2
307692,0
307693,0
307694,0
307695,0
307696,0
307697,1
307698,0
307699,2
307700,1
307701,0
307702,2
307703,0
307704,0
307705,0
307706,0
307707,0
307708,2
307709,1
307710,0
307711,0
307712,1
307713,0
307714,2
307715,2
307716,0
307717,0
307718,0
307719,0
307720,1
307721,2
307722,2
307723,2
307724,0
307725,1
307726,0
307727,1
307728,2
307729,2
307730,2
307731,2
307732,0
307733,0
307734,2
307735,0
307736,1
307737,2
307738,2
307739,0
307740,0
307741,0
307742,0
307743,0
307744,0
307745,2
307746,0
307747,0
307748,0
307749,0
307750,1
307751,1
307752,2
307753,0
307754,2
307755,0
307756,2
307757,0
307758,0
307759,2
307760,0
307761,2
307762,0
307763,2
307764,2
307765,2
307766,1
307767,2
307768,2
307769,1
307770,2
307771,1
307772,0
307773,0
307774,2
307775,2
307776,2
307777,0
307778,0
307779,1
307780,0
307781,2
307782,0
307783,2
307784,0
307785,1
307786,2
307787,0
307788,0
307789,1
307790,0
307791,0
307792,0
307793,0
307794,2
307795,0
307796,2
307797,2
307798,2
307799,0
307800,0
307801,2
307802,0
307803,1
307804,2
307805,0
307806,0
307807,0
307808,2
307809,2
307810,0
307811,0
307812,2
307813,1
307814,1
307815,0
307816,1
307817,0
307818,2
307819,2
307820,1
307821,2
307822,0
307823,0
307824,0
307825,2
307826,0
307827,2
307828,2
307829,2
307830,0
307831,0
307832,0
307833,1
307834,2
307835,2
307836,2
307837,2
307838,1
307839,0
307840,2
307841,2
307842,2
307843,2
307844,2
307845,0
307846,1
307847,0
307848,2
307849,0
307850,0
307851,1
307852,0
307853,2
307854,0
307855,1
307856,2
307857,1
307858,2
307859,1
307860,2
307861,0
307862,1
307863,1
307864,1
307865,0
307866,0
307867,2
307868,2
307869,0
307870,2
307871,2
307872,0
307873,2
307874,0
307875,0
307876,1
307877,0
307878,0
307879,2
307880,1
307881,0
307882,2
307883,2
307884,0
307885,0
307886,1
307887,0
307888,0
307889,1
307890,2
307891,1
307892,2
307893,0
307894,0
307895,0
307896,2
307897,0
307898,1
307899,1
307900,2
307901,2
307902,2
307903,0
307904,0
307905,0
307906,2
307907,2
307908,0
307909,0
307910,0
307911,0
307912,1
307913,0
307914,2
307915,2
307916,0
307917,0
307918,2
307919,2
307920,2
307921,2
307922,2
307923,1
307924,2
307925,1
307926,1
307927,0
307928,0
307929,0
307930,2
307931,2
307932,0
307933,0
307934,2
307935,1
307936,0
307937,0
307938,2
307939,2
307940,1
307941,0
307942,1
307943,0
307944,0
307945,0
307946,0
307947,2
307948,2
307949,2
307950,1
307951,2
307952,0
307953,0
307955,0
307956,0
307957,0
307958,0
307959,2
307960,2
307961,0
307962,0
307963,0
307964,0
307965,2
307966,0
307967,1
307968,2
307969,2
307970,0
307971,0
307972,1
307973,0
307974,2
307975,0
307976,0
307977,0
307978,0
307979,2
307980,2
307981,0
307982,1
307983,2
307984,1
307985,1
307986,1
307987,0
307988,0
307989,2
307990,2
307991,2
307992,0
307993,0
307994,0
307995,0
307996,2
307997,0
307998,0
307999,2
308000,1
308001,2
308002,0
308003,0
308004,2
308005,0
308006,0
308007,0
308008,0
308009,0
308010,0
308011,0
308012,2
308013,2
308014,0
308015,2
308016,0
308017,2
308018,1
308019,0
308020,0
308021,0
308022,0
308023,0
308024,1
308025,0
308026,2
308027,2
308028,0
308029,0
308030,2
308031,2
308032,0
308033,2
308034,0
308035,0
308036,0
308037,2
308038,2
308039,0
308040,2
308041,1
308042,0
308043,2
308044,0
308045,2
308046,0
308047,0
308048,1
308049,2
308050,0
308051,0
308052,2
308053,1
308054,0
308055,1
308056,2
308057,1
308058,2
308059,2
308060,0
308061,1
308062,0
308063,0
308064,0
308065,0
308066,2
308067,2
308068,2
308069,2
308070,0
308072,0
308073,2
308074,2
308075,1
308076,1
308077,0
308078,0
308079,1
308080,0
308081,2
308082,1
308083,1
308084,0
308085,1
308086,2
308087,0
308088,2
308089,1
308090,2
308091,2
308092,2
308093,0
308094,2
308095,2
308096,0
308097,2
308098,1
308099,0
308100,0
308101,2
308102,1
308103,0
308104,2
308105,0
308106,2
308107,1
308108,2
308109,0
308110,0
308111,2
308112,2
308113,0
308114,0
308115,2
308116,2
308117,0
308118,0
308119,0
308120,0
308121,2
308122,2
308123,0
308124,2
308125,2
308126,0
308127,0
308128,1
308129,0
308130,0
308131,0
308132,0
308133,0
308134,1
308135,2
308136,2
308137,0
308138,1
308139,0
308140,0
308141,0
308142,0
308143,0
308144,0
308145,2
308146,0
308147,0
308148,0
308149,2
308150,0
308151,1
308152,1
308153,0
308154,0
308155,0
308156,1
308157,2
308158,0
308159,2
308160,0
308161,2
308163,0
308164,1
308165,1
308166,2
308167,2
308168,2
308169,2
308170,2
308171,0
308172,1
308173,1
308174,0
308175,1
308176,2
308177,0
308178,0
308179,2
308180,1
308181,2
308182,1
308183,1
308184,0
308185,0
308186,0
308187,2
308188,2
308189,1
308190,0
308191,2
308192,1
308193,0
308194,0
308195,2
308196,0
308197,0
308198,2
308199,2
308200,1
308201,0
308202,1
308203,1
308204,0
308205,2
308206,0
308207,0
308208,0
308209,1
308210,0
308211,0
308212,0
308213,1
308214,2
308215,2
308216,2
308217,0
308218,2
308219,0
308220,0
308221,0
308222,2
308223,2
308224,1
308225,0
308226,0
308227,2
308228,0
308229,0
308230,2
308231,2
308232,1
308233,0
308234,0
308235,0
308236,0
308237,0
308238,2
308239,2
308240,2
308241,2
308242,0
308243,0
308244,0
308245,2
308246,1
308247,2
308248,2
308249,1
308250,2
308252,0
308253,2
308254,0
308255,2
308256,0
308257,1
308258,2
308259,1
308260,1
308261,1
308262,2
308263,2
308264,0
308265,0
308266,2
308267,2
308268,2
308269,0
308270,2
308271,2
308272,0
308273,0
308274,1
308275,0
308277,0
308278,2
308279,0
308280,0
308281,0
308282,0
308283,2
308284,1
308285,0
308286,2
308287,1
308288,1
308289,1
308290,0
308291,0
308292,0
308293,2
308294,2
308295,2
308296,2
308297,0
308298,0
308299,1
308300,0
308301,0
308302,2
308303,0
308304,0
308305,2
308306,0
308307,1
308308,0
308309,0
308310,0
308311,0
308312,1
308313,2
308314,1
308315,2
308316,0
308317,2
308318,1
308319,2
308320,0
308321,1
308322,0
308323,0
308324,0
308325,2
308326,2
308327,2
308328,0
308329,0
308330,1
308331,0
308332,0
308333,2
308334,0
308335,0
308336,1
308337,0
308338,1
308339,2
308340,0
308341,0
308342,0
308343,2
308344,1
308345,0
308346,1
308347,1
308348,2
308349,2
308350,2
308351,0
308352,2
308353,0
308354,2
308355,2
308356,2
308357,0
308358,0
308359,0
308360,2
308362,0
308363,0
308364,0
308365,0
308366,1
308367,2
308368,2
308369,0
308370,0
308371,0
308372,2
308373,0
308374,0
308375,2
308376,0
308377,2
308378,0
308379,2
308380,2
308381,0
308382,2
308383,2
308384,0
308385,2
308386,2
308387,2
308388,1
308389,2
308390,0
308391,2
308392,0
308393,0
308394,2
308395,0
308396,1
308397,1
308398,2
308399,2
308400,2
308401,2
308402,0
308403,2
308404,0
308405,0
308406,0
308407,0
308408,2
308409,0
308410,0
308411,2
308412,2
308413,2
308414,0
308415,1
308416,2
308417,0
308418,0
308419,0
308420,0
308421,0
308422,0
308423,2
308424,0
308425,0
308426,1
308427,0
308428,2
308429,2
308430,0
308431,0
308432,0
308433,2
308434,0
308435,1
308436,2
308437,1
308438,2
308439,1
308440,2
308441,0
308442,0
308443,1
308444,0
308445,2
308446,1
308448,2
308449,0
308450,2
308451,1
308452,0
308453,0
308454,2
308455,2
308456,0
308457,1
308458,2
308459,0
308460,0
308461,1
308462,0
308463,0
308464,1
308465,0
308466,0
308467,0
308468,2
308469,2
308470,2
308471,0
308472,0
308473,2
308474,1
308475,2
308476,1
308477,0
308478,0
308479,1
308480,0
308481,2
308482,0
308483,0
308484,1
308485,2
308487,2
308488,0
308489,2
308490,2
308491,0
308492,1
308493,2
308494,1
308495,0
308496,0
308497,0
308498,2
308499,2
308500,1
308501,0
308503,2
308504,0
308505,1
308506,0
308507,0
308508,0
308509,2
308510,0
308511,0
308512,0
308513,0
308514,0
308515,2
308516,0
308517,2
308518,0
308519,2
308520,0
308521,1
308522,2
308523,0
308524,0
308525,0
308526,0
308527,1
308528,1
308529,0
308530,0
308531,0
308532,2
308533,2
308534,2
308535,1
308536,2
308537,1
308538,2
308539,0
308540,0
308541,0
308542,0
308543,0
308544,1
308545,0
308546,0
308547,0
308548,0
308549,0
308550,1
308551,0
308552,1
308553,0
308554,0
308555,0
308556,1
308557,0
308558,0
308559,0
308561,2
308562,1
308563,1
308564,2
308565,0
308566,1
308567,2
308568,2
308569,0
308570,0
308571,1
308572,1
308573,1
308574,2
308575,2
308576,0
308577,0
308578,2
308579,0
308580,2
308581,1
308582,1
308583,0
308584,0
308585,1
308586,2
308587,0
308588,2
308589,0
308590,0
308591,2
308592,2
308593,0
308594,0
308595,1
308596,0
308597,2
308598,1
308599,0
308600,0
308601,0
308602,0
308603,0
308604,0
308605,2
308606,0
308607,2
308608,0
308609,2
308611,0
308612,0
308613,1
308614,1
308615,2
308616,2
308617,0
308618,1
308619,1
308620,2
308621,2
308622,2
308623,0
308624,2
308625,1
308626,2
308627,0
308628,2
308629,2
308630,2
308631,0
308632,0
308633,0
308634,2
308635,2
308636,0
308637,0
308638,0
308639,2
308640,2
308641,2
308642,0
308643,0
308644,1
308645,0
308646,2
308647,0
308648,1
308649,2
308650,1
308651,2
308652,0
308653,0
308654,0
308655,0
308656,2
308657,0
308658,1
308659,1
308660,0
308661,1
308662,2
308663,0
308664,2
308665,0
308667,0
308668,0
308669,0
308670,2
308671,2
308672,2
308673,1
308674,0
308675,2
308676,0
308677,2
308678,0
308679,0
308680,0
308681,0
308682,1
308683,2
308684,2
308685,0
308686,2
308687,0
308688,0
308689,2
308690,0
308691,1
308692,1
308693,0
308694,2
308695,0
308696,2
308697,0
308698,1
308699,1
308700,2
308701,2
308702,0
308703,0
308704,0
308705,0
308706,0
308707,1
308708,0
308709,2
308710,2
308711,2
308712,2
308713,1
308715,0
308716,1
308717,0
308718,1
308719,1
308720,0
308721,0
308722,0
308723,1
308724,0
308725,0
308726,0
308727,0
308728,1
308729,2
308730,0
308731,1
308732,0
308733,0
308734,1
308735,1
308736,2
308737,1
308738,0
308739,0
308740,0
308741,0
308742,0
308743,1
308744,0
308745,0
308746,1
308747,2
308748,0
308749,0
308750,0
308751,1
308752,1
308753,2
308754,1
308755,0
308756,2
308757,0
308758,0
308759,0
308760,0
308761,2
308762,0
308763,1
308764,0
308765,0
308766,2
308767,2
308768,0
308769,0
308770,1
308771,2
308772,2
308773,0
308774,0
308775,0
308776,0
308777,2
308778,1
308779,0
308780,0
308781,0
308782,1
308783,1
308784,2
308785,2
308786,2
308787,0
308788,0
308789,2
308790,0
308791,0
308792,0
308793,0
308794,0
308795,0
308796,0
308797,2
308798,0
308799,0
308800,2
308801,0
308802,1
308803,2
308804,1
308805,0
308806,2
308807,0
308808,0
308809,0
308810,0
308811,2
308812,2
308813,0
308814,1
308815,0
308816,1
308817,2
308818,0
308819,0
308820,0
308821,2
308822,2
308823,0
308824,0
308825,0
308826,2
308827,0
308828,1
308829,0
308830,0
308831,2
308832,0
308833,0
308834,0
308835,0
308836,1
308837,2
308838,1
308839,0
308840,1
308841,0
308842,0
308843,0
308844,1
308845,1
308846,0
308847,0
308848,0
308849,0
308850,1
308851,0
308852,2
308853,2
308854,2
308855,1
308856,0
308857,0
308858,0
308859,2
308860,1
308861,1
308862,1
308863,1
308864,2
308865,0
308866,0
308867,0
308868,0
308869,0
308870,0
308871,0
308872,0
308873,0
308874,1
308875,2
308876,0
308877,0
308878,0
308879,2
308880,2
308881,0
308882,2
308883,2
308884,2
308885,2
308886,1
308887,0
308888,0
308889,1
308890,1
308891,0
308892,2
308893,2
308894,0
308895,0
308896,2
308897,0
308898,1
308899,2
308900,2
308901,0
308902,0
308903,2
308904,0
308905,0
308906,0
308907,2
308908,2
308909,0
308910,0
308911,0
308912,2
308913,0
308914,2
308915,0
308916,2
308917,2
308918,1
308919,2
308920,0
308921,0
308922,0
308923,2
308924,2
308925,0
308926,0
308927,0
308928,1
308929,0
308930,0
308931,2
308932,0
308933,0
308934,0
308935,0
308936,0
308937,0
308938,1
308939,0
308940,0
308941,0
308942,2
308943,0
308944,0
308945,2
308946,1
308947,0
308948,0
308949,2
308950,2
308951,2
308952,0
308953,2
308954,0
308955,0
308956,0
308957,0
308958,0
308959,0
308960,1
308961,1
308962,2
308963,0
308964,0
308965,0
308966,0
308967,1
308968,1
308970,1
308971,0
308972,0
308973,2
308974,0
308975,2
308976,2
308977,0
308978,0
308979,2
308980,1
308981,2
308982,0
308983,1
308984,0
308985,2
308986,0
308987,0
308988,0
308989,2
308990,0
308991,0
308992,0
308993,1
308994,0
308995,0
308996,0
308997,2
308998,0
308999,2
309000,0
309001,1
309002,0
309003,2
309004,2
309005,2
309006,2
309007,1
309008,2
309009,2
309010,2
309011,0
309012,0
309013,0
309014,0
309015,0
309016,2
309017,2
309018,0
309019,2
309020,0
309021,0
309022,1
309023,2
309024,1
309025,2
309026,0
309027,0
309028,1
309029,0
309030,2
309031,1
309032,0
309033,2
309034,2
309035,2
309036,0
309037,0
309038,2
309039,1
309040,0
309041,2
309042,2
309043,0
309044,0
309045,2
309046,1
309047,2
309048,1
309049,2
309050,0
309051,0
309052,0
309053,0
309054,0
309055,1
309056,0
309057,0
309058,2
309059,0
309060,0
309061,1
309062,0
309063,2
309064,0
309065,0
309066,0
309067,0
309068,0
309069,0
309070,2
309071,0
309072,0
309073,0
309074,0
309075,0
309076,1
309077,0
309078,2
309079,0
309080,0
309081,2
309082,0
309083,0
309085,2
309086,2
309087,0
309088,1
309089,0
309090,0
309091,1
309092,2
309093,0
309094,0
309095,0
309096,0
309097,0
309098,1
309099,0
309100,0
309101,2
309102,1
309104,1
309105,0
309106,0
309107,1
309108,2
309109,1
309110,2
309111,2
309112,0
309113,0
309115,1
309116,2
309117,2
309118,0
309119,0
309120,2
309121,0
309122,0
309123,2
309124,2
309125,1
309126,0
309127,0
309128,1
309129,2
309130,0
309131,2
309132,2
309133,2
309134,0
309135,0
309136,0
309137,0
309138,0
309139,0
309140,0
309141,1
309142,0
309143,0
309144,0
309145,2
309146,1
309147,2
309148,0
309149,2
309150,0
309152,1
309153,2
309154,0
309155,2
309156,1
309157,0
309158,1
309159,1
309160,2
309161,0
309162,2
309163,2
309164,2
309165,0
309166,1
309167,0
309168,0
309169,1
309170,0
309171,0
309172,0
309173,2
309174,0
309175,0
309176,0
309177,2
309178,0
309179,2
309180,0
309181,0
309182,1
309183,1
309184,0
309186,2
309187,0
309188,2
309189,0
309190,2
309191,0
309192,2
309193,0
309194,0
309195,0
309196,1
309197,2
309198,0
309199,2
309200,0
309201,2
309202,0
309203,2
309204,0
309205,2
309206,1
309207,0
309208,1
309209,2
309210,1
309211,2
309212,2
309213,2
309214,1
309215,0
309216,2
309217,0
309218,2
309219,1
309220,0
309221,0
309222,2
309223,2
309224,2
309225,0
309226,0
309227,2
309228,0
309229,2
309230,2
309231,2
309232,0
309233,0
309234,2
309235,2
309236,2
309237,0
309238,2
309239,0
309240,1
309241,1
309242,2
309243,0
309244,1
309245,0
309246,1
309247,0
309248,2
309249,0
309250,2
309251,2
309253,1
309254,2
309255,2
309256,2
309257,0
309258,1
309259,1
309260,0
309261,0
309262,2
309263,0
309264,2
309265,1
309266,0
309267,2
309268,0
309269,1
309270,2
309271,0
309272,0
309273,0
309274,1
309275,1
309276,0
309277,1
309278,0
309279,1
309280,0
309281,0
309282,2
309283,0
309284,2
309285,0
309286,1
309287,0
309288,2
309289,2
309290,1
309291,0
309292,2
309293,2
309294,2
309295,0
309296,2
309297,1
309298,2
309299,2
309300,2
309301,0
309302,0
309303,0
309304,0
309305,1
309306,2
309307,0
309308,1
309309,0
309310,1
309311,0
309312,0
309313,0
309314,2
309315,0
309316,2
309317,0
309318,1
309319,2
309320,2
309321,0
309322,2
309323,0
309324,0
309325,0
309326,2
309327,2
309328,1
309329,0
309330,1
309331,0
309332,1
309333,1
309334,0
309335,2
309336,1
309337,0
309338,0
309339,2
309340,1
309341,0
309343,1
309344,0
309345,2
309346,2
309347,2
309348,1
309349,0
309350,0
309351,0
309352,0
309353,0
309354,2
309355,0
309356,1
309357,0
309358,0
309359,0
309360,2
309361,2
309362,2
309363,2
309364,0
309366,0
309367,0
309368,1
309369,0
309370,0
309371,0
309372,1
309373,0
309374,2
309375,1
309376,2
309377,0
309378,0
309379,0
309380,2
309381,2
309382,2
309383,2
309384,1
309385,0
309386,1
309387,0
309388,0
309389,2
309390,0
309391,2
309392,2
309393,2
309394,0
309395,0
309396,2
309397,2
309398,1
309399,1
309400,2
309401,2
309402,0
309403,0
309404,2
309405,1
309406,0
309407,0
309408,2
309409,1
309410,0
309411,1
309413,0
309414,0
309415,1
309416,1
309417,0
309418,2
309419,0
309420,2
309421,0
309422,2
309423,1
309424,0
309425,0
309426,1
309427,0
309428,0
309430,1
309431,0
309432,0
309433,0
309434,0
309435,2
309436,2
309437,0
309438,0
309439,2
309440,0
309441,0
309442,2
309443,1
309444,0
309445,0
309446,0
309447,2
309448,1
309449,2
309450,0
309451,0
309452,1
309453,2
309454,0
309455,0
309456,0
309457,0
309458,0
309459,1
309460,1
309461,1
309462,1
309463,0
309464,1
309465,0
309466,1
309467,0
309468,0
309469,2
309470,0
309471,2
309472,1
309473,0
309474,0
309475,0
309476,2
309477,0
309478,0
309479,0
309480,2
309481,2
309482,2
309483,0
309484,2
309485,0
309486,0
309487,2
309488,2
309489,0
309490,2
309491,0
309492,2
309493,2
309494,2
309495,0
309496,0
309497,0
309498,0
309499,1
309500,1
309501,2
309502,1
309503,0
309504,0
309505,0
309506,2
309507,0
309508,0
309510,0
309511,0
309512,0
309513,0
309514,2
309515,0
309516,1
309517,0
309518,1
309519,0
309520,2
309521,0
309522,0
309523,0
309524,1
309525,0
309526,2
309527,1
309528,0
309529,2
309530,2
309531,0
309532,1
309533,0
309534,0
309535,1
309536,1
309537,2
309538,2
309539,0
309540,0
309541,2
309542,1
309543,0
309544,2
309545,0
309546,2
309547,0
309548,0
309549,0
309550,0
309551,0
309552,2
309553,2
309554,2
309555,1
309556,2
309557,0
309558,0
309559,0
309560,1
309561,2
309562,0
309563,1
309564,2
309565,0
309566,2
309567,2
309568,2
309569,2
309570,0
309571,0
309572,2
309573,0
309574,1
309575,0
309576,1
309577,1
309578,1
309579,2
309580,0
309581,2
309582,0
309583,1
309584,0
309585,0
309586,2
309587,0
309588,0
309589,2
309590,0
309591,2
309592,2
309593,1
309594,0
309595,0
309596,0
309597,0
309598,0
309599,2
309600,2
309601,0
309603,1
309604,0
309605,2
309606,2
309607,1
309608,0
309609,2
309610,0
309611,2
309612,1
309613,1
309614,0
309615,0
309616,0
309617,2
309618,0
309619,0
309620,0
309621,0
309622,1
309623,0
309624,1
309625,0
309626,0
309627,0
309628,0
309629,1
309630,0
309631,0
309632,0
309633,1
309634,1
309635,2
309636,1
309637,2
309638,0
309639,0
309640,0
309641,0
309642,0
309643,0
309644,0
309645,0
309646,0
309647,0
309648,0
309649,2
309650,0
309651,0
309652,0
309653,0
309654,0
309655,1
309656,0
309657,1
309658,2
309659,0
309660,2
309661,0
309662,1
309663,0
309664,1
309665,0
309666,2
309667,0
309668,0
309669,0
309670,0
309671,2
309672,0
309673,0
309674,0
309675,0
309676,0
309677,0
309678,0
309679,0
309680,0
309681,1
309682,2
309683,2
309684,0
309685,0
309686,0
309687,2
309688,0
309689,2
309690,0
309691,2
309692,2
309693,0
309694,0
309695,2
309696,0
309697,2
309698,2
309699,0
309700,2
309701,0
309702,0
309703,0
309704,0
309705,1
309706,1
309707,2
309708,2
309709,0
309710,0
309711,1
309712,1
309713,2
309714,2
309715,1
309716,0
309717,1
309718,2
309719,1
309720,0
309721,0
309722,1
309723,0
309724,2
309725,0
309726,1
309727,1
309728,2
309729,2
309730,0
309731,1
309732,0
309733,1
309734,2
309735,2
309736,1
309737,0
309738,0
309739,1
309740,1
309741,0
309742,2
309743,2
309744,0
309745,0
309746,0
309747,0
309748,0
309749,0
309750,0
309751,0
309752,2
309753,2
309754,0
309755,0
309756,0
309757,0
309758,1
309759,2
309760,0
309761,2
309762,1
309763,0
309764,2
309765,2
309766,0
309767,0
309768,0
309769,0
309770,2
309771,2
309772,2
309773,0
309774,2
309775,2
309776,1
309777,1
309778,2
309779,2
309780,0
309781,2
309782,2
309783,0
309784,0
309785,0
309786,2
309787,0
309788,1
309789,0
309790,0
309791,0
309792,2
309793,2
309794,0
309795,2
309796,0
309797,0
309798,2
309799,1
309800,0
309801,0
309802,1
309803,0
309804,0
309805,1
309806,2
309807,2
309808,2
309809,2
309810,2
309811,1
309812,2
309813,1
309814,0
309815,0
309816,2
309817,0
309818,0
309819,2
309820,0
309821,1
309822,2
309823,2
309824,0
309825,0
309826,2
309827,0
309828,2
309829,2
309830,0
309831,1
309832,0
309833,0
309834,1
309835,0
309836,2
309837,0
309838,2
309839,0
309840,1
309841,0
309842,0
309843,0
309844,2
309845,2
309846,0
309847,0
309848,2
309849,0
309850,0
309851,2
309852,2
309853,1
309854,1
309855,0
309856,1
309857,1
309858,2
309859,1
309860,1
309861,0
309862,2
309863,2
309864,2
309865,1
309866,0
309867,2
309868,2
309869,0
309870,2
309871,0
309872,2
309873,2
309874,2
309875,0
309876,0
309877,0
309878,1
309879,1
309880,1
309881,2
309882,0
309883,2
309884,2
309885,2
309886,1
309887,0
309888,0
309889,2
309890,0
309891,0
309892,0
309893,1
309894,2
309895,2
309896,0
309897,0
309898,2
309899,2
309900,0
309901,1
309902,0
309903,2
309904,0
309905,0
309906,2
309907,1
309908,2
309909,2
309911,0
309912,0
309913,0
309914,0
309915,0
309916,0
309917,0
309918,0
309919,0
309920,2
309921,2
309922,1
309923,1
309924,0
309925,0
309926,0
309927,1
309928,2
309929,2
309930,1
309931,0
309932,0
309933,2
309934,0
309935,0
309936,2
309937,2
309938,0
309939,0
309940,0
309941,1
309942,0
309943,0
309944,2
309945,0
309946,0
309947,2
309948,2
309949,0
309950,0
309951,0
309952,2
309953,0
309954,0
309955,2
309956,0
309957,2
309958,0
309959,0
309960,0
309961,2
309962,0
309963,0
309964,2
309965,0
309966,0
309967,0
309968,2
309969,0
309970,0
309971,2
309972,2
309973,2
309974,1
309975,0
309976,2
309977,2
309978,0
309979,0
309980,0
309981,0
309982,0
309983,2
309984,1
309985,2
309986,1
309987,1
309988,0
309989,0
309990,0
309991,2
309992,2
309993,0
309994,1
309996,0
309997,0
309998,0
309999,2
310000,0
310001,0
310002,0
310003,1
310004,2
310005,1
310006,2
310007,0
310008,1
310009,0
310010,0
310011,0
310012,2
310013,1
310014,0
310015,0
310016,0
310017,1
310018,0
310019,1
310020,2
310021,2
310022,2
310023,0
310024,0
310025,0
310026,1
310027,0
310028,2
310029,1
310030,0
310031,0
310032,0
310033,2
310034,2
310035,2
310036,1
310037,0
310038,2
310039,1
310040,0
310041,0
310042,2
310043,0
310044,2
310045,2
310046,2
310047,2
310048,0
310049,2
310050,0
310051,2
310052,0
310053,0
310054,2
310055,0
310056,0
310057,2
310058,1
310059,2
310060,2
310061,0
310062,0
310063,2
310064,2
310065,0
310066,0
310067,0
310068,0
310069,0
310070,0
310071,2
310072,1
310073,2
310074,1
310075,0
310076,0
310077,0
310078,2
310079,1
310080,1
310081,1
310082,2
310083,2
310084,0
310085,2
310086,2
310087,2
310088,1
310089,2
310090,0
310091,2
310092,0
310093,2
310094,1
310095,2
310096,1
310097,2
310098,2
310099,1
310100,1
310101,2
310102,0
310103,0
310104,0
310105,2
310107,0
310108,0
310109,0
310110,0
310111,0
310112,0
310113,0
310114,2
310115,2
310116,2
310117,1
310118,0
310119,0
310120,0
310121,1
310122,1
310123,2
310124,1
310125,0
310126,1
310127,2
310128,0
310129,0
310130,2
310131,0
310132,2
310133,0
310134,2
310135,0
310136,2
310137,1
310138,0
310139,0
310140,1
310141,0
310142,0
310143,2
310145,2
310146,2
310147,0
310148,2
310149,2
310150,0
310151,1
310152,2
310153,2
310154,2
310155,2
310156,2
310157,0
310158,0
310159,0
310160,0
310161,0
310162,2
310163,0
310164,0
310166,0
310167,0
310168,0
310169,0
310170,1
310171,0
310172,0
310173,0
310174,2
310175,2
310176,2
310177,2
310178,2
310179,0
310180,2
310181,1
310182,1
310183,0
310184,2
310185,2
310186,0
310187,2
310188,2
310189,0
310190,0
310191,2
310192,1
310193,0
310194,1
310195,0
310196,0
310197,0
310198,0
310199,2
310200,2
310201,2
310202,2
310203,1
310204,0
310205,0
310206,0
310207,0
310208,0
310209,0
310210,2
310211,1
310212,1
310213,2
310214,0
310215,1
310216,0
310217,0
310218,0
310219,0
310220,1
310221,2
310222,0
310223,0
310224,2
310225,2
310226,2
310227,0
310228,0
310229,2
310230,2
310231,1
310232,0
310233,0
310234,0
310235,2
310236,0
310237,0
310238,2
310239,0
310240,0
310241,0
310242,2
310243,0
310244,2
310245,2
310246,2
310247,0
310248,0
310249,0
310250,0
310251,0
310252,2
310253,0
310254,0
310255,1
310256,2
310257,2
310258,2
310259,0
310260,0
310261,0
310262,0
310263,0
310264,0
310265,0
310266,0
310267,0
310268,0
310269,1
310270,0
310271,2
310272,1
310273,0
310274,2
310275,2
310276,0
310277,0
310278,2
310279,0
310280,2
310281,0
310282,2
310283,1
310284,1
310285,0
310286,0
310287,0
310288,2
310289,1
310290,0
310291,1
310292,2
310293,0
310294,2
310295,0
310296,1
310297,0
310298,0
310299,2
310300,0
310301,0
310302,0
310303,1
310304,0
310305,2
310306,2
310307,0
310308,0
310309,2
310310,1
310311,0
310312,0
310313,0
310314,0
310315,2
310316,2
310317,1
310318,0
310319,2
310320,2
310321,0
310322,0
310323,0
310324,0
310325,0
310326,2
310327,2
310328,2
310329,1
310330,1
310331,2
310332,0
310333,2
310334,2
310335,1
310336,0
310337,0
310338,2
310339,0
310340,0
310341,0
310342,0
310344,1
310345,0
310346,1
310347,0
310348,0
310349,0
310350,0
310351,1
310352,1
310353,2
310354,2
310355,2
310356,0
310357,2
310358,2
310359,0
310360,0
310361,0
310362,1
310363,0
310364,2
310365,1
310366,0
310367,2
310368,2
310369,0
310370,0
310371,0
310372,2
310373,1
310374,1
310375,1
310376,1
310377,1
310378,0
310379,2
310380,1
310381,0
310382,1
310383,1
310384,0
310385,0
310386,0
310387,0
310388,0
310389,2
310390,0
310391,2
310392,0
310393,2
310394,2
310396,2
310397,1
310398,0
310399,0
310400,1
310401,0
310402,0
310403,0
310404,0
310405,0
310406,2
310408,1
310409,0
310410,0
310411,2
310412,0
310413,1
310414,0
310415,2
310416,0
310417,0
310418,1
310419,1
310420,2
310421,0
310422,0
310423,2
310424,2
310425,0
310426,2
310427,0
310428,1
310429,0
310430,1
310431,1
310432,0
310433,2
310434,2
310435,2
310436,0
310437,0
310438,1
310439,0
310440,0
310441,0
310442,0
310443,0
310444,0
310445,0
310446,2
310447,2
310448,0
310449,2
310450,0
310451,2
310452,0
310453,0
310454,0
310455,2
310456,0
310457,0
310458,0
310459,2
310460,0
310461,0
310462,0
310463,0
310464,1
310465,2
310466,2
310467,2
310468,0
310469,1
310470,2
310471,2
310472,2
310473,0
310474,0
310475,0
310476,0
310477,2
310478,0
310479,0
310480,1
310481,0
310482,1
310483,2
310484,0
310485,0
310486,0
310487,2
310488,2
310489,2
310490,1
310491,0
310492,0
310493,0
310494,0
310495,0
310496,2
310497,1
310498,0
310499,1
310500,2
310501,2
310502,1
310503,0
310504,0
310505,1
310506,0
310507,1
310508,2
310509,1
310510,2
310511,0
310512,2
310513,2
310514,1
310515,1
310516,2
310517,0
310518,2
310519,1
310520,0
310521,0
310522,2
310523,2
310524,0
310525,0
310526,1
310527,0
310528,2
310529,2
310530,0
310531,2
310532,0
310533,0
310534,0
310535,1
310536,2
310537,2
310539,0
310540,1
310541,1
310542,2
310543,0
310544,1
310545,2
310546,2
310547,0
310548,2
310549,1
310550,1
310551,2
310552,0
310553,0
310554,1
310555,1
310556,1
310557,0
310558,2
310559,0
310560,2
310561,1
310562,2
310563,0
310564,0
310565,2
310566,1
310567,2
310568,0
310569,0
310570,2
310571,2
310572,0
310574,2
310575,2
310576,0
310577,0
310578,0
310579,2
310580,1
310581,2
310582,0
310583,2
310584,0
310585,0
310586,0
310587,0
310588,0
310589,0
310590,0
310591,1
310592,0
310593,2
310594,2
310595,0
310596,0
310597,2
310598,2
310599,0
310600,1
310601,0
310602,1
310603,0
310604,0
310605,0
310606,2
310607,2
310608,0
310609,0
310610,1
310611,0
310612,1
310613,0
310614,2
310615,2
310616,1
310617,2
310618,0
310619,2
310620,2
310621,0
310622,2
310623,0
310624,2
310625,0
310626,0
310627,2
310628,0
310629,0
310630,0
310631,0
310632,1
310633,0
310634,0
310635,2
310636,2
310637,0
310638,1
310639,0
310640,2
310641,1
310642,0
310643,0
310644,1
310645,0
310646,2
310647,1
310648,2
310649,0
310650,0
310651,0
310652,0
310653,1
310654,0
310655,1
310656,2
310657,0
310658,2
310659,2
310660,0
310661,0
310662,2
310663,2
310664,2
310665,0
310666,1
310667,0
310668,1
310670,2
310671,1
310672,2
310673,2
310674,0
310675,1
310676,0
310677,0
310678,1
310679,0
310680,0
310681,0
310682,0
310683,2
310684,2
310685,1
310686,2
310687,1
310688,0
310689,0
310690,0
310691,2
310692,0
310693,2
310694,0
310695,1
310696,1
310697,2
310698,0
310699,0
310700,0
310701,0
310702,2
310703,0
310704,0
310705,0
310706,0
310707,0
310708,1
310710,0
310711,0
310712,2
310713,2
310714,1
310715,1
310716,1
310717,1
310718,1
310719,2
310720,0
310721,1
310722,0
310723,2
310724,1
310725,2
310726,1
310727,2
310728,0
310729,0
310730,0
310731,0
310732,0
310733,0
310734,0
310735,1
310736,1
310737,2
310738,2
310739,1
310740,1
310741,1
310742,0
310743,0
310744,0
310745,1
310746,2
310747,0
310748,1
310749,2
310750,2
310751,0
310752,0
310753,2
310754,0
310756,2
310757,0
310758,2
310759,0
310760,0
310761,0
310762,0
310763,2
310764,1
310765,2
310766,0
310767,0
310768,0
310769,1
310770,0
310771,0
310772,2
310773,2
310774,2
310775,0
310776,1
310777,2
310779,2
310780,2
310781,1
310782,2
310783,0
310784,0
310785,2
310786,1
310787,2
310788,1
310789,2
310790,1
310792,2
310793,0
310794,1
310795,2
310796,1
310797,0
310798,0
310799,0
310800,2
310801,1
310802,1
310803,2
310804,0
310805,0
310806,0
310807,2
310808,2
310809,0
310810,0
310811,2
310812,2
310814,0
310815,1
310816,2
310817,2
310818,0
310819,0
310820,2
310821,2
310822,0
310823,2
310824,2
310826,0
310827,0
310828,0
310829,2
310830,0
310831,2
310832,2
310833,2
310834,0
310835,1
310836,2
310837,2
310838,2
310839,2
310840,1
310841,2
310842,1
310843,2
310844,0
310845,0
310846,2
310847,0
310848,0
310849,0
310850,0
310851,0
310852,0
310853,0
310854,2
310855,2
310856,0
310857,0
310858,0
310859,0
310860,2
310861,2
310862,1
310863,2
310865,1
310866,1
310867,0
310868,2
310869,0
310870,0
310871,0
310872,0
310873,2
310874,0
310875,1
310876,0
310877,2
310878,0
310879,1
310881,0
310882,0
310883,1
310884,0
310885,0
310886,2
310887,0
310888,0
310889,0
310890,2
310891,0
310892,2
310893,2
310894,2
310895,2
310896,0
310897,1
310898,0
310899,2
310900,0
310901,1
310902,0
310903,0
310904,1
310905,2
310906,2
310907,0
310908,2
310909,0
310910,2
310911,0
310912,0
310913,2
310914,0
310915,0
310916,2
310917,2
310918,0
310919,0
310920,2
310921,0
310922,2
310923,0
310924,0
310925,2
310926,0
310927,2
310928,2
310929,2
310930,1
310931,0
310932,2
310933,1
310934,2
310935,1
310936,0
310937,0
310938,0
310939,1
310940,0
310941,1
310942,1
310943,0
310944,1
310945,0
310946,2
310947,2
310948,1
310949,1
310950,2
310951,1
310952,0
310953,0
310954,2
310955,2
310956,0
310957,0
310958,2
310959,2
310961,0
310962,0
310963,0
310964,0
310965,0
310966,2
310968,2
310969,0
310970,2
310971,0
310972,0
310973,0
310974,1
310975,1
310976,0
310977,1
310978,0
310979,1
310980,2
310981,1
310982,0
310983,0
310984,0
310985,0
310986,2
310987,0
310988,0
310989,0
310990,2
310991,0
310992,0
310993,2
310994,0
310995,2
310996,2
310997,1
310998,2
310999,2
311000,2
311001,1
311002,0
311003,1
311004,0
311005,2
311006,2
311007,0
311008,2
311009,0
311010,2
311011,2
311012,2
311013,2
311014,2
311015,0
311016,2
311017,0
311018,2
311020,2
311021,0
311022,2
311023,0
311024,2
311025,0
311026,0
311027,2
311028,2
311029,2
311030,0
311031,0
311032,0
311033,2
311034,0
311035,1
311036,2
311037,0
311038,2
311039,1
311040,2
311042,0
311043,0
311044,1
311045,1
311046,2
311047,0
311048,0
311049,0
311050,2
311051,0
311052,2
311053,0
311054,0
311055,0
311056,0
311057,0
311058,0
311059,2
311060,2
311061,0
311062,2
311063,2
311064,2
311065,1
311066,0
311067,1
311068,2
311069,2
311070,0
311071,2
311072,2
311073,0
311074,2
311075,0
311076,0
311077,0
311078,1
311079,0
311080,0
311081,1
311082,0
311083,0
311084,0
311085,2
311086,0
311087,2
311088,0
311089,0
311090,0
311091,0
311092,0
311093,0
311094,0
311095,2
311096,2
311097,0
311098,0
311099,0
311100,2
311101,0
311102,2
311103,2
311104,2
311105,1
311106,2
311107,0
311108,2
311109,2
311110,0
311111,2
311112,0
311113,2
311114,2
311115,0
311116,2
311117,0
311118,1
311120,0
311121,2
311122,2
311123,0
311124,1
311125,0
311126,0
311127,0
311128,2
311129,2
311130,2
311131,0
311132,2
311133,1
311134,0
311135,0
311136,2
311137,0
311138,0
311139,0
311140,1
311141,2
311142,0
311143,0
311144,0
311145,2
311146,0
311147,2
311148,0
311149,2
311150,2
311151,0
311152,0
311153,2
311154,2
311155,0
311156,0
311157,1
311158,0
311159,0
311160,0
311161,2
311162,0
311163,2
311164,0
311165,0
311166,2
311167,0
311168,0
311169,0
311170,0
311171,0
311172,0
311173,1
311174,2
311175,0
311176,0
311177,2
311178,0
311179,0
311180,0
311181,2
311182,2
311183,2
311184,0
311185,1
311186,2
311187,0
311188,2
311189,1
311190,0
311191,2
311192,2
311193,0
311194,2
311195,0
311196,2
311197,0
311198,1
311199,0
311200,1
311201,1
311202,0
311203,0
311204,0
311205,1
311206,0
311207,0
311208,0
311209,2
311210,0
311211,2
311212,2
311213,0
311214,0
311215,2
311216,1
311217,0
311218,0
311219,0
311220,2
311221,0
311222,2
311223,0
311224,0
311225,0
311227,0
311228,1
311229,0
311230,0
311231,0
311232,0
311233,2
311234,0
311235,2
311236,2
311237,1
311238,2
311239,2
311240,0
311241,0
311242,0
311243,0
311244,2
311245,0
311246,0
311247,1
311248,0
311250,0
311251,0
311252,2
311253,0
311254,2
311255,2
311256,1
311257,2
311258,0
311259,1
311260,2
311261,1
311262,2
311263,2
311264,2
311265,0
311266,2
311267,0
311268,1
311269,1
311270,0
311271,0
311272,2
311273,2
311274,0
311275,1
311276,1
311277,0
311278,1
311279,0
311280,0
311281,0
311282,0
311283,0
311284,2
311285,2
311286,0
311287,0
311288,0
311289,1
311290,0
311291,2
311292,1
311293,0
311294,0
311295,2
311296,0
311297,0
311298,1
311299,2
311300,1
311301,0
311302,1
311303,2
311304,2
311305,0
311306,0
311307,2
311308,2
311309,2
311310,0
311311,2
311312,2
311313,2
311314,1
311315,0
311316,2
311317,0
311318,0
311319,0
311320,2
311321,0
311322,2
311323,1
311324,1
311325,2
311326,2
311327,1
311328,0
311329,0
311330,0
311331,0
311332,1
311333,0
311334,1
311335,2
311336,2
311337,0
311338,2
311339,1
311340,1
311341,0
311342,1
311343,0
311344,0
311345,0
311346,2
311347,0
311348,1
311349,1
311350,2
311351,2
311352,2
311353,0
311354,1
311355,0
311356,0
311357,1
311358,2
311359,0
311360,2
311361,0
311362,2
311363,2
311364,1
311365,1
311366,0
311367,2
311368,2
311369,2
311370,0
311371,2
311372,2
311373,0
311374,1
311375,0
311376,0
311377,2
311378,2
311379,0
311380,0
311381,2
311382,0
311383,2
311384,2
311385,0
311386,2
311387,2
311388,2
311389,2
311390,2
311391,2
311392,2
311393,0
311394,2
311395,1
311396,2
311397,0
311398,1
311399,0
311400,2
311401,0
311402,0
311403,2
311404,2
311405,0
311406,1
311407,2
311408,1
311409,0
311410,0
311411,0
311412,2
311413,1
311414,2
311415,0
311416,0
311417,2
311418,1
311419,0
311420,0
311421,2
311422,1
311423,0
311424,1
311425,2
311426,2
311427,2
311428,2
311429,0
311430,2
311431,2
311432,2
311433,2
311434,0
311435,2
311436,1
311437,2
311438,0
311439,1
311440,2
311441,0
311442,0
311443,1
311444,0
311445,0
311446,2
311447,2
311448,0
311449,0
311451,2
311452,1
311453,2
311454,0
311455,0
311456,2
311457,1
311458,2
311459,2
311460,2
311461,2
311462,0
311463,2
311464,2
311465,0
311466,0
311467,1
311468,2
311469,2
311470,2
311471,1
311472,0
311473,1
311474,2
311475,0
311476,0
311477,0
311478,1
311479,0
311480,0
311481,0
311482,0
311483,2
311484,0
311485,0
311486,0
311487,0
311488,0
311489,0
311490,1
311491,0
311492,0
311493,1
311494,0
311495,1
311496,1
311497,0
311498,0
311499,0
311500,0
311501,2
311503,0
311504,2
311505,0
311506,2
311507,0
311508,2
311509,2
311510,2
311511,2
311512,1
311513,1
311514,2
311515,2
311516,0
311517,1
311518,0
311519,2
311520,0
311521,0
311522,0
311523,2
311524,2
311525,0
311526,0
311527,0
311528,0
311529,0
311530,1
311531,2
311532,1
311533,0
311534,2
311535,2
311536,1
311537,2
311538,0
311539,2
311540,2
311541,0
311542,2
311543,0
311544,1
311545,2
311546,0
311547,1
311548,0
311549,0
311550,0
311551,0
311552,2
311553,0
311554,2
311555,0
311556,2
311557,0
311558,1
311559,1
311560,0
311561,2
311562,2
311563,0
311564,0
311565,2
311566,0
311567,0
311568,2
311569,0
311570,0
311571,2
311572,0
311573,0
311574,0
311575,0
311576,2
311577,2
311578,0
311579,2
311580,0
311582,1
311583,0
311584,0
311585,0
311586,2
311587,1
311588,0
311589,1
311590,0
311591,2
311592,0
311593,2
311594,0
311595,0
311596,2
311597,2
311598,0
311599,2
311600,1
311601,2
311602,0
311603,0
311604,0
311605,2
311606,0
311607,0
311608,1
311609,2
311610,2
311611,1
311612,0
311613,0
311614,0
311615,0
311616,0
311617,2
311618,0
311619,1
311620,0
311621,0
311622,1
311623,0
311624,0
311625,0
311626,0
311627,2
311628,2
311629,2
311630,1
311631,1
311632,0
311633,2
311634,2
311635,0
311636,2
311637,2
311638,1
311639,0
311640,1
311641,2
311642,0
311643,2
311644,0
311645,2
311646,0
311647,0
311648,2
311649,1
311650,2
311651,0
311652,2
311653,1
311654,2
311655,2
311656,0
311658,0
311659,0
311660,2
311661,0
311662,0
311663,0
311665,0
311666,2
311667,2
311668,2
311669,0
311670,1
311671,1
311672,1
311673,2
311675,1
311676,2
311677,1
311678,2
311679,2
311680,1
311681,0
311682,0
311683,0
311684,0
311685,1
311686,2
311687,2
311688,0
311689,0
311690,0
311691,0
311692,1
311693,0
311694,2
311695,0
311696,0
311697,0
311698,0
311699,2
311700,0
311701,0
311702,0
311703,0
311704,0
311705,0
311706,1
311707,0
311708,2
311709,2
311710,2
311711,2
311712,0
311713,2
311714,0
311715,0
311716,0
311717,2
311718,0
311719,2
311720,1
311721,2
311722,1
311723,2
311724,0
311725,0
311726,0
311727,1
311728,0
311730,0
311731,0
311732,2
311733,0
311734,0
311735,0
311736,2
311737,0
311738,1
311739,0
311740,2
311741,2
311742,0
311743,2
311744,0
311745,1
311746,0
311747,2
311748,1
311749,0
311750,0
311751,2
311752,2
311753,2
311754,2
311755,0
311756,2
311757,2
311758,0
311759,0
311760,0
311761,1
311762,2
311763,0
311764,1
311765,0
311766,0
311767,0
311768,0
311769,0
311770,2
311771,0
311772,2
311773,2
311774,0
311775,2
311776,1
311777,0
311778,1
311779,0
311780,1
311781,2
311782,1
311783,0
311785,2
311786,0
311787,0
311788,0
311789,2
311790,2
311791,0
311792,2
311793,2
311794,0
311795,0
311796,0
311797,1
311798,1
311799,2
311800,2
311801,2
311802,2
311803,0
311804,2
311805,2
311806,0
311807,0
311808,1
311809,0
311810,0
311811,2
311812,2
311813,2
311814,2
311815,1
311816,0
311817,0
311818,1
311819,0
311820,1
311821,2
311822,0
311823,0
311824,2
311825,0
311826,0
311827,0
311828,0
311829,0
311830,1
311831,0
311832,0
311833,2
311834,2
311835,1
311836,1
311837,1
311838,0
311839,0
311840,1
311841,2
311842,1
311843,0
311844,0
311845,0
311846,0
311847,0
311848,2
311849,0
311850,1
311851,1
311852,0
311853,1
311854,0
311855,2
311856,0
311857,1
311858,0
311859,0
311860,2
311861,1
311862,1
311863,0
311864,2
311865,0
311866,1
311867,0
311868,1
311869,0
311870,0
311871,2
311872,2
311873,1
311874,1
311875,0
311876,2
311877,0
311878,0
311879,1
311880,0
311881,2
311882,1
311883,0
311884,0
311885,2
311886,0
311887,1
311888,0
311889,2
311891,0
311892,2
311893,2
311894,2
311895,0
311896,0
311897,0
311898,1
311899,0
311900,2
311901,0
311902,0
311903,0
311904,0
311905,0
311906,2
311907,2
311908,1
311909,0
311910,0
311911,2
311912,2
311913,1
311914,1
311916,0
311917,2
311918,0
311919,1
311920,0
311921,2
311922,0
311923,0
311924,1
311925,0
311926,0
311927,2
311928,2
311929,0
311930,0
311931,0
311932,0
311933,0
311934,0
311935,0
311936,0
311937,0
311938,1
311939,0
311940,0
311941,0
311942,0
311943,0
311944,2
311945,2
311946,1
311947,0
311948,2
311949,0
311950,0
311951,1
311953,2
311954,2
311955,0
311956,0
311957,2
311958,0
311959,0
311960,1
311961,0
311962,2
311963,0
311964,0
311965,0
311966,2
311968,0
311969,2
311970,2
311971,1
311972,0
311973,2
311974,0
311975,2
311976,0
311977,2
311978,2
311979,1
311980,0
311981,2
311982,0
311983,0
311984,2
311985,2
311986,0
311987,0
311988,0
311989,0
311990,1
311991,0
311992,0
311993,2
311994,2
311995,0
311996,0
311997,2
311998,0
311999,0
312000,2
312001,0
312002,0
312003,2
312004,0
312005,0
312006,0
312008,0
312009,2
312010,0
312011,0
312012,0
312013,2
312014,0
312015,2
312016,0
312017,0
312018,2
312019,1
312020,0
312021,0
312022,0
312023,2
312024,2
312025,0
312026,2
312027,2
312028,0
312029,0
312030,2
312031,0
312032,1
312033,0
312034,0
312035,0
312036,0
312037,1
312038,0
312039,0
312040,2
312041,0
312042,1
312043,2
312044,2
312045,0
312046,0
312047,2
312048,2
312049,0
312050,0
312051,2
312052,2
312053,0
312054,1
312055,0
312056,0
312057,0
312058,2
312059,2
312060,2
312061,2
312062,2
312063,0
312064,0
312065,1
312066,1
312067,0
312068,0
312069,1
312070,0
312071,1
312072,0
312073,2
312074,2
312075,0
312076,1
312077,1
312078,0
312079,2
312080,0
312081,2
312082,2
312083,0
312084,2
312085,2
312086,1
312087,2
312088,0
312089,2
312090,0
312091,0
312092,0
312093,0
312094,0
312095,0
312096,1
312097,0
312098,0
312099,1
312100,2
312101,0
312102,2
312103,0
312104,2
312105,1
312106,2
312107,2
312108,1
312109,0
312110,1
312111,2
312112,1
312113,2
312114,1
312115,0
312116,0
312117,1
312118,2
312119,2
312120,0
312121,0
312122,0
312123,2
312124,0
312125,1
312126,1
312127,0
312128,2
312129,0
312130,0
312131,0
312132,2
312133,0
312134,2
312135,2
312136,0
312137,2
312138,1
312139,2
312140,0
312141,0
312142,2
312143,0
312144,0
312145,2
312146,1
312147,0
312148,0
312149,0
312150,2
312151,0
312152,0
312153,0
312154,0
312155,0
312156,2
312157,0
312158,2
312159,2
312160,0
312161,2
312162,0
312163,0
312164,0
312165,2
312166,0
312167,0
312168,0
312169,0
312170,0
312171,2
312172,0
312173,0
312174,1
312175,0
312176,1
312177,2
312178,2
312179,0
312180,2
312181,1
312182,0
312183,0
312184,2
312185,0
312186,0
312187,1
312188,2
312189,0
312190,2
312191,2
312192,0
312193,2
312194,0
312195,2
312196,0
312197,1
312198,2
312199,1
312200,2
312201,0
312202,1
312203,0
312204,0
312205,2
312206,2
312207,2
312208,0
312209,0
312210,2
312211,0
312212,2
312213,1
312214,0
312215,2
312216,0
312217,2
312218,0
312219,2
312220,2
312221,1
312222,2
312223,2
312224,2
312225,0
312226,2
312227,0
312228,1
312229,0
312230,2
312231,2
312232,1
312233,0
312234,2
312235,0
312236,0
312237,1
312238,0
312239,0
312240,1
312241,2
312242,1
312243,0
312244,0
312245,1
312246,2
312247,1
312248,1
312249,2
312250,0
312251,0
312252,0
312253,0
312254,1
312255,2
312256,0
312257,1
312258,0
312259,0
312260,2
312261,2
312262,0
312263,2
312264,2
312265,0
312266,2
312267,2
312268,1
312269,1
312270,1
312271,2
312272,2
312273,2
312274,1
312275,2
312276,0
312277,0
312278,0
312279,1
312280,1
312281,2
312282,0
312283,0
312284,0
312285,0
312286,0
312287,0
312288,2
312289,2
312290,1
312291,2
312292,0
312293,2
312295,2
312296,0
312297,2
312298,0
312299,0
312300,0
312301,0
312302,2
312303,0
312306,1
312307,2
312308,2
312309,0
312310,0
312311,0
312312,2
312313,2
312314,0
312315,1
312316,0
312317,2
312318,1
312319,0
312320,0
312321,0
312322,1
312323,0
312324,0
312326,2
312327,0
312328,2
312329,0
312330,1
312331,2
312332,0
312333,0
312334,0
312335,2
312336,0
312337,1
312338,0
312339,1
312340,1
312341,0
312342,2
312343,2
312344,0
312345,2
312346,0
312347,2
312349,2
312350,1
312351,0
312352,2
312353,2
312354,0
312355,0
312356,0
312357,1
312358,0
312359,2
312360,0
312361,0
312362,1
312363,0
312364,2
312365,0
312366,1
312367,2
312368,0
312369,0
312370,1
312371,2
312372,2
312373,0
312374,0
312375,0
312376,2
312377,0
312378,0
312379,1
312380,1
312381,0
312382,0
312383,1
312384,2
312385,1
312386,0
312387,0
312388,0
312389,0
312390,1
312391,0
312392,0
312393,0
312394,1
312395,1
312396,0
312397,2
312398,2
312400,0
312401,0
312402,0
312403,2
312404,0
312405,2
312406,2
312407,1
312408,0
312409,2
312410,2
312411,0
312412,2
312413,2
312414,2
312415,2
312416,0
312417,2
312418,0
312419,0
312420,0
312421,2
312422,0
312423,2
312424,1
312425,0
312426,2
312427,0
312428,1
312429,0
312430,2
312431,0
312432,2
312433,2
312434,0
312435,0
312436,1
312437,2
312438,1
312439,0
312440,0
312441,0
312442,0
312443,0
312444,0
312445,2
312446,0
312447,2
312448,0
312449,0
312450,0
312451,2
312452,2
312453,0
312454,0
312455,0
312456,0
312457,2
312458,2
312460,2
312461,0
312462,0
312463,2
312464,2
312465,0
312466,2
312467,1
312468,1
312469,0
312470,0
312471,0
312472,1
312473,2
312474,1
312475,0
312476,0
312477,0
312478,0
312479,0
312480,1
312481,0
312482,1
312483,0
312484,1
312485,1
312486,0
312487,2
312488,0
312489,0
312490,0
312491,2
312492,0
312493,1
312494,2
312495,2
312496,0
312497,1
312498,1
312499,0
312500,1
312501,2
312502,2
312503,0
312504,2
312505,0
312506,1
312507,2
312508,2
312510,1
312511,0
312512,1
312513,0
312514,0
312515,0
312516,2
312517,0
312518,0
312520,2
312521,2
312522,0
312523,1
312524,1
312525,2
312526,0
312527,2
312528,2
312529,2
312530,0
312531,0
312532,0
312533,0
312534,2
312535,0
312536,0
312537,0
312538,1
312539,2
312540,2
312541,0
312542,0
312543,1
312544,0
312545,0
312546,2
312547,2
312548,0
312549,0
312550,2
312551,2
312552,1
312553,0
312554,0
312555,2
312556,0
312557,0
312558,0
312559,0
312560,0
312561,0
312562,2
312563,0
312564,2
312565,0
312566,2
312567,0
312568,0
312569,0
312570,0
312571,0
312573,1
312574,0
312575,2
312576,0
312577,0
312578,1
312579,0
312580,0
312581,0
312582,2
312583,2
312584,2
312585,0
312586,0
312587,0
312588,0
312589,2
312590,0
312591,0
312592,0
312594,1
312595,0
312596,2
312597,1
312598,2
312599,0
312600,0
312601,2
312602,0
312603,0
312604,1
312605,0
312606,0
312607,2
312608,2
312610,0
312611,1
312612,0
312613,1
312614,0
312615,2
312616,0
312617,0
312618,2
312619,1
312620,2
312621,1
312622,0
312623,0
312624,0
312625,0
312626,2
312627,0
312628,0
312629,0
312630,2
312631,0
312632,0
312633,0
312634,0
312635,1
312636,2
312637,0
312638,0
312639,0
312640,1
312641,2
312642,2
312643,1
312644,0
312645,0
312646,0
312647,2
312648,0
312649,0
312650,2
312651,0
312652,0
312653,2
312654,2
312655,1
312656,0
312657,0
312658,2
312659,2
312660,2
312661,2
312662,0
312663,0
312664,0
312665,0
312666,0
312667,0
312668,2
312669,2
312671,1
312672,1
312673,2
312674,2
312675,0
312676,0
312677,0
312678,0
312679,2
312680,2
312681,2
312682,2
312683,2
312684,1
312685,0
312686,2
312687,0
312688,1
312689,2
312690,0
312691,2
312692,2
312693,1
312694,1
312695,2
312696,0
312697,2
312698,2
312699,2
312700,0
312701,2
312702,1
312703,1
312704,0
312705,2
312706,0
312707,2
312708,0
312709,0
312710,0
312711,2
312712,1
312713,1
312714,1
312715,2
312716,1
312717,0
312718,1
312719,2
312720,0
312721,1
312722,2
312723,1
312724,0
312725,2
312726,0
312727,2
312728,2
312729,0
312730,0
312731,0
312732,0
312733,2
312734,2
312735,1
312736,0
312737,1
312738,2
312739,0
312740,0
312741,0
312742,2
312743,2
312744,2
312745,2
312746,1
312747,2
312748,0
312749,0
312750,0
312751,2
312752,2
312753,0
312754,1
312755,0
312756,0
312757,0
312758,0
312759,0
312760,0
312761,1
312762,0
312763,0
312764,2
312765,0
312766,0
312767,2
312768,0
312769,0
312770,2
312771,1
312772,1
312773,2
312774,0
312775,1
312776,0
312777,0
312778,1
312779,0
312780,0
312781,0
312782,2
312783,0
312784,2
312785,1
312786,2
312787,0
312788,2
312789,0
312790,2
312791,2
312792,0
312793,1
312794,1
312795,2
312796,0
312797,0
312798,0
312799,0
312800,0
312801,0
312802,1
312803,1
312804,2
312805,2
312806,0
312807,2
312808,1
312809,0
312810,0
312811,0
312812,1
312813,0
312814,1
312815,0
312816,0
312817,2
312818,2
312819,0
312820,0
312821,0
312822,1
312823,0
312824,1
312825,0
312827,1
312828,1
312829,0
312830,0
312831,2
312832,0
312833,2
312834,2
312835,2
312836,2
312837,0
312838,0
312839,1
312840,2
312841,0
312842,1
312843,0
312844,0
312845,0
312846,0
312847,0
312848,0
312849,0
312850,2
312851,0
312852,2
312853,2
312854,0
312855,0
312856,0
312857,2
312858,0
312859,0
312860,0
312861,1
312862,0
312863,1
312864,0
312865,2
312866,0
312867,2
312868,0
312869,2
312870,1
312871,0
312873,0
312874,0
312875,0
312876,0
312877,0
312878,0
312879,2
312880,0
312881,0
312882,0
312883,2
312885,1
312886,0
312887,1
312888,0
312889,2
312890,0
312891,0
312892,2
312893,2
312894,0
312895,2
312896,0
312897,2
312898,1
312899,0
312900,2
312901,1
312902,2
312903,0
312904,2
312905,1
312906,0
312907,0
312908,2
312909,0
312910,0
312911,2
312912,2
312913,0
312914,0
312915,2
312916,0
312917,0
312919,0
312920,0
312921,0
312922,0
312923,0
312924,0
312925,0
312926,0
312927,1
312928,2
312929,0
312930,2
312931,2
312932,0
312933,2
312934,2
312935,1
312936,1
312937,2
312938,0
312939,1
312940,1
312941,0
312942,2
312943,0
312944,0
312945,0
312946,0
312947,2
312948,0
312949,0
312950,2
312951,0
312952,0
312953,1
312954,1
312955,1
312956,2
312959,2
312960,0
312961,2
312962,1
312963,0
312964,0
312965,1
312966,2
312967,0
312968,0
312969,1
312970,2
312971,2
312972,0
312973,1
312974,1
312975,2
312976,2
312977,2
312978,0
312979,2
312980,0
312981,0
312982,0
312983,2
312984,2
312985,2
312986,0
312987,2
312988,2
312989,2
312990,1
312991,0
312992,1
312993,0
312995,2
312996,0
312997,0
312998,1
312999,0
313000,0
313001,0
313002,2
313003,1
313004,2
313005,0
313006,2
313007,0
313008,0
313010,1
313011,1
313012,0
313013,0
313014,2
313015,0
313016,0
313017,0
313018,2
313020,2
313021,2
313022,2
313023,0
313024,2
313025,0
313026,2
313027,0
313028,0
313029,0
313030,0
313031,2
313032,0
313033,0
313034,0
313035,0
313036,0
313037,0
313038,0
313039,1
313040,0
313041,1
313042,1
313043,0
313044,2
313045,0
313046,2
313047,0
313048,1
313049,1
313050,2
313051,2
313052,2
313053,2
313054,0
313055,0
313056,0
313057,0
313058,2
313059,2
313060,2
313061,2
313062,0
313063,1
313064,2
313065,0
313066,2
313067,2
313068,2
313069,0
313070,0
313071,1
313072,1
313073,0
313074,0
313075,0
313076,2
313077,0
313078,0
313079,0
313080,2
313081,0
313082,2
313083,2
313084,0
313085,1
313086,0
313087,1
313088,0
313089,1
313090,0
313091,0
313092,0
313093,0
313094,2
313095,2
313096,0
313097,0
313098,0
313099,0
313100,2
313101,2
313102,0
313103,1
313104,2
313105,0
313106,1
313107,0
313109,2
313110,1
313111,2
313112,0
313113,2
313114,0
313115,0
313116,0
313117,0
313118,2
313119,0
313120,2
313121,2
313122,1
313123,1
313124,1
313125,1
313126,2
313127,0
313128,2
313129,0
313130,2
313131,0
313132,2
313133,0
313134,2
313135,2
313136,2
313137,0
313138,2
313139,2
313140,1
313141,0
313142,1
313143,0
313144,1
313145,0
313146,0
313148,2
313149,2
313150,2
313151,0
313152,1
313153,2
313154,2
313155,2
313156,0
313157,0
313158,0
313159,2
313160,0
313161,1
313162,2
313163,2
313164,0
313165,0
313166,2
313167,1
313168,0
313169,2
313170,2
313171,0
313172,0
313173,2
313174,1
313175,1
313176,0
313177,0
313178,0
313179,0
313180,1
313181,0
313182,0
313183,0
313184,1
313185,2
313186,2
313187,0
313188,2
313189,0
313190,1
313191,1
313192,2
313193,0
313194,0
313195,2
313196,1
313197,1
313198,2
313199,0
313200,1
313201,1
313202,0
313203,0
313204,1
313205,2
313206,2
313207,2
313208,2
313209,1
313210,1
313211,0
313212,0
313213,2
313214,0
313215,2
313216,0
313217,2
313218,2
313219,0
313220,0
313221,0
313222,2
313223,0
313224,1
313225,1
313226,0
313227,2
313228,2
313229,0
313230,0
313231,0
313232,0
313233,2
313234,0
313235,2
313236,0
313237,2
313238,0
313239,2
313240,0
313241,0
313242,1
313243,0
313244,0
313245,0
313246,0
313247,0
313248,1
313249,0
313250,2
313251,1
313252,2
313253,2
313254,1
313255,2
313256,0
313257,0
313258,0
313259,0
313260,2
313261,1
313262,0
313263,0
313264,0
313265,0
313266,0
313267,2
313268,1
313269,2
313270,0
313271,2
313272,1
313273,1
313274,2
313275,0
313276,2
313277,2
313278,0
313279,1
313280,0
313281,1
313282,0
313283,0
313284,1
313285,1
313286,1
313287,2
313288,0
313289,1
313290,2
313291,0
313292,1
313293,0
313294,2
313295,0
313296,2
313297,2
313298,0
313299,0
313300,0
313301,1
313302,1
313303,0
313304,2
313305,0
313306,1
313307,2
313308,2
313309,2
313310,0
313311,0
313312,0
313313,2
313314,0
313315,0
313316,0
313317,0
313318,0
313319,2
313320,0
313321,1
313322,1
313323,2
313324,1
313325,0
313326,0
313327,2
313328,2
313329,0
313330,0
313331,0
313332,0
313333,0
313334,0
313335,2
313336,2
313337,0
313338,2
313339,1
313340,2
313341,2
313342,0
313343,2
313344,1
313345,0
313346,0
313347,0
313348,0
313349,0
313350,1
313351,1
313352,1
313353,2
313354,2
313355,1
313356,0
313357,0
313358,0
313359,2
313360,2
313361,0
313362,2
313363,0
313364,0
313365,2
313366,0
313367,0
313368,0
313369,0
313370,2
313371,2
313372,0
313373,2
313374,0
313375,2
313376,0
313377,0
313378,2
313379,0
313380,2
313381,0
313382,0
313383,1
313384,1
313385,2
313386,0
313387,0
313388,2
313389,0
313391,2
313392,2
313393,0
313394,0
313395,2
313396,2
313397,0
313398,0
313399,2
313400,0
313401,0
313402,1
313403,1
313404,0
313405,0
313406,0
313407,0
313408,2
313409,1
313410,0
313411,0
313412,2
313413,0
313414,2
313415,0
313416,0
313417,0
313418,2
313419,0
313420,0
313421,1
313422,0
313423,1
313424,2
313425,0
313426,2
313427,1
313428,0
313429,0
313430,0
313431,0
313432,0
313433,2
313434,2
313435,0
313436,2
313437,0
313438,0
313439,0
313440,0
313441,0
313442,1
313443,0
313444,0
313445,0
313446,0
313447,1
313448,1
313449,0
313450,2
313451,0
313452,2
313453,0
313454,1
313455,2
313456,2
313457,0
313458,1
313459,0
313460,0
313461,1
313462,0
313463,0
313464,0
313465,0
313466,0
313467,0
313468,2
313469,0
313470,1
313471,1
313472,2
313473,2
313474,0
313475,2
313476,0
313477,0
313478,0
313479,1
313480,0
313481,2
313482,0
313483,0
313484,0
313485,2
313486,0
313487,0
313488,0
313489,0
313490,0
313491,2
313492,2
313493,2
313494,0
313495,0
313496,0
313497,0
313498,0
313499,0
313500,0
313501,2
313502,0
313503,0
313504,0
313505,0
313506,0
313507,2
313508,0
313509,0
313510,0
313511,2
313512,1
313513,0
313514,2
313515,2
313516,0
313517,2
313518,0
313519,0
313520,2
313521,2
313522,2
313523,1
313524,2
313525,0
313526,0
313527,0
313528,0
313530,2
313531,0
313532,2
313533,1
313534,1
313535,2
313536,2
313537,1
313538,1
313539,0
313540,2
313541,1
313542,1
313543,0
313544,2
313545,0
313546,2
313547,0
313548,1
313549,2
313550,2
313551,2
313552,2
313553,2
313554,0
313555,1
313556,1
313557,2
313558,0
313559,2
313560,0
313561,0
313562,0
313563,2
313564,1
313565,2
313566,0
313567,2
313568,2
313569,0
313570,2
313571,0
313572,0
313573,0
313574,2
313575,2
313576,1
313577,2
313578,1
313579,2
313580,0
313581,1
313582,2
313583,0
313585,0
313586,2
313587,0
313588,0
313590,0
313591,1
313592,0
313593,0
313594,2
313595,0
313596,0
313597,1
313598,0
313599,0
313600,0
313601,1
313602,0
313603,0
313604,0
313605,2
313606,1
313607,1
313608,2
313609,1
313610,2
313611,2
313612,1
313613,1
313614,0
313615,2
313616,0
313617,0
313618,2
313620,1
313621,1
313622,2
313624,0
313625,0
313626,0
313627,2
313628,2
313629,0
313630,0
313631,1
313632,0
313633,2
313634,2
313635,1
313636,0
313637,2
313638,1
313639,0
313640,0
313641,0
313642,0
313643,0
313644,0
313645,0
313646,1
313647,0
313648,2
313649,0
313650,2
313651,0
313652,2
313653,2
313654,1
313655,0
313656,1
313657,0
313658,0
313659,0
313660,0
313661,0
313662,1
313663,1
313664,0
313665,1
313666,0
313667,2
313668,1
313669,1
313670,0
313671,0
313672,0
313673,0
313674,0
313675,2
313676,0
313677,1
313678,0
313679,0
313680,0
313681,0
313682,0
313683,2
313684,0
313685,2
313686,0
313687,1
313688,0
313689,2
313690,2
313691,2
313692,0
313693,2
313694,0
313695,0
313696,1
313697,2
313698,0
313699,2
313700,0
313701,2
313702,0
313703,1
313704,0
313705,2
313706,2
313707,0
313708,0
313709,0
313710,0
313711,2
313712,0
313713,1
313714,0
313715,0
313716,2
313717,0
313718,0
313719,0
313720,2
313721,0
313722,2
313723,0
313724,2
313725,0
313726,1
313727,0
313728,0
313729,0
313730,0
313731,0
313732,2
313733,0
313734,0
313735,2
313736,0
313737,0
313738,2
313739,2
313740,0
313741,1
313742,0
313743,1
313744,0
313745,0
313746,2
313747,0
313748,0
313749,0
313750,0
313751,2
313752,0
313753,1
313754,0
313755,0
313756,2
313757,1
313758,1
313759,1
313760,0
313761,2
313762,0
313763,2
313764,0
313765,0
313766,0
313767,1
313768,1
313769,2
313770,2
313771,0
313772,2
313773,1
313774,1
313775,0
313776,2
313777,1
313778,0
313779,1
313780,2
313781,1
313782,0
313783,2
313784,0
313785,2
313786,0
313787,0
313788,2
313789,0
313790,2
313791,0
313792,2
313793,0
313794,1
313795,0
313796,0
313797,2
313798,0
313799,2
313800,2
313801,0
313802,1
313803,0
313804,2
313805,0
313806,0
313807,1
313808,2
313809,2
313810,0
313811,0
313812,1
313813,1
313814,1
313815,2
313816,1
313817,1
313818,0
313819,0
313820,0
313821,1
313822,2
313823,0
313824,2
313825,1
313826,0
313827,2
313828,2
313829,2
313830,2
313831,0
313832,0
313833,1
313834,1
313835,1
313836,0
313837,2
313838,0
313839,0
313840,0
313841,0
313842,1
313843,0
313844,0
313845,0
313846,0
313847,0
313848,0
313849,2
313850,1
313851,0
313852,1
313853,0
313854,2
313855,1
313856,0
313857,2
313858,2
313859,0
313860,0
313861,0
313862,0
313863,2
313864,1
313865,0
313866,2
313867,0
313868,1
313869,1
313870,0
313871,1
313872,0
313873,2
313874,0
313875,0
313876,2
313877,0
313879,1
313880,0
313881,0
313882,2
313883,0
313884,0
313885,2
313886,2
313887,2
313888,2
313889,0
313890,1
313891,0
313892,0
313893,2
313894,0
313896,0
313897,2
313898,1
313899,1
313900,1
313901,0
313902,0
313903,0
313904,2
313905,0
313906,0
313907,2
313908,0
313909,1
313910,2
313911,0
313912,1
313913,1
313914,0
313915,2
313916,2
313917,1
313918,0
313919,0
313920,0
313921,2
313922,2
313923,0
313924,2
313925,2
313926,0
313927,2
313928,0
313929,2
313930,2
313931,0
313932,2
313933,0
313934,0
313935,0
313936,0
313937,0
313938,0
313940,0
313941,2
313942,2
313943,0
313944,2
313945,0
313946,2
313947,0
313948,1
313949,2
313950,1
313951,0
313952,1
313953,0
313954,2
313955,2
313956,2
313957,0
313958,2
313959,2
313960,0
313961,2
313962,2
313963,0
313964,0
313965,0
313966,0
313967,1
313968,2
313969,2
313970,0
313971,2
313972,2
313973,1
313974,2
313975,2
313976,2
313977,2
313978,2
313979,2
313980,2
313981,1
313982,2
313983,2
313984,0
313985,0
313986,2
313987,0
313988,2
313989,2
313990,2
313992,2
313993,2
313994,0
313995,0
313996,2
313997,2
313998,2
313999,1
314000,0
314001,0
314002,0
314003,0
314004,2
314005,0
314006,1
314007,2
314008,0
314009,1
314010,0
314011,0
314012,2
314013,1
314014,2
314015,2
314016,2
314017,1
314018,0
314019,0
314020,2
314021,0
314022,0
314023,2
314024,2
314025,2
314026,2
314027,0
314028,0
314029,1
314030,2
314031,2
314032,0
314033,0
314034,2
314035,1
314036,2
314037,0
314038,0
314039,2
314040,2
314041,2
314042,1
314043,0
314044,2
314045,2
314046,2
314047,0
314048,0
314049,0
314050,0
314051,0
314052,0
314053,2
314054,0
314055,0
314056,2
314057,2
314058,2
314059,1
314060,0
314061,2
314062,0
314063,0
314064,2
314065,2
314066,0
314067,2
314068,0
314069,0
314070,0
314071,2
314072,0
314073,0
314074,0
314075,0
314076,0
314077,0
314078,2
314079,0
314080,1
314081,1
314082,0
314083,2
314084,0
314085,2
314086,1
314087,2
314088,2
314089,1
314090,0
314091,0
314092,0
314093,0
314094,0
314095,2
314096,2
314097,1
314098,2
314099,0
314100,2
314101,2
314102,0
314103,0
314104,2
314105,0
314106,1
314107,2
314108,0
314109,2
314110,2
314111,0
314112,1
314113,2
314114,2
314116,2
314117,0
314118,0
314119,1
314120,2
314121,1
314122,0
314123,1
314124,2
314125,0
314126,1
314127,2
314128,0
314129,1
314130,2
314131,0
314132,0
314133,0
314134,0
314135,2
314136,0
314137,0
314138,0
314139,0
314140,0
314141,0
314142,2
314143,1
314145,2
314146,0
314147,0
314149,1
314150,0
314151,2
314152,0
314153,0
314154,0
314155,0
314156,2
314157,1
314158,0
314159,2
314160,2
314161,0
314162,2
314163,2
314164,1
314165,0
314166,0
314167,0
314168,0
314169,0
314170,0
314171,0
314172,0
314173,0
314174,2
314175,2
314176,2
314177,2
314178,0
314179,1
314180,2
314181,0
314182,0
314183,2
314184,2
314185,1
314186,2
314187,0
314188,1
314189,0
314190,0
314191,0
314192,0
314193,0
314194,2
314195,1
314196,1
314197,1
314198,1
314199,2
314200,0
314201,0
314202,2
314203,2
314204,0
314205,1
314206,2
314207,2
314208,0
314209,0
314210,1
314211,2
314212,2
314213,2
314214,2
314215,0
314216,1
314217,2
314218,1
314219,0
314220,0
314221,0
314222,0
314223,1
314224,1
314225,2
314226,0
314227,0
314228,2
314229,0
314230,0
314231,0
314232,0
314233,2
314234,1
314235,0
314236,0
314237,0
314238,0
314239,0
314240,2
314241,1
314242,2
314243,0
314244,0
314245,1
314246,0
314247,0
314248,1
314249,0
314250,0
314251,2
314252,2
314253,1
314254,2
314255,0
314256,2
314257,2
314258,0
314259,0
314260,0
314261,0
314262,0
314263,0
314264,0
314265,2
314266,0
314267,0
314268,0
314269,2
314270,0
314271,2
314272,1
314273,1
314274,2
314275,0
314276,0
314277,2
314278,0
314279,0
314280,1
314281,0
314282,0
314283,0
314284,0
314285,1
314286,0
314287,2
314288,2
314289,2
314290,0
314291,2
314292,0
314293,0
314294,2
314295,2
314296,1
314297,2
314298,0
314299,2
314300,0
314301,2
314302,1
314303,2
314304,2
314305,1
314306,1
314307,1
314308,0
314309,2
314310,2
314311,2
314312,2
314313,0
314314,1
314315,0
314316,0
314317,0
314318,2
314319,2
314320,0
314321,2
314322,0
314323,1
314324,0
314325,0
314326,2
314327,1
314328,1
314329,2
314330,1
314332,1
314333,0
314334,0
314335,2
314336,2
314337,0
314338,2
314340,0
314341,2
314342,2
314343,2
314344,2
314345,2
314347,0
314348,0
314349,0
314350,2
314351,0
314352,2
314353,1
314354,2
314355,1
314356,1
314357,2
314358,0
314359,0
314360,0
314361,2
314362,0
314363,2
314364,2
314365,1
314366,0
314367,1
314368,0
314369,0
314370,2
314371,0
314372,2
314373,0
314374,1
314375,2
314376,2
314377,0
314378,0
314379,2
314380,1
314382,1
314383,0
314384,0
314385,2
314386,1
314387,0
314388,2
314389,2
314390,0
314391,0
314392,0
314393,0
314394,2
314395,0
314396,2
314397,2
314398,0
314399,2
314400,2
314401,2
314402,0
314403,2
314404,2
314405,0
314406,0
314407,2
314408,0
314409,0
314411,2
314412,0
314413,2
314414,1
314416,0
314417,1
314418,1
314419,0
314420,0
314421,2
314422,2
314423,1
314424,2
314425,0
314426,0
314427,2
314428,0
314429,0
314430,2
314431,2
314432,0
314433,1
314434,1
314435,0
314436,0
314437,0
314438,0
314439,2
314440,0
314441,0
314442,0
314443,0
314444,2
314445,2
314446,2
314447,1
314448,2
314449,0
314450,0
314451,2
314452,1
314453,2
314454,0
314455,0
314456,1
314457,0
314458,0
314459,0
314460,0
314461,1
314462,0
314463,0
314464,0
314465,2
314466,0
314467,0
314468,0
314469,0
314470,2
314471,2
314472,0
314473,2
314474,1
314475,2
314476,1
314477,0
314478,0
314479,0
314480,2
314481,0
314482,0
314483,0
314484,2
314485,0
314486,0
314487,0
314488,1
314489,0
314490,2
314491,2
314492,2
314493,0
314494,0
314495,2
314496,0
314497,2
314498,0
314499,1
314500,2
314501,0
314502,0
314503,0
314504,2
314505,2
314506,0
314507,1
314508,2
314509,1
314510,2
314511,1
314512,2
314513,0
314514,1
314515,2
314516,2
314517,0
314518,0
314519,0
314520,2
314521,0
314522,2
314523,0
314524,0
314525,0
314526,0
314527,1
314528,0
314529,0
314530,2
314531,2
314532,2
314533,2
314534,0
314535,2
314536,0
314537,2
314538,2
314539,2
314540,2
314541,1
314542,1
314543,1
314544,2
314545,2
314546,0
314547,0
314548,2
314549,0
314550,0
314551,2
314552,1
314553,0
314554,0
314555,2
314556,1
314557,0
314558,0
314559,2
314560,2
314561,0
314562,0
314563,0
314564,0
314565,2
314566,0
314567,2
314568,0
314569,1
314570,0
314571,2
314572,1
314573,2
314574,2
314575,2
314576,0
314577,0
314578,0
314579,0
314580,2
314581,0
314582,1
314584,2
314585,0
314586,0
314587,2
314588,0
314589,2
314590,1
314591,0
314592,0
314593,0
314594,0
314595,0
314596,0
314597,0
314598,0
314599,1
314600,2
314601,0
314602,0
314603,0
314604,0
314605,2
314606,0
314607,2
314608,2
314609,0
314610,2
314611,2
314612,1
314613,0
314614,0
314615,0
314616,2
314617,2
314618,0
314619,0
314620,2
314621,0
314622,0
314623,0
314624,0
314625,0
314626,0
314627,2
314628,2
314629,2
314630,0
314631,0
314632,0
314633,0
314634,0
314635,0
314636,1
314637,0
314638,0
314639,2
314640,0
314641,0
314642,1
314643,1
314644,2
314645,0
314646,0
314647,2
314648,2
314649,0
314650,0
314651,2
314652,1
314653,0
314654,0
314655,0
314656,0
314657,0
314658,1
314659,0
314660,1
314661,1
314662,2
314663,1
314664,2
314665,2
314666,1
314667,2
314668,0
314669,2
314670,2
314671,1
314672,0
314673,0
314674,0
314675,2
314676,2
314677,2
314678,2
314679,0
314680,2
314681,1
314682,0
314683,1
314684,2
314685,2
314686,0
314687,0
314688,2
314689,0
314690,0
314691,2
314692,1
314693,0
314694,0
314695,2
314696,0
314697,2
314698,2
314699,2
314700,1
314701,2
314702,1
314703,0
314704,2
314705,2
314706,0
314707,0
314708,1
314710,1
314711,0
314712,0
314713,2
314714,0
314715,1
314716,0
314717,0
314718,2
314719,1
314720,1
314721,1
314722,2
314723,1
314724,2
314725,0
314726,0
314727,1
314728,2
314729,2
314730,2
314731,0
314732,0
314733,2
314734,0
314735,1
314736,1
314738,2
314739,0
314740,0
314741,0
314742,2
314743,0
314744,0
314745,2
314746,2
314747,0
314748,0
314749,0
314750,0
314751,0
314752,1
314753,0
314755,2
314756,1
314757,1
314758,2
314759,1
314760,2
314761,1
314762,2
314763,2
314764,0
314765,1
314766,0
314767,0
314768,0
314769,2
314770,0
314772,0
314773,2
314774,2
314775,0
314776,1
314777,2
314778,1
314779,1
314780,2
314781,0
314782,2
314783,0
314784,0
314785,0
314786,0
314787,0
314788,2
314789,0
314790,1
314791,0
314792,0
314793,0
314794,0
314795,2
314796,1
314797,2
314798,2
314799,0
314800,0
314801,0
314802,0
314803,0
314804,2
314805,0
314806,0
314807,2
314808,2
314809,0
314810,0
314811,0
314812,0
314813,0
314814,2
314815,0
314816,2
314818,2
314819,1
314820,0
314821,2
314822,0
314823,0
314824,1
314825,2
314826,0
314827,0
314828,2
314829,0
314831,0
314832,2
314833,0
314834,1
314835,1
314836,1
314837,2
314838,1
314839,0
314840,0
314841,2
314842,2
314843,2
314844,2
314845,2
314846,0
314847,2
314848,2
314849,2
314850,2
314851,1
314852,0
314853,0
314854,2
314855,2
314856,2
314857,0
314858,0
314859,0
314860,2
314861,0
314862,2
314863,2
314864,0
314865,0
314866,0
314867,0
314868,2
314869,0
314870,0
314871,2
314872,2
314873,1
314874,0
314875,0
314876,1
314877,1
314878,2
314879,2
314880,2
314881,0
314882,2
314883,0
314884,1
314885,2
314886,0
314887,1
314888,0
314889,2
314890,2
314891,0
314892,0
314893,1
314894,0
314895,0
314896,2
314897,0
314898,0
314899,0
314900,1
314901,0
314902,2
314903,0
314904,0
314905,2
314906,0
314907,2
314908,0
314909,0
314910,0
314911,1
314912,0
314913,0
314914,1
314915,0
314916,2
314917,2
314918,2
314919,0
314920,0
314921,0
314922,0
314923,2
314924,0
314925,0
314926,0
314927,0
314928,0
314929,1
314930,2
314931,0
314932,2
314933,0
314934,2
314935,0
314936,0
314937,0
314938,2
314939,1
314940,1
314941,0
314942,1
314943,0
314944,0
314945,0
314946,0
314947,0
314948,2
314949,2
314950,0
314951,0
314952,2
314953,0
314954,0
314955,1
314956,2
314957,2
314958,1
314959,2
314960,2
314961,2
314962,1
314963,0
314964,1
314965,0
314966,2
314967,0
314968,2
314969,0
314970,0
314971,2
314972,0
314973,1
314974,1
314975,0
314976,0
314977,2
314978,0
314979,0
314980,0
314981,2
314982,0
314983,2
314984,2
314985,2
314986,2
314987,2
314988,2
314989,2
314990,1
314991,2
314992,2
314993,2
314994,2
314995,2
314996,0
314997,2
314998,0
314999,2
315000,1
315001,2
315002,2
315003,0
315004,2
315005,0
315006,1
315007,0
315008,1
315009,0
315010,2
315011,0
315012,1
315013,2
315014,2
315015,2
315016,0
315017,2
315018,0
315019,0
315020,1
315021,2
315022,0
315023,0
315024,1
315025,2
315026,2
315027,2
315028,2
315029,2
315030,2
315031,2
315032,0
315033,2
315034,0
315035,1
315036,2
315037,2
315038,0
315039,0
315040,0
315041,0
315042,0
315043,0
315044,2
315045,2
315046,0
315047,2
315048,2
315049,1
315050,0
315051,1
315052,0
315053,0
315054,2
315055,0
315056,2
315057,0
315058,0
315059,0
315060,0
315061,0
315062,2
315063,0
315064,0
315065,0
315066,0
315067,0
315068,2
315069,0
315070,0
315071,2
315072,1
315073,0
315074,0
315075,2
315076,0
315077,0
315078,2
315079,0
315080,1
315081,2
315082,2
315083,0
315084,0
315085,0
315086,2
315087,0
315088,0
315089,0
315091,0
315092,2
315093,2
315094,0
315095,0
315096,0
315097,0
315098,0
315099,0
315100,0
315101,2
315102,0
315103,0
315104,1
315105,0
315106,0
315107,1
315108,2
315109,0
315110,2
315111,0
315112,2
315113,0
315114,1
315115,0
315116,1
315117,2
315118,0
315119,2
315120,0
315121,2
315122,1
315123,0
315124,2
315125,2
315126,2
315127,1
315128,0
315129,0
315130,2
315132,2
315133,0
315134,1
315135,0
315136,2
315137,2
315138,0
315139,2
315140,2
315141,0
315142,2
315143,2
315144,2
315145,0
315146,0
315147,2
315148,0
315149,2
315150,1
315151,1
315152,0
315153,1
315154,0
315155,1
315156,0
315157,0
315158,0
315159,1
315160,0
315161,1
315162,1
315163,2
315164,2
315165,0
315166,0
315167,0
315168,0
315169,2
315170,0
315171,0
315172,0
315173,0
315174,1
315175,2
315176,2
315177,0
315178,0
315179,2
315180,2
315181,1
315182,2
315183,0
315184,0
315185,0
315187,0
315188,0
315189,1
315190,0
315191,1
315192,0
315193,0
315194,2
315195,0
315196,0
315197,0
315198,0
315199,2
315200,2
315201,2
315202,2
315203,0
315204,2
315205,2
315206,0
315207,0
315208,2
315209,2
315210,2
315211,0
315212,0
315213,0
315214,2
315215,0
315216,0
315217,0
315218,0
315219,1
315220,0
315221,0
315222,2
315223,1
315224,1
315225,0
315226,0
315227,2
315228,2
315229,2
315230,1
315231,2
315232,1
315233,2
315234,2
315235,2
315236,2
315237,1
315238,1
315239,2
315240,0
315241,0
315242,0
315243,2
315244,1
315245,0
315246,0
315247,2
315248,2
315249,1
315250,0
315251,2
315252,2
315253,0
315254,0
315255,2
315256,0
315257,0
315258,0
315259,1
315260,2
315261,2
315262,2
315263,1
315264,1
315265,2
315266,0
315267,2
315268,0
315269,1
315270,0
315271,2
315272,0
315273,2
315274,0
315275,0
315276,0
315277,0
315278,2
315279,0
315280,0
315281,2
315282,2
315283,0
315284,0
315285,0
315286,2
315287,0
315288,0
315289,1
315290,2
315291,1
315292,2
315293,0
315294,0
315295,0
315296,2
315298,0
315299,2
315300,1
315301,0
315302,0
315303,1
315304,2
315305,2
315306,2
315307,0
315308,0
315309,0
315310,2
315311,2
315312,0
315313,2
315314,2
315315,2
315316,2
315317,0
315318,1
315319,0
315320,2
315321,0
315322,2
315323,0
315324,2
315325,2
315326,0
315327,2
315328,0
315329,2
315330,2
315331,0
315332,0
315333,1
315334,2
315335,0
315336,0
315337,0
315338,1
315339,0
315340,2
315341,0
315342,0
315343,0
315344,0
315345,0
315346,0
315347,1
315348,2
315349,0
315350,0
315351,2
315352,2
315353,0
315354,1
315355,1
315356,2
315357,0
315358,2
315359,0
315360,0
315361,0
315362,0
315363,2
315364,0
315366,2
315367,2
315368,0
315369,1
315370,1
315371,0
315372,1
315373,2
315374,0
315375,0
315376,2
315377,0
315378,0
315379,1
315380,0
315381,0
315382,2
315383,1
315384,2
315385,0
315386,0
315387,2
315388,0
315389,0
315390,0
315392,0
315394,2
315395,0
315396,2
315397,0
315398,0
315399,2
315400,0
315401,0
315402,2
315403,1
315404,0
315405,2
315406,0
315407,0
315408,0
315409,1
315410,0
315411,2
315412,0
315413,1
315414,0
315415,2
315416,2
315417,0
315418,0
315419,0
315420,2
315421,2
315422,1
315423,1
315424,1
315425,2
315426,0
315427,0
315428,0
315429,2
315430,0
315431,2
315432,0
315433,1
315434,2
315435,0
315436,0
315437,1
315438,2
315439,2
315440,0
315441,1
315442,2
315443,0
315444,2
315445,1
315446,0
315447,0
315448,0
315449,0
315450,2
315451,0
315452,0
315453,2
315454,0
315455,0
315456,2
315457,0
315458,1
315459,1
315460,0
315461,1
315462,1
315463,0
315464,0
315465,0
315466,0
315467,0
315468,0
315469,2
315470,0
315471,2
315472,2
315473,2
315474,0
315475,2
315476,2
315477,0
315478,2
315479,2
315480,0
315481,0
315482,1
315483,0
315484,2
315485,1
315486,0
315487,0
315488,0
315489,0
315490,0
315491,2
315492,0
315493,0
315494,2
315495,1
315496,1
315497,2
315498,2
315499,1
315500,2
315501,2
315502,0
315503,2
315504,0
315505,0
315506,2
315507,2
315508,0
315509,2
315510,1
315511,0
315512,1
315513,2
315514,0
315515,0
315516,0
315517,2
315518,0
315519,0
315520,2
315521,0
315522,0
315523,2
315524,1
315525,2
315526,1
315527,0
315528,2
315529,2
315530,0
315531,0
315532,0
315533,0
315534,2
315535,0
315536,0
315537,2
315538,2
315539,0
315540,2
315541,1
315542,1
315543,0
315544,0
315545,2
315546,1
315547,2
315548,0
315549,1
315550,0
315551,2
315552,0
315553,0
315554,0
315555,0
315556,0
315557,0
315558,1
315559,0
315560,0
315561,1
315562,0
315563,0
315564,1
315565,0
315566,0
315567,0
315568,2
315569,2
315570,0
315571,2
315572,1
315573,0
315574,2
315575,2
315576,2
315577,0
315578,0
315579,2
315580,2
315581,2
315582,2
315583,0
315584,2
315585,1
315586,2
315587,0
315588,2
315589,0
315590,0
315591,1
315592,0
315593,2
315594,1
315595,0
315596,0
315597,0
315598,0
315599,2
315600,1
315601,2
315602,2
315603,2
315604,0
315605,0
315606,1
315607,0
315608,2
315609,2
315610,2
315611,0
315612,2
315613,2
315614,1
315615,2
315616,0
315617,1
315618,0
315619,2
315620,0
315621,2
315622,0
315623,2
315624,2
315625,0
315626,0
315627,2
315628,0
315629,0
315630,0
315631,0
315632,2
315633,0
315634,2
315635,2
315636,0
315637,1
315638,2
315639,1
315640,1
315641,2
315642,1
315643,0
315644,0
315645,1
315646,2
315647,0
315648,2
315649,0
315650,0
315651,0
315652,0
315653,0
315654,0
315655,1
315656,0
315657,0
315658,2
315659,2
315660,0
315661,0
315662,0
315663,2
315664,0
315665,0
315666,2
315667,2
315668,0
315669,2
315670,0
315671,0
315672,0
315673,1
315675,0
315676,2
315677,0
315678,2
315679,1
315680,2
315681,1
315682,1
315683,0
315684,0
315685,2
315686,0
315687,2
315688,0
315689,2
315690,0
315691,0
315692,2
315693,1
315694,0
315695,0
315696,0
315697,2
315698,1
315699,0
315700,1
315701,0
315702,2
315703,0
315704,0
315705,0
315706,0
315707,1
315708,2
315709,2
315710,0
315711,0
315712,0
315713,1
315714,2
315715,1
315716,0
315717,2
315718,1
315719,0
315720,0
315721,1
315722,2
315723,2
315724,2
315726,0
315727,0
315728,2
315729,0
315730,2
315731,0
315732,1
315733,0
315734,0
315735,2
315736,1
315737,0
315738,0
315739,0
315740,2
315741,2
315742,2
315743,0
315744,2
315745,0
315746,2
315747,0
315748,2
315749,1
315750,0
315751,0
315752,0
315753,0
315754,0
315755,0
315756,0
315757,2
315758,1
315759,2
315760,0
315761,2
315762,0
315763,2
315764,0
315765,0
315766,2
315767,2
315768,0
315769,0
315770,0
315771,2
315772,1
315773,0
315774,0
315775,0
315776,2
315777,0
315778,2
315779,0
315780,0
315781,0
315782,2
315783,0
315784,2
315785,1
315786,0
315787,1
315788,2
315790,0
315791,0
315792,1
315793,0
315794,0
315795,0
315796,2
315797,0
315798,0
315799,1
315800,2
315801,1
315802,1
315804,0
315805,2
315806,2
315807,1
315808,2
315809,0
315810,0
315811,0
315812,0
315814,0
315815,2
315816,2
315817,0
315818,1
315819,0
315820,1
315821,0
315822,2
315823,0
315824,0
315825,0
315826,1
315827,0
315828,0
315829,0
315830,2
315831,0
315832,0
315833,0
315834,2
315835,2
315836,2
315837,0
315838,2
315839,0
315840,2
315841,0
315842,1
315843,0
315844,0
315845,0
315846,2
315847,0
315848,0
315849,0
315850,0
315851,0
315852,0
315853,0
315854,0
315855,0
315856,0
315857,1
315858,0
315859,0
315860,0
315861,2
315862,1
315863,2
315864,2
315865,1
315866,0
315867,0
315868,0
315869,0
315870,0
315871,1
315872,2
315873,2
315874,1
315875,0
315876,0
315877,0
315878,2
315879,0
315880,0
315881,0
315882,0
315883,1
315884,0
315885,0
315887,0
315888,0
315889,0
315890,0
315891,1
315892,0
315893,2
315894,2
315895,2
315896,2
315897,0
315898,2
315899,2
315900,1
315901,1
315902,1
315903,1
315904,0
315905,0
315906,1
315907,0
315908,1
315909,0
315910,0
315911,0
315912,2
315913,2
315914,1
315915,2
315916,0
315918,0
315919,2
315920,1
315921,0
315922,2
315923,0
315924,0
315925,1
315926,0
315927,2
315928,0
315929,0
315930,2
315931,0
315932,0
315933,2
315934,0
315935,2
315936,2
315937,1
315938,1
315939,0
315940,0
315941,1
315942,1
315943,0
315944,0
315945,0
315946,1
315947,2
315948,2
315949,0
315950,0
315951,2
315952,0
315953,0
315954,2
315955,2
315956,2
315957,0
315958,0
315959,1
315960,0
315961,2
315962,2
315963,2
315965,2
315966,0
315967,0
315968,0
315969,0
315970,0
315971,0
315972,0
315973,0
315974,2
315975,2
315976,2
315977,0
315978,1
315980,1
315981,0
315982,0
315983,0
315984,2
315985,1
315986,1
315987,2
315988,2
315989,0
315990,0
315991,0
315992,0
315993,2
315994,0
315995,0
315996,2
315997,1
315998,0
315999,0
316000,2
316001,0
316002,0
316003,0
316004,0
316005,0
316006,0
316008,1
316009,0
316010,1
316011,0
316012,2
316013,1
316014,0
316015,0
316016,2
316017,1
316018,0
316019,0
316020,2
316021,2
316022,0
316023,1
316024,2
316025,1
316026,1
316027,0
316028,0
316029,2
316030,1
316031,0
316032,0
316033,0
316034,2
316036,0
316037,1
316038,2
316039,0
316040,2
316041,0
316042,2
316043,2
316044,0
316045,0
316046,0
316047,0
316048,0
316049,1
316050,2
316051,1
316052,0
316053,1
316054,0
316055,2
316056,0
316057,2
316058,0
316059,0
316060,2
316061,1
316062,0
316063,0
316064,0
316065,2
316066,2
316067,0
316068,0
316069,1
316070,0
316071,2
316072,2
316073,0
316074,0
316075,1
316076,1
316077,2
316078,0
316079,0
316080,1
316081,0
316082,2
316083,2
316084,0
316085,2
316086,1
316087,0
316088,0
316089,0
316090,0
316091,1
316092,1
316093,2
316096,0
316097,2
316098,2
316099,0
316100,1
316101,2
316102,2
316103,0
316104,1
316105,2
316106,2
316107,0
316108,1
316109,0
316110,2
316111,2
316112,1
316113,0
316114,2
316115,0
316116,1
316117,0
316118,0
316119,2
316120,2
316121,0
316122,0
316123,2
316124,2
316125,2
316126,2
316127,0
316128,0
316129,0
316130,2
316131,0
316132,2
316133,2
316134,2
316135,1
316136,1
316137,2
316138,1
316139,2
316140,0
316141,2
316142,0
316143,0
316144,0
316145,2
316146,0
316147,0
316149,2
316150,0
316151,0
316152,2
316153,2
316154,1
316155,1
316156,0
316157,0
316158,1
316159,0
316160,1
316161,0
316162,0
316163,2
316164,0
316165,1
316166,2
316167,1
316169,0
316170,2
316171,0
316172,2
316173,0
316174,0
316175,0
316176,0
316177,2
316178,0
316179,0
316180,0
316181,2
316182,0
316183,1
316184,1
316185,0
316186,0
316187,1
316188,0
316189,0
316190,2
316191,1
316192,0
316193,0
316194,2
316195,0
316196,1
316197,2
316198,2
316199,1
316200,0
316201,1
316202,0
316203,0
316204,2
316205,1
316206,0
316207,1
316208,0
316209,0
316210,0
316211,2
316212,0
316213,0
316214,0
316215,2
316216,0
316217,0
316218,1
316219,0
316220,2
316221,2
316222,0
316223,2
316224,2
316225,0
316226,2
316227,0
316228,0
316229,2
316230,0
316231,0
316232,1
316233,2
316234,2
316235,0
316236,2
316237,0
316238,1
316239,0
316240,0
316241,1
316242,0
316243,0
316244,2
316245,2
316246,0
316248,0
316249,2
316250,2
316251,2
316252,2
316253,0
316254,0
316255,1
316257,0
316258,1
316259,1
316260,0
316261,2
316262,1
316263,0
316264,0
316265,2
316266,0
316267,0
316268,2
316269,0
316270,0
316271,1
316272,2
316273,0
316274,2
316275,0
316276,0
316277,2
316278,0
316279,2
316280,2
316282,2
316283,2
316284,0
316285,2
316286,0
316287,0
316288,2
316289,1
316290,0
316291,2
316292,2
316293,1
316294,0
316295,2
316296,0
316297,0
316298,2
316299,0
316300,0
316301,0
316302,0
316303,2
316304,1
316305,0
316306,0
316307,0
316308,0
316309,2
316310,0
316311,2
316312,0
316313,2
316314,1
316315,2
316316,2
316317,2
316318,2
316319,0
316320,1
316321,2
316322,2
316323,0
316324,2
316325,2
316326,0
316327,0
316328,2
316329,0
316330,2
316331,0
316332,0
316333,2
316334,2
316335,1
316336,2
316337,0
316338,0
316339,0
316340,0
316341,1
316342,1
316343,1
316344,0
316345,2
316346,2
316347,0
316348,2
316349,0
316350,1
316351,0
316353,2
316354,2
316355,0
316356,0
316357,0
316358,0
316359,0
316360,1
316361,2
316362,0
316363,0
316364,1
316365,0
316366,0
316367,2
316368,2
316369,2
316370,2
316371,0
316372,2
316373,0
316374,2
316375,0
316376,2
316377,0
316378,0
316379,2
316380,2
316381,2
316382,2
316383,2
316384,2
316385,1
316386,0
316387,0
316388,0
316389,2
316390,0
316391,0
316392,0
316393,0
316395,1
316396,0
316397,0
316398,2
316399,2
316400,0
316401,0
316402,2
316403,0
316404,0
316405,0
316406,0
316407,2
316408,2
316409,0
316410,0
316411,0
316412,0
316413,0
316414,1
316415,2
316416,2
316417,1
316418,0
316419,0
316420,0
316421,0
316422,0
316423,2
316424,1
316425,2
316426,1
316427,1
316428,2
316429,0
316430,2
316431,0
316432,2
316433,2
316434,0
316435,0
316436,2
316437,0
316438,1
316439,1
316440,2
316441,0
316442,0
316443,2
316444,0
316445,2
316446,0
316447,0
316448,1
316449,0
316450,0
316451,1
316452,0
316453,2
316454,0
316455,2
316456,2
316457,2
316458,0
316459,0
316460,2
316461,2
316462,2
316463,2
316464,1
316465,2
316466,2
316467,1
316468,0
316469,0
316470,0
316471,0
316472,2
316473,0
316474,2
316475,2
316476,2
316477,0
316478,0
316479,1
316480,2
316481,2
316482,2
316483,0
316484,0
316485,0
316486,0
316487,0
316488,0
316489,0
316490,2
316491,2
316492,1
316493,1
316494,0
316495,0
316496,2
316497,0
316498,0
316499,2
316500,2
316501,0
316502,2
316503,1
316504,1
316505,0
316506,0
316507,0
316508,0
316509,1
316510,2
316511,2
316512,0
316513,2
316514,1
316515,0
316516,2
316517,2
316518,0
316519,2
316520,0
316521,1
316522,0
316523,2
316524,1
316525,2
316526,0
316527,0
316528,0
316529,2
316530,1
316531,2
316532,0
316533,2
316534,2
316535,0
316536,2
316537,0
316538,1
316539,2
316540,2
316541,0
316542,2
316543,2
316544,2
316545,0
316546,0
316547,1
316548,0
316549,2
316550,0
316551,0
316552,0
316553,2
316554,2
316555,1
316556,0
316557,0
316558,2
316559,1
316560,0
316561,2
316562,0
316563,1
316564,2
316565,0
316566,2
316567,2
316568,2
316569,0
316570,2
316571,2
316572,0
316573,1
316574,2
316575,0
316576,2
316577,2
316578,0
316579,0
316580,2
316581,0
316582,2
316583,0
316584,2
316585,2
316586,0
316587,2
316588,2
316589,2
316590,0
316591,0
316592,0
316593,0
316594,2
316595,2
316596,0
316597,1
316598,2
316599,1
316600,1
316601,1
316602,2
316603,1
316604,0
316605,2
316606,0
316607,0
316608,0
316609,0
316610,1
316611,2
316612,0
316613,0
316614,2
316615,0
316616,1
316617,2
316618,2
316619,2
316620,0
316621,1
316622,0
316623,2
316624,0
316625,1
316626,2
316627,0
316628,0
316629,2
316630,1
316631,0
316632,0
316633,0
316634,2
316635,1
316636,1
316637,1
316638,0
316639,0
316640,0
316641,1
316642,0
316643,2
316644,0
316645,0
316646,2
316647,0
316648,0
316649,0
316650,1
316651,1
316652,1
316653,0
316654,0
316656,1
316657,2
316658,2
316659,2
316660,2
316661,2
316662,0
316663,0
316664,0
316665,1
316666,2
316667,2
316668,0
316669,0
316670,0
316671,2
316672,0
316673,2
316674,0
316675,2
316676,2
316677,2
316678,0
316679,1
316680,1
316681,0
316682,0
316683,0
316684,0
316685,1
316686,0
316687,0
316688,1
316689,2
316690,2
316691,0
316692,0
316693,1
316694,0
316695,2
316696,0
316697,0
316698,0
316699,2
316700,0
316701,0
316702,0
316703,2
316704,2
316705,1
316706,0
316707,0
316708,1
316709,0
316710,0
316711,2
316712,2
316713,2
316714,0
316715,1
316716,2
316717,2
316718,2
316719,0
316720,2
316721,0
316722,2
316723,0
316724,0
316725,2
316726,0
316727,0
316728,2
316729,2
316730,1
316731,2
316732,2
316733,2
316734,1
316736,2
316737,2
316738,1
316739,2
316740,2
316741,1
316742,2
316743,0
316744,1
316745,2
316746,0
316747,2
316748,2
316749,0
316750,0
316751,2
316752,0
316753,1
316754,1
316755,0
316756,1
316757,1
316758,1
316759,0
316760,0
316761,0
316762,2
316763,0
316764,1
316765,0
316766,2
316768,2
316769,2
316770,0
316771,2
316772,2
316773,1
316774,2
316775,0
316776,0
316777,1
316778,2
316779,2
316780,2
316781,0
316782,2
316783,2
316784,0
316785,0
316786,2
316787,2
316788,0
316789,2
316790,0
316791,0
316792,0
316793,0
316794,2
316795,1
316796,0
316797,0
316798,2
316799,2
316800,0
316801,0
316802,0
316803,0
316804,2
316805,2
316806,2
316807,0
316808,2
316809,1
316810,0
316811,1
316812,1
316813,0
316814,0
316815,2
316816,0
316817,0
316818,0
316819,2
316820,0
316821,1
316822,0
316823,0
316824,2
316825,0
316826,2
316827,1
316828,0
316829,2
316830,1
316831,2
316832,0
316833,1
316834,0
316835,1
316836,0
316837,0
316838,2
316839,0
316840,2
316841,0
316842,2
316843,1
316844,2
316845,0
316846,2
316847,1
316848,2
316849,1
316850,2
316851,0
316852,0
316853,2
316854,2
316855,0
316856,0
316857,2
316858,2
316859,2
316860,0
316861,0
316862,2
316863,2
316864,1
316865,0
316866,2
316867,0
316868,1
316869,0
316870,0
316871,2
316872,0
316873,2
316874,2
316875,0
316876,2
316877,2
316878,0
316879,2
316880,2
316881,2
316882,0
316883,2
316884,0
316885,2
316886,2
316887,0
316888,0
316889,0
316890,1
316891,0
316892,1
316893,1
316894,0
316895,2
316896,0
316897,0
316898,2
316899,1
316900,1
316901,2
316902,0
316903,0
316904,1
316905,2
316906,2
316907,2
316908,1
316909,1
316910,0
316911,2
316912,1
316913,1
316914,2
316915,2
316916,0
316917,2
316918,0
316919,0
316920,0
316921,0
316922,2
316923,0
316924,1
316925,2
316926,1
316927,0
316928,0
316929,0
316930,1
316931,0
316932,2
316933,2
316934,2
316935,0
316936,2
316937,0
316938,1
316939,1
316940,0
316941,0
316942,1
316943,2
316944,0
316945,2
316946,1
316947,2
316948,1
316949,2
316950,0
316951,2
316952,0
316953,0
316954,0
316955,2
316956,0
316957,1
316958,0
316959,1
316960,2
316961,2
316962,0
316963,1
316965,0
316966,0
316967,0
316968,0
316969,0
316970,0
316971,1
316972,0
316973,2
316974,2
316975,1
316976,2
316977,2
316978,2
316979,2
316980,0
316981,0
316982,0
316983,0
316984,2
316985,0
316986,2
316987,0
316988,0
316989,0
316990,2
316991,2
316992,0
316993,0
316994,1
316995,0
316996,0
316997,0
316998,2
316999,2
317000,1
317001,2
317002,2
317004,1
317005,1
317006,0
317007,0
317008,0
317009,0
317010,0
317011,1
317012,2
317013,0
317014,0
317015,2
317016,2
317017,0
317018,0
317019,2
317020,2
317021,0
317022,1
317023,2
317024,2
317025,0
317026,0
317027,2
317028,2
317029,2
317030,0
317031,1
317032,1
317033,2
317034,1
317035,0
317036,2
317037,1
317038,2
317039,0
317040,2
317041,0
317042,0
317043,2
317044,0
317045,1
317046,1
317047,0
317048,0
317050,2
317051,2
317052,2
317053,0
317054,0
317055,0
317056,0
317057,2
317058,1
317059,2
317060,0
317061,0
317062,0
317063,2
317064,0
317065,0
317066,2
317067,2
317068,0
317069,2
317070,2
317071,0
317072,2
317073,1
317074,1
317075,0
317076,2
317077,0
317078,2
317079,0
317080,2
317081,2
317082,0
317083,0
317084,0
317085,2
317086,0
317087,2
317088,2
317089,1
317090,2
317091,0
317092,0
317093,0
317094,2
317095,1
317096,0
317097,0
317098,0
317099,0
317100,1
317101,1
317102,1
317103,0
317104,0
317105,0
317106,1
317107,2
317108,0
317109,0
317110,2
317111,0
317112,0
317113,0
317114,1
317115,0
317116,0
317117,0
317118,0
317119,0
317120,2
317121,0
317122,2
317123,2
317124,1
317125,2
317126,1
317127,2
317128,0
317129,2
317130,2
317131,1
317132,0
317133,1
317134,2
317135,2
317136,2
317137,1
317138,2
317139,2
317140,2
317141,0
317142,2
317143,2
317144,0
317145,0
317146,0
317147,1
317148,0
317149,0
317150,2
317151,2
317152,1
317153,2
317154,0
317155,0
317156,0
317157,2
317158,1
317159,0
317160,2
317161,0
317162,0
317163,0
317164,0
317165,1
317166,2
317167,0
317168,2
317169,1
317170,2
317171,0
317172,2
317173,2
317174,0
317175,2
317176,0
317177,2
317179,0
317180,0
317181,2
317182,0
317183,0
317184,2
317185,0
317186,0
317187,0
317188,1
317189,2
317190,0
317191,1
317192,2
317193,1
317194,2
317195,0
317196,0
317197,1
317198,2
317199,0
317200,2
317201,0
317202,2
317203,0
317204,0
317205,2
317206,0
317207,2
317208,1
317209,2
317210,0
317211,0
317212,1
317213,0
317214,0
317215,0
317216,2
317217,2
317218,2
317219,1
317220,0
317221,2
317222,0
317223,0
317224,0
317225,0
317226,0
317227,0
317228,0
317229,1
317230,0
317231,0
317232,0
317233,2
317234,1
317235,2
317236,1
317237,1
317238,0
317239,0
317240,0
317241,2
317242,2
317243,1
317244,2
317245,0
317246,0
317247,0
317248,0
317249,0
317250,2
317251,1
317252,2
317253,2
317254,0
317255,1
317256,0
317257,2
317258,0
317259,2
317260,0
317261,1
317262,2
317263,2
317264,0
317265,2
317266,0
317267,0
317268,2
317269,0
317270,2
317271,0
317272,0
317273,2
317274,2
317275,0
317276,0
317277,2
317278,0
317279,0
317280,2
317281,2
317282,0
317283,0
317284,2
317285,2
317286,0
317287,2
317288,0
317289,0
317290,2
317291,0
317292,0
317293,2
317294,0
317295,2
317296,2
317298,0
317299,0
317300,1
317301,2
317303,2
317304,2
317305,2
317306,1
317307,2
317308,0
317309,0
317310,2
317311,2
317312,2
317313,2
317314,2
317315,0
317316,0
317317,0
317318,0
317319,0
317320,0
317321,1
317322,0
317323,2
317324,2
317325,2
317326,0
317327,2
317328,2
317329,0
317330,0
317331,0
317332,1
317333,0
317334,0
317335,0
317336,0
317337,0
317338,0
317339,2
317340,2
317341,0
317342,1
317343,0
317344,0
317345,1
317346,1
317347,1
317348,2
317349,0
317350,2
317351,0
317352,0
317353,1
317354,1
317355,1
317356,0
317357,1
317358,1
317359,1
317360,0
317361,0
317362,2
317363,0
317364,2
317365,2
317366,0
317367,1
317368,1
317369,2
317370,1
317371,2
317372,0
317373,2
317374,2
317375,2
317376,0
317377,2
317378,0
317380,0
317381,2
317382,2
317383,2
317384,2
317385,2
317386,0
317387,1
317388,2
317389,2
317390,1
317391,2
317392,0
317393,0
317394,2
317395,2
317396,1
317397,1
317398,2
317399,0
317400,0
317401,2
317402,1
317403,0
317405,0
317406,0
317407,0
317408,0
317409,2
317410,0
317411,2
317412,2
317413,0
317414,1
317415,0
317416,0
317417,2
317419,2
317420,1
317421,0
317422,1
317423,2
317424,0
317425,2
317426,0
317427,2
317428,2
317429,0
317430,1
317431,1
317432,1
317433,0
317434,0
317435,0
317436,0
317437,2
317438,0
317439,0
317440,0
317441,1
317442,0
317443,2
317444,0
317445,0
317446,0
317447,0
317448,2
317449,2
317450,2
317451,2
317452,1
317453,0
317454,0
317455,2
317456,1
317457,0
317458,2
317459,0
317460,2
317461,2
317462,0
317463,2
317464,0
317465,0
317466,1
317467,0
317468,1
317469,0
317470,0
317471,0
317472,0
317473,0
317474,1
317475,2
317476,0
317477,0
317478,1
317479,2
317480,2
317481,2
317482,1
317483,2
317484,0
317485,2
317486,0
317487,0
317488,2
317489,0
317490,2
317491,0
317492,1
317493,0
317494,2
317495,1
317496,0
317497,2
317498,2
317499,0
317500,0
317501,0
317502,2
317503,0
317504,0
317505,1
317506,2
317507,0
317508,0
317509,2
317510,0
317511,0
317512,2
317513,0
317514,2
317515,1
317516,0
317517,0
317518,0
317519,0
317520,2
317521,0
317522,2
317523,0
317524,1
317525,2
317526,0
317527,0
317528,2
317529,2
317530,2
317531,2
317532,2
317533,1
317534,0
317535,2
317536,0
317537,0
317538,1
317539,2
317540,0
317541,1
317542,2
317543,0
317544,2
317545,0
317546,0
317547,2
317548,0
317549,2
317550,0
317551,2
317552,0
317553,0
317554,2
317555,2
317556,1
317557,0
317558,2
317559,1
317560,0
317561,2
317562,0
317563,0
317564,2
317565,2
317566,1
317567,0
317568,0
317569,1
317570,0
317571,2
317573,0
317574,0
317575,2
317576,2
317577,1
317578,1
317579,0
317580,1
317581,0
317582,0
317583,1
317584,2
317585,1
317586,0
317587,0
317588,2
317590,0
317591,0
317592,2
317593,0
317594,0
317595,2
317596,0
317597,1
317598,0
317599,1
317600,2
317601,0
317602,0
317603,0
317605,2
317606,1
317607,2
317608,1
317609,2
317610,0
317611,0
317612,0
317613,2
317614,2
317615,2
317616,2
317617,1
317618,0
317619,1
317620,2
317621,0
317622,0
317623,2
317624,0
317625,0
317626,0
317627,0
317628,0
317629,0
317630,2
317631,0
317632,2
317633,0
317634,2
317635,0
317636,2
317637,0
317638,0
317639,1
317640,1
317641,2
317642,0
317643,1
317644,0
317645,0
317646,0
317647,0
317648,0
317649,0
317650,2
317651,0
317652,2
317653,0
317654,0
317655,1
317656,0
317657,0
317658,0
317659,0
317660,0
317661,0
317662,0
317663,0
317664,2
317665,0
317666,1
317667,2
317668,2
317669,2
317670,0
317671,2
317672,2
317673,0
317674,2
317675,2
317676,2
317677,2
317678,1
317679,0
317680,0
317681,0
317682,1
317683,0
317684,0
317685,0
317686,2
317687,0
317688,0
317689,0
317690,2
317691,2
317692,1
317693,2
317694,0
317695,0
317696,2
317697,0
317698,2
317699,2
317700,0
317701,1
317702,0
317703,0
317704,0
317705,2
317706,2
317707,0
317708,0
317709,0
317710,2
317711,0
317712,2
317713,0
317714,0
317715,0
317716,0
317717,0
317718,1
317719,0
317720,2
317721,1
317722,2
317723,2
317724,2
317725,0
317728,0
317729,0
317730,2
317731,2
317732,0
317733,0
317734,2
317735,0
317736,2
317737,2
317738,1
317739,0
317740,0
317741,2
317742,2
317743,0
317744,0
317745,2
317746,2
317747,2
317748,2
317749,0
317750,0
317751,0
317752,2
317753,0
317754,0
317755,2
317756,0
317758,2
317759,2
317760,0
317761,0
317762,0
317763,2
317764,2
317765,0
317766,0
317767,2
317768,1
317769,0
317770,0
317771,0
317772,0
317773,1
317774,0
317775,0
317776,0
317777,2
317778,0
317779,2
317780,0
317781,1
317782,0
317783,1
317784,2
317785,0
317786,0
317787,0
317788,2
317789,0
317790,0
317791,2
317792,0
317793,1
317794,2
317795,0
317796,2
317797,0
317798,0
317799,0
317800,0
317801,2
317802,0
317803,2
317805,2
317806,0
317807,1
317808,1
317809,0
317810,1
317811,2
317812,2
317813,0
317814,2
317815,0
317816,2
317817,2
317818,1
317819,2
317820,1
317821,0
317822,0
317823,2
317824,0
317825,0
317826,0
317827,2
317828,0
317829,2
317830,1
317831,1
317832,2
317833,1
317834,2
317835,2
317836,2
317837,0
317838,2
317839,0
317840,0
317841,0
317842,0
317843,0
317844,0
317845,2
317846,2
317847,1
317848,2
317849,1
317850,2
317851,0
317852,0
317853,0
317854,2
317855,0
317856,0
317857,0
317858,2
317859,2
317860,0
317861,0
317862,0
317863,0
317864,1
317865,0
317866,2
317867,0
317868,0
317869,2
317870,0
317871,0
317872,1
317873,1
317874,0
317875,0
317876,0
317877,1
317878,2
317879,0
317880,2
317881,0
317882,2
317883,2
317884,0
317885,1
317886,2
317888,2
317889,0
317890,1
317891,1
317892,0
317893,0
317894,0
317895,2
317896,0
317897,2
317898,2
317899,0
317900,0
317901,2
317902,0
317903,2
317904,2
317905,2
317906,0
317907,0
317908,2
317909,0
317910,0
317911,2
317912,0
317913,0
317914,2
317915,2
317916,1
317917,0
317918,2
317919,2
317920,2
317921,0
317922,0
317923,1
317924,2
317925,0
317926,2
317927,0
317928,0
317929,0
317930,0
317931,0
317932,0
317933,0
317934,0
317935,2
317936,0
317937,2
317938,0
317939,2
317940,0
317941,2
317942,1
317943,0
317944,0
317945,0
317946,0
317947,0
317948,2
317949,1
317950,0
317951,0
317952,1
317953,2
317954,0
317955,0
317956,2
317957,2
317958,0
317959,0
317960,0
317961,0
317962,0
317963,2
317964,0
317965,2
317966,1
317967,1
317968,0
317970,0
317971,1
317972,2
317973,2
317974,2
317975,0
317976,0
317977,1
317978,2
317979,2
317980,2
317981,0
317982,0
317983,0
317984,1
317985,2
317986,1
317987,1
317988,0
317989,0
317990,2
317991,0
317992,0
317993,0
317994,2
317995,2
317996,2
317997,0
317998,1
317999,1
318000,0
318001,2
318002,0
318003,2
318004,0
318005,0
318006,0
318007,1
318008,0
318009,1
318010,2
318011,0
318012,2
318013,2
318014,2
318015,1
318016,2
318017,2
318018,0
318019,0
318020,2
318021,2
318022,0
318023,1
318024,2
318025,0
318026,0
318027,1
318028,2
318029,1
318030,2
318031,2
318032,0
318033,0
318034,0
318035,2
318036,1
318037,0
318038,2
318039,2
318040,0
318041,0
318042,1
318043,0
318044,1
318045,0
318046,0
318047,1
318049,0
318050,0
318051,0
318052,2
318053,2
318054,0
318055,1
318056,2
318057,0
318058,0
318059,0
318060,0
318061,0
318062,0
318063,1
318064,2
318065,0
318066,2
318067,0
318068,0
318069,0
318070,2
318071,0
318072,0
318073,2
318074,0
318075,0
318076,1
318077,2
318078,0
318079,0
318080,0
318081,0
318082,2
318083,0
318085,2
318087,2
318089,2
318090,0
318091,2
318092,2
318093,2
318094,2
318095,0
318096,0
318097,0
318098,2
318099,1
318100,2
318101,0
318102,0
318103,1
318104,2
318105,2
318106,0
318107,0
318108,0
318109,2
318110,2
318111,0
318112,0
318113,1
318114,1
318115,0
318116,0
318117,0
318118,0
318119,1
318120,2
318121,0
318122,2
318123,0
318124,0
318125,0
318126,0
318127,0
318128,0
318129,0
318130,0
318131,0
318132,2
318133,2
318134,0
318135,2
318136,0
318137,1
318138,2
318139,0
318140,2
318141,2
318142,1
318143,1
318144,0
318145,2
318146,0
318147,2
318148,0
318149,1
318150,0
318151,1
318152,0
318153,0
318154,2
318155,0
318156,0
318157,0
318158,2
318159,0
318160,0
318161,2
318162,0
318163,0
318164,1
318165,0
318166,0
318167,0
318168,0
318169,2
318170,1
318171,2
318172,0
318173,0
318174,2
318175,0
318176,2
318177,2
318178,1
318179,0
318180,2
318181,0
318182,1
318183,2
318184,0
318185,1
318186,0
318187,0
318188,2
318189,1
318190,0
318191,0
318192,0
318193,1
318194,1
318195,2
318196,1
318197,2
318198,2
318199,0
318200,0
318201,2
318202,0
318203,0
318204,0
318205,0
318206,1
318207,1
318208,1
318209,2
318210,1
318211,2
318212,0
318213,2
318214,2
318215,2
318216,2
318218,1
318219,0
318220,2
318221,0
318223,2
318224,0
318225,2
318226,2
318227,1
318228,0
318229,1
318230,0
318231,0
318232,1
318233,0
318234,1
318235,2
318236,0
318237,0
318238,2
318239,1
318240,0
318241,2
318242,0
318243,2
318244,1
318245,1
318246,2
318247,2
318248,2
318249,0
318250,2
318251,0
318252,0
318253,0
318254,1
318255,0
318256,2
318257,2
318258,0
318259,0
318260,1
318261,2
318262,2
318263,2
318264,2
318265,2
318266,0
318267,2
318268,1
318269,0
318270,0
318271,2
318272,0
318273,2
318274,2
318275,0
318276,0
318277,0
318278,0
318279,0
318280,2
318281,2
318282,0
318283,1
318284,0
318285,0
318286,0
318287,0
318288,0
318289,1
318290,0
318291,1
318292,1
318293,1
318294,0
318295,0
318296,2
318297,0
318298,0
318299,2
318300,0
318301,0
318302,2
318303,2
318305,1
318306,0
318307,1
318308,0
318309,0
318310,0
318311,1
318312,2
318314,0
318315,2
318316,1
318317,1
318318,0
318319,2
318320,0
318321,2
318322,0
318323,0
318324,2
318325,2
318326,0
318327,0
318328,2
318329,0
318330,0
318331,0
318332,0
318333,1
318334,1
318335,2
318336,1
318337,0
318338,0
318339,2
318340,0
318341,0
318342,0
318343,0
318344,0
318345,2
318346,0
318347,2
318348,0
318349,0
318350,0
318351,1
318352,0
318353,0
318354,1
318355,0
318356,0
318357,2
318358,0
318359,0
318360,0
318361,0
318362,2
318363,1
318364,0
318365,0
318366,0
318367,1
318368,0
318369,2
318370,2
318371,2
318372,0
318373,0
318374,1
318375,2
318376,1
318377,0
318378,0
318379,0
318380,0
318381,1
318382,1
318383,1
318384,2
318385,0
318386,0
318387,2
318388,0
318389,0
318390,2
318391,1
318392,0
318393,1
318394,0
318395,0
318396,0
318397,0
318398,0
318399,0
318400,2
318401,0
318402,1
318403,0
318404,2
318405,2
318406,2
318407,1
318408,2
318409,0
318410,1
318411,0
318412,0
318413,2
318414,2
318415,2
318416,0
318417,0
318418,2
318419,0
318420,0
318421,2
318422,0
318423,0
318424,2
318425,2
318426,0
318427,2
318429,2
318430,2
318431,0
318432,0
318433,2
318434,1
318435,0
318436,2
318437,0
