case_id,Class
300000,0
300001,1
300002,2
300003,0
300004,1
300005,2
300006,0
300007,1
300008,2
300009,0
300010,1
300011,2
300013,0
300014,1
300015,2
300016,0
300017,1
300018,2
300019,0
300020,1
300021,2
300022,0
300023,1
300024,2
300025,0
300026,1
300027,2
300028,0
300029,1
300030,2
300031,0
300032,1
300033,2
300034,0
300035,1
300036,2
300037,0
300038,1
300039,2
300040,0
300041,1
300042,2
300043,0
300044,1
300045,2
300046,0
300047,1
300048,2
300049,0
300050,1
300051,2
300052,0
300053,1
300054,2
300055,0
300056,1
300057,2
300058,0
300059,1
300060,2
300061,0
300062,1
300063,2
300064,0
300065,1
300066,2
300067,0
300068,1
300069,2
300070,0
300071,1
300072,2
300073,0
300074,1
300075,2
300076,0
300077,1
300078,2
300079,0
300080,1
300081,2
300082,0
300083,1
300084,2
300085,0
300087,1
300088,2
300089,0
300090,1
300091,2
300092,0
300093,1
300094,2
300095,0
300096,1
300097,2
300098,0
300099,1
300100,2
300101,0
300102,1
300103,2
300104,0
300105,1
300106,2
300107,0
300108,1
300109,2
300110,0
300111,1
300112,2
300113,0
300114,1
300115,2
300116,0
300117,1
300118,2
300119,0
300120,1
300121,2
300122,0
300123,1
300124,2
300125,0
300126,1
300127,2
300128,0
300129,1
300130,2
300131,0
300132,1
300133,2
300134,0
300135,1
300136,2
300137,0
300138,1
300139,2
300140,0
300141,1
300142,2
300143,0
300144,1
300145,2
300146,0
300147,1
300148,2
300149,0
300150,1
300151,2
300152,0
300153,1
300154,2
300155,0
300156,1
300157,2
300158,0
300159,1
300160,2
300161,0
300162,1
300163,2
300164,0
300165,1
300166,2
300167,0
300168,1
300169,2
300170,0
300171,1
300172,2
300173,0
300174,1
300175,2
300176,0
300177,1
300178,2
300179,0
300180,1
300181,2
300182,0
300183,1
300184,2
300185,0
300186,1
300187,2
300188,0
300189,1
300190,2
300191,0
300192,1
300193,2
300194,0
300196,1
300197,2
300198,0
300199,1
300200,2
300201,0
300203,1
300204,2
300205,0
300206,1
300207,2
300208,0
300209,1
300210,2
300211,0
300212,1
300213,2
300214,0
300215,1
300216,2
300217,0
300218,1
300219,2
300220,0
300221,1
300222,2
300223,0
300224,1
300225,2
300226,0
300227,1
300228,2
300229,0
300230,1
300231,2
300232,0
300233,1
300234,2
300235,0
300236,1
300237,2
300238,0
300239,1
300240,2
300241,0
300242,1
300243,2
300244,0
300245,1
300246,2
300247,0
300248,1
300249,2
300250,0
300251,1
300253,2
300254,0
300255,1
300256,2
300257,0
300258,1
300259,2
300260,0
300261,1
300262,2
300263,0
300264,1
300265,2
300266,0
300267,1
300268,2
300269,0
300270,1
300271,2
300272,0
300273,1
300274,2
300275,0
300277,1
300278,2
300279,0
300280,1
300281,2
300282,0
300283,1
300284,2
300285,0
300286,1
300287,2
300288,0
300289,1
300290,2
300291,0
300292,1
300293,2
300294,0
300295,1
300296,2
300297,0
300298,1
300299,2
300300,0
300301,1
300302,2
300303,0
300304,1
300305,2
300306,0
300307,1
300308,2
300309,0
300311,1
300312,2
300313,0
300314,1
300315,2
300316,0
300317,1
300318,2
300319,0
300320,1
300321,2
300322,0
300323,1
300324,2
300325,0
300326,1
300327,2
300328,0
300329,1
300330,2
300331,0
300332,1
300333,2
300334,0
300335,1
300336,2
300337,0
300338,1
300339,2
300340,0
300341,1
300342,2
300343,0
300344,1
300345,2
300346,0
300347,1
300348,2
300349,0
300350,1
300351,2
300352,0
300353,1
300354,2
300355,0
300356,1
300357,2
300358,0
300359,1
300360,2
300361,0
300362,1
300363,2
300364,0
300365,1
300366,2
300367,0
300368,1
300369,2
300370,0
300371,1
300372,2
300373,0
300374,1
300375,2
300376,0
300377,1
300378,2
300379,0
300380,1
300381,2
300382,0
300383,1
300384,2
300385,0
300386,1
300387,2
300388,0
300389,1
300390,2
300391,0
300392,1
300393,2
300395,0
300396,1
300397,2
300398,0
300399,1
300400,2
300401,0
300402,1
300403,2
300404,0
300405,1
300406,2
300407,0
300408,1
300409,2
300410,0
300411,1
300412,2
300413,0
300414,1
300415,2
300416,0
300417,1
300418,2
300419,0
300420,1
300421,2
300422,0
300423,1
300424,2
300425,0
300426,1
300427,2
300428,0
300429,1
300430,2
300431,0
300432,1
300433,2
300434,0
300435,1
300436,2
300437,0
300438,1
300439,2
300440,0
300441,1
300442,2
300443,0
300444,1
300445,2
300446,0
300447,1
300448,2
300449,0
300450,1
300451,2
300452,0
300453,1
300454,2
300455,0
300456,1
300457,2
300458,0
300459,1
300460,2
300461,0
300462,1
300463,2
300464,0
300465,1
300466,2
300467,0
300468,1
300469,2
300470,0
300471,1
300472,2
300473,0
300474,1
300475,2
300476,0
300477,1
300478,2
300479,0
300480,1
300481,2
300482,0
300483,1
300484,2
300485,0
300486,1
300487,2
300488,0
300489,1
300490,2
300491,0
300492,1
300493,2
300494,0
300495,1
300496,2
300497,0
300498,1
300499,2
300500,0
300501,1
300502,2
300503,0
300504,1
300505,2
300506,0
300507,1
300508,2
300509,0
300510,1
300511,2
300512,0
300513,1
300514,2
300515,0
300516,1
300517,2
300518,0
300519,1
300520,2
300521,0
300522,1
300523,2
300524,0
300525,1
300526,2
300527,0
300528,1
300529,2
300530,0
300531,1
300532,2
300533,0
300534,1
300535,2
300536,0
300537,1
300538,2
300539,0
300540,1
300541,2
300542,0
300543,1
300544,2
300545,0
300546,1
300547,2
300548,0
300549,1
300550,2
300551,0
300552,1
300553,2
300554,0
300555,1
300556,2
300557,0
300558,1
300559,2
300560,0
300561,1
300562,2
300563,0
300564,1
300565,2
300566,0
300567,1
300568,2
300569,0
300570,1
300571,2
300572,0
300573,1
300574,2
300575,0
300576,1
300577,2
300578,0
300579,1
300580,2
300581,0
300582,1
300583,2
300584,0
300585,1
300586,2
300587,0
300589,1
300590,2
300591,0
300592,1
300593,2
300594,0
300595,1
300596,2
300597,0
300598,1
300599,2
300600,0
300601,1
300602,2
300603,0
300604,1
300606,2
300607,0
300608,1
300609,2
300610,0
300611,1
300612,2
300613,0
300614,1
300615,2
300616,0
300617,1
300618,2
300619,0
300620,1
300621,2
300622,0
300623,1
300624,2
300625,0
300627,1
300628,2
300629,0
300630,1
300631,2
300632,0
300633,1
300634,2
300635,0
300636,1
300637,2
300638,0
300639,1
300640,2
300641,0
300642,1
300643,2
300644,0
300645,1
300646,2
300647,0
300648,1
300649,2
300650,0
300651,1
300652,2
300654,0
300655,1
300656,2
300657,0
300658,1
300659,2
300660,0
300661,1
300662,2
300663,0
300664,1
300665,2
300666,0
300667,1
300668,2
300669,0
300670,1
300671,2
300672,0
300673,1
300674,2
300675,0
300676,1
300677,2
300678,0
300679,1
300680,2
300681,0
300682,1
300683,2
300684,0
300685,1
300686,2
300687,0
300688,1
300689,2
300690,0
300691,1
300692,2
300693,0
300694,1
300695,2
300696,0
300697,1
300698,2
300699,0
300700,1
300701,2
300702,0
300703,1
300704,2
300705,0
300706,1
300708,2
300709,0
300710,1
300711,2
300712,0
300713,1
300714,2
300715,0
300716,1
300717,2
300718,0
300719,1
300720,2
300721,0
300722,1
300723,2
300724,0
300725,1
300726,2
300727,0
300728,1
300729,2
300730,0
300731,1
300732,2
300733,0
300734,1
300735,2
300736,0
300737,1
300739,2
300740,0
300741,1
300742,2
300743,0
300744,1
300745,2
300746,0
300747,1
300748,2
300749,0
300750,1
300751,2
300752,0
300753,1
300754,2
300755,0
300756,1
300757,2
300758,0
300759,1
300760,2
300761,0
300762,1
300763,2
300764,0
300765,1
300766,2
300767,0
300768,1
300769,2
300770,0
300771,1
300772,2
300773,0
300774,1
300775,2
300776,0
300777,1
300778,2
300779,0
300780,1
300781,2
300782,0
300783,1
300784,2
300785,0
300786,1
300787,2
300788,0
300789,1
300790,2
300791,0
300792,1
300793,2
300794,0
300795,1
300796,2
300797,0
300798,1
300799,2
300800,0
300801,1
300802,2
300803,0
300804,1
300805,2
300806,0
300807,1
300808,2
300809,0
300810,1
300811,2
300812,0
300813,1
300814,2
300815,0
300816,1
300817,2
300818,0
300819,1
300820,2
300821,0
300822,1
300823,2
300824,0
300825,1
300826,2
300827,0
300828,1
300829,2
300830,0
300831,1
300832,2
300833,0
300834,1
300835,2
300836,0
300837,1
300838,2
300839,0
300840,1
300841,2
300842,0
300843,1
300844,2
300845,0
300846,1
300847,2
300848,0
300849,1
300850,2
300851,0
300852,1
300853,2
300854,0
300855,1
300856,2
300857,0
300858,1
300859,2
300860,0
300861,1
300862,2
300863,0
300864,1
300865,2
300866,0
300867,1
300868,2
300869,0
300870,1
300871,2
300872,0
300873,1
300874,2
300875,0
300876,1
300877,2
300878,0
300880,1
300881,2
300882,0
300883,1
300884,2
300885,0
300886,1
300887,2
300888,0
300889,1
300890,2
300891,0
300892,1
300893,2
300894,0
300895,1
300896,2
300897,0
300898,1
300899,2
300900,0
300901,1
300902,2
300903,0
300904,1
300905,2
300906,0
300907,1
300908,2
300909,0
300910,1
300911,2
300912,0
300913,1
300914,2
300915,0
300916,1
300917,2
300918,0
300919,1
300920,2
300921,0
300922,1
300923,2
300924,0
300925,1
300926,2
300927,0
300928,1
300929,2
300930,0
300931,1
300932,2
300933,0
300934,1
300935,2
300936,0
300937,1
300938,2
300939,0
300940,1
300941,2
300942,0
300943,1
300944,2
300945,0
300946,1
300947,2
300948,0
300949,1
300950,2
300951,0
300952,1
300953,2
300954,0
300955,1
300956,2
300957,0
300958,1
300959,2
300960,0
300961,1
300962,2
300963,0
300964,1
300965,2
300967,0
300968,1
300969,2
300970,0
300971,1
300972,2
300973,0
300974,1
300975,2
300976,0
300977,1
300978,2
300979,0
300980,1
300981,2
300982,0
300983,1
300985,2
300986,0
300987,1
300988,2
300989,0
300990,1
300991,2
300992,0
300993,1
300994,2
300995,0
300996,1
300997,2
300998,0
300999,1
301000,2
301001,0
301002,1
301003,2
301004,0
301005,1
301006,2
301007,0
301008,1
301009,2
301010,0
301011,1
301012,2
301013,0
301014,1
301015,2
301016,0
301017,1
301018,2
301019,0
301020,1
301021,2
301022,0
301023,1
301024,2
301025,0
301026,1
301027,2
301028,0
301029,1
301030,2
301031,0
301032,1
301033,2
301034,0
301035,1
301036,2
301037,0
301038,1
301039,2
301040,0
301041,1
301042,2
301043,0
301044,1
301045,2
301046,0
301047,1
301048,2
301049,0
301050,1
301051,2
301052,0
301053,1
301054,2
301055,0
301056,1
301057,2
301058,0
301059,1
301060,2
301061,0
301062,1
301063,2
301064,0
301065,1
301066,2
301067,0
301068,1
301069,2
301070,0
301071,1
301072,2
301073,0
301074,1
301075,2
301077,0
301078,1
301079,2
301080,0
301081,1
301082,2
301083,0
301084,1
301085,2
301086,0
301087,1
301088,2
301089,0
301090,1
301091,2
301092,0
301093,1
301094,2
301095,0
301096,1
301097,2
301098,0
301099,1
301100,2
301101,0
301102,1
301104,2
301105,0
301106,1
301107,2
301108,0
301109,1
301110,2
301111,0
301112,1
301113,2
301114,0
301115,1
301116,2
301117,0
301118,1
301119,2
301120,0
301121,1
301122,2
301123,0
301124,1
301125,2
301126,0
301127,1
301128,2
301129,0
301130,1
301131,2
301132,0
301133,1
301134,2
301135,0
301136,1
301137,2
301138,0
301139,1
301140,2
301141,0
301142,1
301143,2
301144,0
301145,1
301146,2
301147,0
301148,1
301149,2
301150,0
301151,1
301152,2
301153,0
301154,1
301155,2
301156,0
301157,1
301158,2
301159,0
301160,1
301161,2
301162,0
301163,1
301164,2
301165,0
301166,1
301167,2
301168,0
301169,1
301170,2
301171,0
301172,1
301173,2
301174,0
301175,1
301176,2
301177,0
301178,1
301179,2
301180,0
301181,1
301182,2
301183,0
301184,1
301185,2
301186,0
301187,1
301188,2
301189,0
301190,1
301191,2
301192,0
301193,1
301194,2
301195,0
301196,1
301197,2
301198,0
301199,1
301200,2
301201,0
301202,1
301203,2
301204,0
301205,1
301206,2
301207,0
301208,1
301209,2
301210,0
301211,1
301212,2
301213,0
301214,1
301215,2
301216,0
301217,1
301218,2
301219,0
301220,1
301221,2
301222,0
301223,1
301224,2
301225,0
301226,1
301227,2
301228,0
301229,1
301230,2
301231,0
301232,1
301233,2
301234,0
301235,1
301236,2
301237,0
301238,1
301239,2
301240,0
301241,1
301242,2
301243,0
301244,1
301245,2
301246,0
301247,1
301248,2
301249,0
301250,1
301251,2
301252,0
301253,1
301254,2
301255,0
301256,1
301257,2
301258,0
301259,1
301260,2
301261,0
301262,1
301263,2
301264,0
301265,1
301266,2
301267,0
301268,1
301269,2
301270,0
301271,1
301272,2
301273,0
301274,1
301275,2
301276,0
301277,1
301278,2
301279,0
301280,1
301281,2
301282,0
301283,1
301284,2
301285,0
301286,1
301287,2
301289,0
301290,1
301291,2
301292,0
301293,1
301294,2
301295,0
301296,1
301297,2
301298,0
301299,1
301300,2
301301,0
301302,1
301303,2
301304,0
301305,1
301306,2
301308,0
301309,1
301310,2
301311,0
301312,1
301313,2
301314,0
301315,1
301316,2
301317,0
301318,1
301319,2
301320,0
301321,1
301322,2
301323,0
301324,1
301325,2
301326,0
301327,1
301328,2
301329,0
301330,1
301331,2
301332,0
301333,1
301334,2
301335,0
301336,1
301337,2
301338,0
301339,1
301340,2
301341,0
301342,1
301343,2
301344,0
301345,1
301346,2
301347,0
301348,1
301350,2
301351,0
301352,1
301353,2
301354,0
301355,1
301356,2
301357,0
301358,1
301359,2
301360,0
301361,1
301362,2
301363,0
301364,1
301365,2
301366,0
301367,1
301368,2
301369,0
301370,1
301371,2
301372,0
301373,1
301374,2
301375,0
301376,1
301377,2
301378,0
301379,1
301380,2
301381,0
301382,1
301383,2
301385,0
301386,1
301387,2
301388,0
301389,1
301390,2
301391,0
301392,1
301393,2
301394,0
301395,1
301396,2
301397,0
301398,1
301399,2
301400,0
301402,1
301403,2
301404,0
301405,1
301406,2
301407,0
301408,1
301409,2
301410,0
301411,1
301412,2
301413,0
301414,1
301415,2
301416,0
301417,1
301418,2
301419,0
301420,1
301421,2
301422,0
301423,1
301424,2
301425,0
301426,1
301427,2
301428,0
301429,1
301430,2
301431,0
301432,1
301433,2
301434,0
301435,1
301436,2
301437,0
301438,1
301439,2
301440,0
301441,1
301442,2
301443,0
301444,1
301445,2
301446,0
301447,1
301448,2
301449,0
301450,1
301452,2
301453,0
301454,1
301455,2
301456,0
301457,1
301458,2
301459,0
301460,1
301461,2
301462,0
301463,1
301464,2
301465,0
301466,1
301467,2
301468,0
301469,1
301470,2
301471,0
301472,1
301473,2
301474,0
301475,1
301476,2
301477,0
301478,1
301479,2
301480,0
301481,1
301482,2
301483,0
301484,1
301485,2
301486,0
301487,1
301488,2
301489,0
301490,1
301491,2
301492,0
301493,1
301494,2
301495,0
301496,1
301497,2
301498,0
301499,1
301500,2
301501,0
301502,1
301503,2
301504,0
301505,1
301506,2
301507,0
301508,1
301509,2
301510,0
301513,1
301514,2
301515,0
301516,1
301517,2
301518,0
301519,1
301520,2
301521,0
301522,1
301523,2
301524,0
301525,1
301526,2
301527,0
301528,1
301529,2
301530,0
301531,1
301532,2
301533,0
301534,1
301535,2
301537,0
301538,1
301539,2
301540,0
301541,1
301542,2
301543,0
301544,1
301545,2
301546,0
301547,1
301548,2
301549,0
301550,1
301551,2
301552,0
301553,1
301554,2
301555,0
301556,1
301557,2
301558,0
301559,1
301560,2
301561,0
301562,1
301563,2
301564,0
301565,1
301566,2
301567,0
301568,1
301569,2
301570,0
301571,1
301572,2
301573,0
301574,1
301575,2
301576,0
301577,1
301578,2
301579,0
301580,1
301581,2
301582,0
301583,1
301584,2
301585,0
301586,1
301587,2
301588,0
301589,1
301590,2
301592,0
301593,1
301594,2
301595,0
301596,1
301597,2
301598,0
301599,1
301600,2
301601,0
301602,1
301603,2
301604,0
301605,1
301606,2
301607,0
301608,1
301609,2
301610,0
301611,1
301612,2
301613,0
301614,1
301615,2
301616,0
301617,1
301618,2
301619,0
301620,1
301621,2
301622,0
301623,1
301624,2
301625,0
301626,1
301627,2
301628,0
301629,1
301630,2
301631,0
301632,1
301633,2
301634,0
301635,1
301636,2
301637,0
301638,1
301639,2
301640,0
301641,1
301642,2
301643,0
301644,1
301645,2
301646,0
301647,1
301648,2
301649,0
301650,1
301651,2
301652,0
301653,1
301654,2
301655,0
301656,1
301657,2
301658,0
301659,1
301660,2
301661,0
301662,1
301663,2
301664,0
301665,1
301666,2
301667,0
301668,1
301669,2
301670,0
301671,1
301672,2
301673,0
301674,1
301675,2
301676,0
301677,1
301678,2
301679,0
301680,1
301681,2
301682,0
301683,1
301684,2
301685,0
301686,1
301687,2
301688,0
301689,1
301690,2
301691,0
301692,1
301693,2
301694,0
301696,1
301697,2
301698,0
301699,1
301700,2
301701,0
301702,1
301703,2
301704,0
301705,1
301706,2
301708,0
301709,1
301710,2
301711,0
301712,1
301713,2
301714,0
301716,1
301717,2
301718,0
301719,1
301720,2
301721,0
301722,1
301724,2
301725,0
301726,1
301727,2
301728,0
301729,1
301730,2
301731,0
301732,1
301734,2
301735,0
301736,1
301737,2
301738,0
301739,1
301740,2
301741,0
301742,1
301743,2
301744,0
301745,1
301746,2
301747,0
301748,1
301749,2
301750,0
301751,1
301753,2
301754,0
301755,1
301756,2
301757,0
301758,1
301759,2
301760,0
301761,1
301762,2
301763,0
301764,1
301765,2
301766,0
301767,1
301768,2
301769,0
301770,1
301771,2
301772,0
301773,1
301774,2
301775,0
301776,1
301777,2
301778,0
301779,1
301780,2
301781,0
301782,1
301783,2
301784,0
301785,1
301786,2
301787,0
301788,1
301789,2
301790,0
301791,1
301792,2
301793,0
301794,1
301795,2
301796,0
301797,1
301798,2
301799,0
301800,1
301801,2
301802,0
301803,1
301804,2
301805,0
301806,1
301807,2
301808,0
301809,1
301810,2
301811,0
301812,1
301813,2
301814,0
301815,1
301816,2
301817,0
301818,1
301819,2
301820,0
301821,1
301822,2
301823,0
301824,1
301825,2
301826,0
301827,1
301828,2
301829,0
301830,1
301831,2
301832,0
301833,1
301834,2
301835,0
301836,1
301837,2
301838,0
301839,1
301840,2
301841,0
301842,1
301843,2
301844,0
301845,1
301846,2
301847,0
301848,1
301849,2
301850,0
301851,1
301852,2
301853,0
301854,1
301855,2
301856,0
301857,1
301859,2
301860,0
301861,1
301862,2
301863,0
301864,1
301865,2
301866,0
301867,1
301868,2
301869,0
301870,1
301871,2
301872,0
301873,1
301874,2
301875,0
301876,1
301877,2
301878,0
301879,1
301880,2
301881,0
301882,1
301883,2
301884,0
301885,1
301886,2
301887,0
301888,1
301889,2
301890,0
301891,1
301892,2
301893,0
301894,1
301895,2
301896,0
301897,1
301898,2
301899,0
301900,1
301901,2
301902,0
301903,1
301904,2
301905,0
301906,1
301907,2
301908,0
301909,1
301910,2
301911,0
301912,1
301913,2
301914,0
301915,1
301916,2
301917,0
301918,1
301919,2
301920,0
301921,1
301922,2
301923,0
301924,1
301925,2
301926,0
301927,1
301928,2
301929,0
301930,1
301931,2
301932,0
301933,1
301934,2
301935,0
301936,1
301937,2
301938,0
301939,1
301940,2
301941,0
301942,1
301943,2
301944,0
301945,1
301946,2
301947,0
301948,1
301949,2
301950,0
301951,1
301952,2
301953,0
301955,1
301956,2
301957,0
301958,1
301959,2
301960,0
301961,1
301962,2
301963,0
301964,1
301965,2
301966,0
301967,1
301968,2
301969,0
301970,1
301971,2
301972,0
301973,1
301974,2
301975,0
301976,1
301977,2
301978,0
301979,1
301980,2
301981,0
301982,1
301983,2
301984,0
301985,1
301986,2
301987,0
301988,1
301989,2
301990,0
301991,1
301992,2
301993,0
301994,1
301995,2
301996,0
301997,1
301998,2
301999,0
302000,1
302001,2
302003,0
302004,1
302005,2
302006,0
302007,1
302008,2
302009,0
302010,1
302011,2
302012,0
302013,1
302014,2
302015,0
302016,1
302017,2
302018,0
302019,1
302020,2
302021,0
302022,1
302023,2
302024,0
302025,1
302026,2
302027,0
302028,1
302029,2
302030,0
302031,1
302032,2
302033,0
302034,1
302035,2
302036,0
302037,1
302038,2
302039,0
302040,1
302041,2
302042,0
302043,1
302044,2
302045,0
302046,1
302048,2
302049,0
302050,1
302051,2
302052,0
302053,1
302054,2
302055,0
302056,1
302057,2
302058,0
302059,1
302060,2
302061,0
302062,1
302063,2
302064,0
302065,1
302066,2
302067,0
302068,1
302069,2
302070,0
302071,1
302072,2
302073,0
302074,1
302075,2
302076,0
302077,1
302078,2
302079,0
302080,1
302081,2
302082,0
302083,1
302084,2
302085,0
302086,1
302087,2
302088,0
302089,1
302090,2
302091,0
302092,1
302093,2
302094,0
302095,1
302096,2
302097,0
302098,1
302099,2
302100,0
302101,1
302102,2
302103,0
302104,1
302105,2
302106,0
302107,1
302108,2
302109,0
302111,1
302112,2
302113,0
302114,1
302115,2
302116,0
302117,1
302118,2
302119,0
302120,1
302121,2
302122,0
302123,1
302124,2
302125,0
302126,1
302127,2
302128,0
302129,1
302130,2
302131,0
302132,1
302133,2
302134,0
302135,1
302136,2
302137,0
302138,1
302139,2
302140,0
302141,1
302142,2
302143,0
302144,1
302145,2
302146,0
302147,1
302148,2
302149,0
302150,1
302151,2
302152,0
302154,1
302155,2
302156,0
302157,1
302158,2
302159,0
302160,1
302161,2
302162,0
302163,1
302165,2
302166,0
302167,1
302168,2
302169,0
302170,1
302171,2
302172,0
302174,1
302175,2
302176,0
302177,1
302178,2
302179,0
302180,1
302181,2
302182,0
302183,1
302184,2
302185,0
302186,1
302187,2
302188,0
302189,1
302190,2
302191,0
302192,1
302193,2
302194,0
302195,1
302196,2
302197,0
302198,1
302199,2
302200,0
302201,1
302202,2
302203,0
302204,1
302205,2
302206,0
302207,1
302208,2
302209,0
302210,1
302211,2
302212,0
302213,1
302214,2
302215,0
302216,1
302217,2
302218,0
302219,1
302220,2
302221,0
302222,1
302223,2
302224,0
302225,1
302226,2
302227,0
302228,1
302229,2
302230,0
302231,1
302232,2
302233,0
302234,1
302235,2
302236,0
302237,1
302238,2
302239,0
302240,1
302241,2
302243,0
302244,1
302245,2
302246,0
302247,1
302248,2
302249,0
302250,1
302251,2
302252,0
302253,1
302254,2
302255,0
302256,1
302257,2
302258,0
302259,1
302261,2
302262,0
302263,1
302264,2
302265,0
302266,1
302267,2
302268,0
302269,1
302270,2
302271,0
302272,1
302273,2
302274,0
302275,1
302276,2
302277,0
302278,1
302279,2
302280,0
302281,1
302282,2
302283,0
302284,1
302285,2
302286,0
302287,1
302288,2
302289,0
302290,1
302291,2
302292,0
302293,1
302294,2
302295,0
302296,1
302297,2
302298,0
302299,1
302300,2
302301,0
302302,1
302303,2
302304,0
302305,1
302307,2
302309,0
302310,1
302311,2
302312,0
302313,1
302314,2
302315,0
302316,1
302317,2
302318,0
302319,1
302320,2
302321,0
302322,1
302323,2
302324,0
302325,1
302326,2
302327,0
302328,1
302329,2
302330,0
302331,1
302332,2
302333,0
302334,1
302335,2
302336,0
302337,1
302338,2
302339,0
302340,1
302341,2
302342,0
302343,1
302344,2
302345,0
302346,1
302347,2
302348,0
302349,1
302350,2
302351,0
302352,1
302353,2
302354,0
302355,1
302356,2
302357,0
302358,1
302359,2
302360,0
302361,1
302362,2
302363,0
302364,1
302365,2
302366,0
302367,1
302368,2
302369,0
302370,1
302371,2
302372,0
302373,1
302374,2
302375,0
302376,1
302377,2
302378,0
302379,1
302380,2
302381,0
302382,1
302383,2
302384,0
302385,1
302386,2
302387,0
302388,1
302389,2
302390,0
302391,1
302392,2
302393,0
302394,1
302395,2
302396,0
302397,1
302398,2
302399,0
302400,1
302401,2
302402,0
302403,1
302404,2
302405,0
302406,1
302407,2
302408,0
302409,1
302410,2
302411,0
302412,1
302413,2
302414,0
302415,1
302416,2
302417,0
302418,1
302420,2
302421,0
302423,1
302424,2
302425,0
302426,1
302427,2
302428,0
302429,1
302430,2
302431,0
302432,1
302433,2
302434,0
302435,1
302436,2
302437,0
302438,1
302439,2
302440,0
302441,1
302442,2
302443,0
302444,1
302445,2
302446,0
302447,1
302448,2
302449,0
302450,1
302451,2
302452,0
302453,1
302454,2
302455,0
302456,1
302458,2
302459,0
302460,1
302461,2
302462,0
302463,1
302464,2
302465,0
302466,1
302467,2
302468,0
302469,1
302470,2
302471,0
302472,1
302473,2
302474,0
302475,1
302476,2
302477,0
302478,1
302479,2
302480,0
302481,1
302482,2
302483,0
302484,1
302485,2
302486,0
302487,1
302488,2
302489,0
302490,1
302491,2
302492,0
302493,1
302494,2
302495,0
302496,1
302497,2
302498,0
302499,1
302500,2
302501,0
302502,1
302503,2
302504,0
302505,1
302506,2
302507,0
302508,1
302509,2
302510,0
302511,1
302512,2
302513,0
302514,1
302515,2
302516,0
302517,1
302518,2
302519,0
302520,1
302521,2
302522,0
302523,1
302524,2
302525,0
302526,1
302527,2
302528,0
302529,1
302530,2
302531,0
302532,1
302533,2
302534,0
302535,1
302536,2
302537,0
302538,1
302539,2
302540,0
302541,1
302542,2
302543,0
302544,1
302545,2
302546,0
302547,1
302548,2
302549,0
302550,1
302551,2
302552,0
302553,1
302554,2
302555,0
302556,1
302557,2
302558,0
302559,1
302560,2
302561,0
302562,1
302563,2
302564,0
302565,1
302566,2
302567,0
302568,1
302569,2
302570,0
302571,1
302572,2
302573,0
302574,1
302575,2
302576,0
302577,1
302578,2
302579,0
302580,1
302581,2
302582,0
302583,1
302584,2
302585,0
302586,1
302587,2
302588,0
302589,1
302590,2
302591,0
302592,1
302593,2
302594,0
302595,1
302596,2
302597,0
302598,1
302599,2
302600,0
302601,1
302602,2
302603,0
302604,1
302605,2
302606,0
302607,1
302608,2
302609,0
302610,1
302611,2
302612,0
302613,1
302614,2
302615,0
302616,1
302617,2
302618,0
302619,1
302620,2
302621,0
302622,1
302623,2
302624,0
302625,1
302626,2
302627,0
302628,1
302629,2
302630,0
302631,1
302632,2
302633,0
302634,1
302635,2
302636,0
302637,1
302638,2
302639,0
302640,1
302641,2
302642,0
302643,1
302644,2
302645,0
302646,1
302647,2
302648,0
302649,1
302650,2
302651,0
302652,1
302653,2
302654,0
302655,1
302656,2
302657,0
302658,1
302659,2
302660,0
302661,1
302662,2
302663,0
302664,1
302665,2
302666,0
302667,1
302669,2
302670,0
302671,1
302672,2
302673,0
302674,1
302675,2
302676,0
302677,1
302678,2
302679,0
302680,1
302681,2
302682,0
302683,1
302684,2
302685,0
302686,1
302687,2
302688,0
302689,1
302690,2
302691,0
302692,1
302693,2
302694,0
302695,1
302696,2
302697,0
302698,1
302699,2
302700,0
302701,1
302702,2
302703,0
302704,1
302705,2
302706,0
302707,1
302708,2
302709,0
302710,1
302711,2
302712,0
302713,1
302714,2
302715,0
302716,1
302717,2
302718,0
302719,1
302720,2
302722,0
302723,1
302724,2
302725,0
302726,1
302727,2
302728,0
302729,1
302730,2
302731,0
302732,1
302733,2
302734,0
302735,1
302736,2
302737,0
302738,1
302739,2
302740,0
302741,1
302742,2
302743,0
302744,1
302745,2
302746,0
302747,1
302748,2
302749,0
302750,1
302751,2
302752,0
302753,1
302754,2
302755,0
302756,1
302757,2
302758,0
302759,1
302760,2
302761,0
302762,1
302763,2
302764,0
302765,1
302766,2
302767,0
302768,1
302769,2
302770,0
302771,1
302772,2
302773,0
302774,1
302775,2
302776,0
302777,1
302778,2
302779,0
302780,1
302781,2
302782,0
302783,1
302784,2
302785,0
302786,1
302787,2
302788,0
302789,1
302790,2
302791,0
302792,1
302793,2
302794,0
302795,1
302796,2
302797,0
302798,1
302799,2
302800,0
302801,1
302802,2
302803,0
302804,1
302805,2
302806,0
302807,1
302808,2
302809,0
302810,1
302811,2
302812,0
302813,1
302814,2
302815,0
302816,1
302817,2
302818,0
302819,1
302820,2
302821,0
302822,1
302823,2
302824,0
302825,1
302826,2
302827,0
302828,1
302829,2
302830,0
302831,1
302832,2
302833,0
302834,1
302835,2
302836,0
302837,1
302838,2
302839,0
302840,1
302841,2
302842,0
302843,1
302844,2
302845,0
302846,1
302847,2
302848,0
302849,1
302850,2
302851,0
302852,1
302853,2
302854,0
302855,1
302856,2
302857,0
302858,1
302859,2
302860,0
302861,1
302862,2
302863,0
302864,1
302865,2
302867,0
302868,1
302869,2
302870,0
302871,1
302872,2
302873,0
302874,1
302875,2
302876,0
302877,1
302878,2
302879,0
302880,1
302881,2
302882,0
302883,1
302884,2
302885,0
302886,1
302887,2
302888,0
302889,1
302890,2
302891,0
302892,1
302893,2
302894,0
302895,1
302896,2
302897,0
302898,1
302899,2
302900,0
302901,1
302902,2
302903,0
302904,1
302905,2
302906,0
302907,1
302908,2
302909,0
302910,1
302911,2
302912,0
302913,1
302914,2
302915,0
302916,1
302917,2
302918,0
302919,1
302920,2
302921,0
302922,1
302923,2
302924,0
302925,1
302926,2
302927,0
302928,1
302929,2
302930,0
302931,1
302932,2
302933,0
302934,1
302935,2
302936,0
302937,1
302938,2
302939,0
302940,1
302941,2
302942,0
302943,1
302944,2
302945,0
302946,1
302947,2
302948,0
302949,1
302950,2
302951,0
302952,1
302953,2
302954,0
302955,1
302956,2
302957,0
302958,1
302959,2
302960,0
302961,1
302962,2
302963,0
302964,1
302965,2
302966,0
302967,1
302968,2
302969,0
302970,1
302971,2
302972,0
302973,1
302974,2
302975,0
302976,1
302977,2
302978,0
302979,1
302980,2
302981,0
302982,1
302983,2
302984,0
302985,1
302986,2
302987,0
302988,1
302989,2
302990,0
302991,1
302992,2
302993,0
302994,1
302995,2
302996,0
302997,1
302998,2
302999,0
303000,1
303001,2
303002,0
303003,1
303004,2
303005,0
303006,1
303007,2
303008,0
303009,1
303010,2
303011,0
303012,1
303013,2
303014,0
303015,1
303016,2
303017,0
303018,1
303019,2
303020,0
303021,1
303022,2
303023,0
303024,1
303025,2
303026,0
303027,1
303028,2
303029,0
303030,1
303031,2
303032,0
303033,1
303034,2
303035,0
303036,1
303037,2
303038,0
303040,1
303041,2
303042,0
303043,1
303044,2
303045,0
303046,1
303047,2
303048,0
303049,1
303050,2
303051,0
303052,1
303053,2
303054,0
303055,1
303056,2
303057,0
303058,1
303059,2
303060,0
303061,1
303062,2
303063,0
303064,1
303066,2
303067,0
303068,1
303069,2
303070,0
303071,1
303072,2
303073,0
303074,1
303075,2
303076,0
303077,1
303078,2
303079,0
303080,1
303081,2
303082,0
303083,1
303084,2
303085,0
303086,1
303087,2
303088,0
303090,1
303091,2
303092,0
303093,1
303094,2
303095,0
303096,1
303097,2
303098,0
303099,1
303100,2
303101,0
303103,1
303104,2
303105,0
303106,1
303107,2
303108,0
303109,1
303110,2
303111,0
303112,1
303113,2
303114,0
303115,1
303116,2
303117,0
303118,1
303119,2
303120,0
303121,1
303122,2
303123,0
303124,1
303125,2
303126,0
303127,1
303128,2
303129,0
303130,1
303131,2
303132,0
303133,1
303134,2
303135,0
303136,1
303137,2
303138,0
303139,1
303140,2
303141,0
303142,1
303143,2
303144,0
303145,1
303146,2
303147,0
303148,1
303149,2
303150,0
303151,1
303153,2
303154,0
303155,1
303156,2
303157,0
303158,1
303159,2
303161,0
303162,1
303163,2
303164,0
303165,1
303166,2
303167,0
303168,1
303169,2
303170,0
303171,1
303172,2
303173,0
303174,1
303175,2
303176,0
303177,1
303178,2
303179,0
303180,1
303181,2
303182,0
303183,1
303184,2
303185,0
303186,1
303187,2
303188,0
303189,1
303190,2
303191,0
303192,1
303193,2
303194,0
303195,1
303196,2
303197,0
303198,1
303199,2
303200,0
303201,1
303202,2
303203,0
303204,1
303205,2
303206,0
303207,1
303208,2
303209,0
303210,1
303211,2
303212,0
303213,1
303214,2
303215,0
303216,1
303217,2
303218,0
303219,1
303220,2
303221,0
303222,1
303223,2
303224,0
303225,1
303226,2
303227,0
303228,1
303229,2
303230,0
303231,1
303232,2
303233,0
303234,1
303235,2
303236,0
303237,1
303238,2
303239,0
303240,1
303241,2
303242,0
303243,1
303244,2
303245,0
303246,1
303247,2
303248,0
303249,1
303250,2
303251,0
303252,1
303253,2
303254,0
303255,1
303256,2
303257,0
303258,1
303259,2
303260,0
303261,1
303262,2
303263,0
303264,1
303265,2
303266,0
303267,1
303268,2
303269,0
303270,1
303271,2
303272,0
303273,1
303274,2
303275,0
303276,1
303277,2
303278,0
303279,1
303280,2
303281,0
303282,1
303283,2
303284,0
303285,1
303286,2
303287,0
303288,1
303289,2
303290,0
303291,1
303292,2
303293,0
303294,1
303295,2
303296,0
303297,1
303298,2
303299,0
303300,1
303301,2
303302,0
303303,1
303304,2
303305,0
303306,1
303307,2
303308,0
303309,1
303310,2
303311,0
303312,1
303313,2
303314,0
303315,1
303316,2
303317,0
303318,1
303319,2
303320,0
303321,1
303322,2
303323,0
303324,1
303325,2
303326,0
303327,1
303328,2
303329,0
303330,1
303331,2
303332,0
303333,1
303334,2
303335,0
303336,1
303337,2
303338,0
303339,1
303340,2
303341,0
303342,1
303343,2
303344,0
303345,1
303346,2
303347,0
303348,1
303350,2
303351,0
303352,1
303353,2
303354,0
303355,1
303356,2
303357,0
303358,1
303359,2
303360,0
303361,1
303362,2
303363,0
303364,1
303365,2
303366,0
303367,1
303368,2
303369,0
303370,1
303372,2
303373,0
303374,1
303375,2
303376,0
303377,1
303378,2
303379,0
303380,1
303381,2
303382,0
303383,1
303384,2
303385,0
303386,1
303387,2
303388,0
303389,1
303390,2
303391,0
303392,1
303393,2
303394,0
303395,1
303396,2
303397,0
303398,1
303399,2
303400,0
303401,1
303402,2
303403,0
303404,1
303405,2
303406,0
303407,1
303408,2
303409,0
303410,1
303411,2
303412,0
303413,1
303414,2
303415,0
303416,1
303417,2
303418,0
303419,1
303420,2
303421,0
303422,1
303423,2
303424,0
303425,1
303426,2
303427,0
303428,1
303429,2
303430,0
303431,1
303432,2
303433,0
303434,1
303435,2
303436,0
303437,1
303438,2
303439,0
303440,1
303441,2
303442,0
303443,1
303444,2
303445,0
303446,1
303447,2
303448,0
303450,1
303451,2
303452,0
303453,1
303454,2
303455,0
303456,1
303457,2
303458,0
303459,1
303460,2
303461,0
303462,1
303463,2
303464,0
303465,1
303466,2
303467,0
303468,1
303469,2
303470,0
303471,1
303472,2
303473,0
303474,1
303475,2
303476,0
303477,1
303478,2
303479,0
303480,1
303481,2
303483,0
303484,1
303485,2
303486,0
303487,1
303488,2
303489,0
303490,1
303491,2
303492,0
303493,1
303495,2
303496,0
303497,1
303498,2
303499,0
303500,1
303501,2
303502,0
303503,1
303504,2
303505,0
303506,1
303507,2
303508,0
303509,1
303510,2
303511,0
303512,1
303513,2
303514,0
303515,1
303516,2
303517,0
303518,1
303519,2
303520,0
303521,1
303522,2
303523,0
303524,1
303525,2
303526,0
303527,1
303528,2
303529,0
303530,1
303531,2
303532,0
303533,1
303534,2
303535,0
303536,1
303537,2
303538,0
303539,1
303540,2
303541,0
303542,1
303543,2
303544,0
303545,1
303546,2
303547,0
303548,1
303549,2
303550,0
303551,1
303552,2
303553,0
303554,1
303555,2
303556,0
303557,1
303558,2
303559,0
303560,1
303561,2
303562,0
303563,1
303564,2
303565,0
303566,1
303567,2
303568,0
303569,1
303570,2
303571,0
303572,1
303573,2
303574,0
303575,1
303576,2
303577,0
303578,1
303579,2
303580,0
303581,1
303582,2
303583,0
303584,1
303585,2
303586,0
303587,1
303588,2
303589,0
303590,1
303591,2
303592,0
303593,1
303594,2
303595,0
303596,1
303597,2
303598,0
303599,1
303600,2
303601,0
303602,1
303603,2
303604,0
303605,1
303606,2
303607,0
303608,1
303609,2
303610,0
303611,1
303612,2
303613,0
303614,1
303615,2
303616,0
303617,1
303618,2
303619,0
303620,1
303622,2
303623,0
303624,1
303625,2
303626,0
303627,1
303628,2
303629,0
303630,1
303631,2
303632,0
303633,1
303634,2
303635,0
303636,1
303637,2
303638,0
303639,1
303640,2
303641,0
303642,1
303643,2
303644,0
303645,1
303646,2
303647,0
303648,1
303649,2
303650,0
303651,1
303652,2
303653,0
303654,1
303655,2
303656,0
303657,1
303658,2
303659,0
303660,1
303662,2
303663,0
303664,1
303665,2
303666,0
303667,1
303668,2
303669,0
303670,1
303671,2
303672,0
303673,1
303674,2
303675,0
303676,1
303677,2
303678,0
303679,1
303680,2
303681,0
303682,1
303683,2
303684,0
303685,1
303686,2
303687,0
303688,1
303689,2
303690,0
303691,1
303692,2
303693,0
303694,1
303695,2
303696,0
303697,1
303698,2
303699,0
303700,1
303701,2
303702,0
303703,1
303704,2
303705,0
303706,1
303707,2
303708,0
303709,1
303710,2
303711,0
303712,1
303713,2
303714,0
303715,1
303716,2
303717,0
303718,1
303719,2
303720,0
303721,1
303722,2
303723,0
303724,1
303725,2
303726,0
303727,1
303728,2
303729,0
303730,1
303731,2
303732,0
303733,1
303734,2
303735,0
303736,1
303737,2
303738,0
303739,1
303740,2
303741,0
303742,1
303743,2
303744,0
303745,1
303746,2
303747,0
303748,1
303749,2
303750,0
303751,1
303752,2
303753,0
303754,1
303755,2
303756,0
303757,1
303758,2
303759,0
303760,1
303761,2
303762,0
303763,1
303764,2
303765,0
303766,1
303767,2
303768,0
303769,1
303770,2
303771,0
303772,1
303773,2
303774,0
303775,1
303776,2
303777,0
303778,1
303779,2
303780,0
303781,1
303782,2
303783,0
303784,1
303785,2
303786,0
303787,1
303788,2
303789,0
303790,1
303791,2
303792,0
303793,1
303794,2
303795,0
303796,1
303797,2
303798,0
303799,1
303800,2
303801,0
303802,1
303803,2
303804,0
303805,1
303806,2
303807,0
303808,1
303809,2
303810,0
303811,1
303812,2
303813,0
303814,1
303815,2
303816,0
303817,1
303818,2
303819,0
303820,1
303821,2
303822,0
303823,1
303824,2
303825,0
303826,1
303827,2
303828,0
303829,1
303830,2
303831,0
303832,1
303833,2
303834,0
303835,1
303836,2
303837,0
303838,1
303839,2
303840,0
303841,1
303842,2
303843,0
303844,1
303845,2
303846,0
303847,1
303848,2
303849,0
303850,1
303851,2
303852,0
303853,1
303854,2
303855,0
303856,1
303857,2
303858,0
303859,1
303860,2
303861,0
303862,1
303863,2
303864,0
303865,1
303866,2
303867,0
303868,1
303869,2
303870,0
303871,1
303872,2
303873,0
303874,1
303875,2
303876,0
303877,1
303878,2
303879,0
303880,1
303881,2
303882,0
303883,1
303884,2
303885,0
303886,1
303887,2
303888,0
303889,1
303890,2
303891,0
303892,1
303893,2
303894,0
303895,1
303896,2
303897,0
303898,1
303899,2
303900,0
303901,1
303902,2
303903,0
303904,1
303905,2
303906,0
303907,1
303908,2
303909,0
303910,1
303911,2
303912,0
303913,1
303914,2
303915,0
303916,1
303917,2
303918,0
303919,1
303920,2
303921,0
303922,1
303923,2
303924,0
303925,1
303926,2
303927,0
303928,1
303929,2
303930,0
303931,1
303932,2
303933,0
303934,1
303935,2
303936,0
303937,1
303938,2
303939,0
303940,1
303941,2
303942,0
303943,1
303945,2
303946,0
303947,1
303948,2
303949,0
303950,1
303951,2
303952,0
303953,1
303954,2
303955,0
303956,1
303957,2
303958,0
303959,1
303960,2
303961,0
303962,1
303963,2
303964,0
303965,1
303966,2
303967,0
303968,1
303969,2
303970,0
303971,1
303972,2
303973,0
303974,1
303975,2
303976,0
303977,1
303978,2
303979,0
303980,1
303981,2
303982,0
303983,1
303984,2
303985,0
303986,1
303987,2
303988,0
303989,1
303990,2
303991,0
303992,1
303993,2
303994,0
303995,1
303996,2
303997,0
303998,1
304000,2
304001,0
304002,1
304003,2
304004,0
304006,1
304007,2
304008,0
304009,1
304010,2
304011,0
304012,1
304013,2
304014,0
304015,1
304016,2
304017,0
304018,1
304019,2
304020,0
304021,1
304022,2
304023,0
304024,1
304025,2
304026,0
304027,1
304028,2
304029,0
304030,1
304031,2
304032,0
304033,1
304034,2
304035,0
304036,1
304037,2
304038,0
304039,1
304040,2
304041,0
304042,1
304043,2
304044,0
304045,1
304046,2
304047,0
304048,1
304049,2
304050,0
304051,1
304052,2
304053,0
304054,1
304055,2
304056,0
304057,1
304058,2
304059,0
304060,1
304061,2
304062,0
304063,1
304064,2
304065,0
304066,1
304067,2
304068,0
304070,1
304071,2
304072,0
304073,1
304074,2
304075,0
304076,1
304077,2
304079,0
304080,1
304081,2
304082,0
304083,1
304084,2
304085,0
304087,1
304088,2
304089,0
304090,1
304091,2
304092,0
304093,1
304095,2
304096,0
304097,1
304098,2
304099,0
304100,1
304101,2
304102,0
304103,1
304104,2
304105,0
304106,1
304107,2
304108,0
304109,1
304110,2
304111,0
304112,1
304113,2
304114,0
304115,1
304117,2
304118,0
304119,1
304120,2
304121,0
304122,1
304123,2
304125,0
304126,1
304127,2
304128,0
304129,1
304130,2
304131,0
304132,1
304133,2
304134,0
304135,1
304136,2
304137,0
304138,1
304139,2
304140,0
304141,1
304142,2
304143,0
304144,1
304145,2
304146,0
304147,1
304148,2
304149,0
304150,1
304151,2
304152,0
304153,1
304154,2
304155,0
304156,1
304157,2
304158,0
304159,1
304160,2
304161,0
304162,1
304163,2
304164,0
304165,1
304166,2
304167,0
304168,1
304169,2
304170,0
304171,1
304172,2
304173,0
304174,1
304175,2
304176,0
304177,1
304178,2
304179,0
304180,1
304181,2
304182,0
304183,1
304184,2
304185,0
304186,1
304187,2
304188,0
304189,1
304190,2
304191,0
304192,1
304193,2
304194,0
304195,1
304196,2
304197,0
304198,1
304199,2
304200,0
304201,1
304202,2
304203,0
304204,1
304205,2
304206,0
304207,1
304208,2
304209,0
304210,1
304211,2
304212,0
304213,1
304214,2
304215,0
304216,1
304217,2
304218,0
304219,1
304220,2
304221,0
304222,1
304223,2
304224,0
304225,1
304226,2
304227,0
304228,1
304229,2
304230,0
304231,1
304232,2
304233,0
304234,1
304235,2
304236,0
304237,1
304238,2
304239,0
304240,1
304241,2
304242,0
304243,1
304244,2
304245,0
304246,1
304247,2
304248,0
304249,1
304250,2
304251,0
304252,1
304253,2
304254,0
304255,1
304256,2
304257,0
304258,1
304259,2
304260,0
304261,1
304262,2
304263,0
304264,1
304265,2
304266,0
304267,1
304268,2
304269,0
304270,1
304271,2
304272,0
304273,1
304274,2
304275,0
304276,1
304277,2
304278,0
304279,1
304280,2
304281,0
304282,1
304283,2
304284,0
304285,1
304286,2
304287,0
304288,1
304289,2
304290,0
304291,1
304292,2
304293,0
304294,1
304295,2
304296,0
304297,1
304298,2
304299,0
304300,1
304302,2
304303,0
304304,1
304305,2
304306,0
304307,1
304308,2
304309,0
304310,1
304311,2
304312,0
304313,1
304314,2
304315,0
304316,1
304317,2
304318,0
304319,1
304320,2
304321,0
304322,1
304323,2
304324,0
304325,1
304326,2
304327,0
304328,1
304329,2
304330,0
304331,1
304332,2
304333,0
304334,1
304335,2
304336,0
304337,1
304338,2
304339,0
304340,1
304342,2
304343,0
304344,1
304345,2
304346,0
304347,1
304348,2
304349,0
304350,1
304351,2
304352,0
304353,1
304354,2
304355,0
304356,1
304357,2
304358,0
304359,1
304360,2
304361,0
304362,1
304363,2
304364,0
304365,1
304366,2
304367,0
304368,1
304369,2
304370,0
304371,1
304372,2
304373,0
304374,1
304375,2
304376,0
304377,1
304378,2
304379,0
304380,1
304381,2
304382,0
304383,1
304384,2
304385,0
304386,1
304387,2
304388,0
304389,1
304390,2
304391,0
304392,1
304393,2
304394,0
304395,1
304396,2
304397,0
304398,1
304399,2
304400,0
304401,1
304402,2
304403,0
304404,1
304405,2
304406,0
304407,1
304408,2
304409,0
304410,1
304411,2
304412,0
304413,1
304414,2
304415,0
304416,1
304417,2
304418,0
304419,1
304420,2
304421,0
304422,1
304423,2
304424,0
304425,1
304426,2
304427,0
304428,1
304429,2
304430,0
304431,1
304432,2
304433,0
304434,1
304436,2
304437,0
304438,1
304439,2
304440,0
304441,1
304442,2
304443,0
304444,1
304445,2
304446,0
304447,1
304448,2
304449,0
304450,1
304451,2
304452,0
304453,1
304454,2
304455,0
304456,1
304457,2
304458,0
304459,1
304460,2
304461,0
304462,1
304463,2
304464,0
304465,1
304466,2
304467,0
304468,1
304469,2
304470,0
304471,1
304472,2
304473,0
304474,1
304475,2
304476,0
304477,1
304478,2
304479,0
304480,1
304481,2
304482,0
304483,1
304484,2
304485,0
304486,1
304487,2
304488,0
304489,1
304490,2
304491,0
304492,1
304493,2
304494,0
304495,1
304496,2
304497,0
304498,1
304499,2
304500,0
304501,1
304502,2
304503,0
304504,1
304505,2
304506,0
304507,1
304508,2
304509,0
304510,1
304511,2
304512,0
304513,1
304514,2
304515,0
304516,1
304517,2
304518,0
304519,1
304520,2
304521,0
304522,1
304523,2
304524,0
304525,1
304526,2
304527,0
304528,1
304529,2
304530,0
304531,1
304532,2
304533,0
304534,1
304535,2
304536,0
304537,1
304538,2
304539,0
304540,1
304541,2
304542,0
304543,1
304544,2
304545,0
304546,1
304547,2
304548,0
304549,1
304550,2
304551,0
304552,1
304553,2
304554,0
304555,1
304556,2
304557,0
304558,1
304559,2
304560,0
304561,1
304562,2
304563,0
304564,1
304565,2
304566,0
304567,1
304568,2
304569,0
304570,1
304571,2
304572,0
304573,1
304574,2
304575,0
304576,1
304577,2
304578,0
304579,1
304580,2
304581,0
304582,1
304583,2
304584,0
304585,1
304586,2
304587,0
304588,1
304589,2
304590,0
304591,1
304592,2
304593,0
304594,1
304595,2
304596,0
304597,1
304598,2
304599,0
304601,1
304602,2
304603,0
304604,1
304605,2
304606,0
304607,1
304608,2
304609,0
304610,1
304611,2
304612,0
304613,1
304614,2
304615,0
304616,1
304617,2
304618,0
304619,1
304620,2
304621,0
304622,1
304623,2
304624,0
304625,1
304626,2
304627,0
304628,1
304629,2
304630,0
304631,1
304632,2
304633,0
304634,1
304635,2
304636,0
304637,1
304638,2
304639,0
304640,1
304641,2
304642,0
304643,1
304644,2
304645,0
304646,1
304647,2
304648,0
304649,1
304650,2
304651,0
304652,1
304654,2
304655,0
304656,1
304657,2
304658,0
304659,1
304660,2
304661,0
304662,1
304663,2
304664,0
304665,1
304666,2
304667,0
304668,1
304669,2
304670,0
304671,1
304672,2
304673,0
304674,1
304675,2
304676,0
304677,1
304678,2
304679,0
304680,1
304681,2
304682,0
304683,1
304684,2
304685,0
304686,1
304687,2
304688,0
304689,1
304690,2
304691,0
304692,1
304693,2
304694,0
304695,1
304696,2
304698,0
304699,1
304700,2
304701,0
304702,1
304703,2
304704,0
304705,1
304706,2
304707,0
304708,1
304709,2
304710,0
304711,1
304712,2
304713,0
304714,1
304715,2
304716,0
304717,1
304718,2
304719,0
304720,1
304721,2
304722,0
304723,1
304724,2
304725,0
304726,1
304727,2
304728,0
304729,1
304730,2
304731,0
304732,1
304733,2
304734,0
304735,1
304736,2
304737,0
304738,1
304739,2
304740,0
304741,1
304742,2
304743,0
304744,1
304745,2
304746,0
304747,1
304748,2
304749,0
304750,1
304751,2
304752,0
304753,1
304754,2
304755,0
304756,1
304757,2
304758,0
304759,1
304760,2
304761,0
304762,1
304763,2
304764,0
304765,1
304766,2
304767,0
304768,1
304769,2
304770,0
304771,1
304772,2
304773,0
304774,1
304775,2
304776,0
304777,1
304778,2
304779,0
304780,1
304781,2
304782,0
304783,1
304784,2
304785,0
304786,1
304787,2
304788,0
304789,1
304790,2
304791,0
304792,1
304793,2
304794,0
304795,1
304796,2
304797,0
304798,1
304799,2
304800,0
304801,1
304802,2
304803,0
304804,1
304805,2
304806,0
304807,1
304808,2
304809,0
304810,1
304811,2
304813,0
304814,1
304815,2
304816,0
304817,1
304818,2
304819,0
304820,1
304821,2
304822,0
304823,1
304824,2
304825,0
304826,1
304827,2
304828,0
304829,1
304830,2
304831,0
304832,1
304833,2
304834,0
304835,1
304836,2
304837,0
304838,1
304839,2
304840,0
304841,1
304842,2
304843,0
304844,1
304845,2
304846,0
304847,1
304848,2
304849,0
304850,1
304851,2
304852,0
304853,1
304854,2
304855,0
304856,1
304857,2
304859,0
304860,1
304861,2
304862,0
304863,1
304864,2
304865,0
304866,1
304867,2
304868,0
304869,1
304870,2
304871,0
304872,1
304873,2
304874,0
304875,1
304876,2
304877,0
304878,1
304879,2
304880,0
304881,1
304882,2
304883,0
304884,1
304885,2
304886,0
304887,1
304888,2
304889,0
304890,1
304891,2
304892,0
304893,1
304894,2
304895,0
304896,1
304897,2
304898,0
304899,1
304900,2
304901,0
304902,1
304903,2
304904,0
304905,1
304906,2
304907,0
304908,1
304909,2
304910,0
304911,1
304912,2
304913,0
304914,1
304915,2
304916,0
304917,1
304918,2
304919,0
304920,1
304921,2
304922,0
304923,1
304924,2
304925,0
304926,1
304927,2
304928,0
304929,1
304930,2
304931,0
304932,1
304933,2
304934,0
304935,1
304936,2
304937,0
304938,1
304939,2
304940,0
304941,1
304942,2
304943,0
304944,1
304945,2
304946,0
304947,1
304948,2
304949,0
304950,1
304951,2
304952,0
304953,1
304954,2
304955,0
304956,1
304957,2
304958,0
304959,1
304960,2
304961,0
304962,1
304963,2
304964,0
304965,1
304966,2
304967,0
304968,1
304969,2
304970,0
304971,1
304972,2
304973,0
304974,1
304975,2
304976,0
304977,1
304978,2
304979,0
304980,1
304981,2
304982,0
304983,1
304984,2
304985,0
304986,1
304987,2
304988,0
304989,1
304990,2
304991,0
304992,1
304993,2
304994,0
304995,1
304996,2
304997,0
304998,1
304999,2
305000,0
305001,1
305002,2
305003,0
305004,1
305005,2
305006,0
305007,1
305008,2
305009,0
305010,1
305011,2
305012,0
305013,1
305014,2
305015,0
305016,1
305017,2
305018,0
305019,1
305020,2
305021,0
305022,1
305023,2
305024,0
305025,1
305026,2
305027,0
305028,1
305029,2
305030,0
305031,1
305032,2
305033,0
305034,1
305035,2
305036,0
305037,1
305038,2
305039,0
305040,1
305041,2
305042,0
305043,1
305044,2
305045,0
305046,1
305047,2
305048,0
305049,1
305050,2
305051,0
305052,1
305053,2
305054,0
305055,1
305056,2
305057,0
305058,1
305059,2
305060,0
305061,1
305062,2
305063,0
305064,1
305065,2
305066,0
305068,1
305069,2
305070,0
305071,1
305072,2
305073,0
305074,1
305075,2
305076,0
305077,1
305078,2
305079,0
305080,1
305081,2
305082,0
305083,1
305084,2
305085,0
305086,1
305087,2
305088,0
305089,1
305090,2
305091,0
305092,1
305093,2
305094,0
305095,1
305096,2
305097,0
305098,1
305099,2
305100,0
305101,1
305102,2
305103,0
305104,1
305105,2
305106,0
305107,1
305108,2
305109,0
305110,1
305111,2
305112,0
305113,1
305114,2
305115,0
305116,1
305117,2
305118,0
305119,1
305120,2
305121,0
305122,1
305123,2
305124,0
305125,1
305126,2
305127,0
305128,1
305129,2
305130,0
305131,1
305132,2
305133,0
305134,1
305135,2
305136,0
305137,1
305138,2
305139,0
305140,1
305141,2
305142,0
305143,1
305144,2
305145,0
305146,1
305147,2
305148,0
305149,1
305150,2
305151,0
305152,1
305153,2
305154,0
305155,1
305156,2
305157,0
305158,1
305159,2
305160,0
305161,1
305162,2
305163,0
305164,1
305165,2
305166,0
305167,1
305169,2
305170,0
305171,1
305172,2
305173,0
305174,1
305175,2
305176,0
305177,1
305178,2
305179,0
305180,1
305181,2
305182,0
305183,1
305184,2
305185,0
305186,1
305187,2
305188,0
305189,1
305190,2
305191,0
305192,1
305193,2
305194,0
305195,1
305196,2
305197,0
305198,1
305199,2
305200,0
305201,1
305202,2
305203,0
305204,1
305205,2
305206,0
305207,1
305208,2
305209,0
305210,1
305211,2
305212,0
305213,1
305214,2
305215,0
305216,1
305217,2
305218,0
305219,1
305220,2
305221,0
305222,1
305223,2
305224,0
305225,1
305226,2
305227,0
305228,1
305229,2
305230,0
305231,1
305232,2
305233,0
305234,1
305235,2
305236,0
305237,1
305238,2
305239,0
305240,1
305241,2
305242,0
305243,1
305244,2
305245,0
305247,1
305248,2
305249,0
305250,1
305251,2
305252,0
305253,1
305254,2
305255,0
305256,1
305257,2
305258,0
305259,1
305260,2
305261,0
305262,1
305263,2
305264,0
305265,1
305266,2
305267,0
305268,1
305269,2
305270,0
305271,1
305272,2
305273,0
305274,1
305275,2
305276,0
305277,1
305278,2
305279,0
305280,1
305281,2
305282,0
305283,1
305284,2
305285,0
305286,1
305287,2
305288,0
305289,1
305290,2
305291,0
305292,1
305293,2
305294,0
305295,1
305296,2
305297,0
305298,1
305299,2
305300,0
305301,1
305302,2
305303,0
305304,1
305305,2
305306,0
305307,1
305308,2
305309,0
305310,1
305311,2
305312,0
305313,1
305314,2
305315,0
305317,1
305318,2
305319,0
305320,1
305321,2
305322,0
305323,1
305324,2
305325,0
305326,1
305327,2
305328,0
305329,1
305330,2
305331,0
305332,1
305333,2
305334,0
305335,1
305336,2
305337,0
305338,1
305339,2
305340,0
305341,1
305342,2
305343,0
305344,1
305345,2
305346,0
305347,1
305348,2
305349,0
305350,1
305351,2
305352,0
305353,1
305354,2
305355,0
305356,1
305357,2
305358,0
305359,1
305360,2
305361,0
305362,1
305363,2
305364,0
305365,1
305366,2
305367,0
305369,1
305370,2
305371,0
305372,1
305373,2
305374,0
305375,1
305376,2
305377,0
305378,1
305379,2
305380,0
305381,1
305382,2
305383,0
305384,1
305385,2
305386,0
305387,1
305389,2
305390,0
305391,1
305392,2
305393,0
305394,1
305395,2
305396,0
305397,1
305398,2
305399,0
305400,1
305401,2
305402,0
305403,1
305404,2
305405,0
305406,1
305407,2
305408,0
305409,1
305410,2
305411,0
305412,1
305413,2
305414,0
305415,1
305416,2
305417,0
305418,1
305419,2
305420,0
305421,1
305422,2
305423,0
305424,1
305425,2
305426,0
305427,1
305428,2
305429,0
305430,1
305431,2
305432,0
305433,1
305434,2
305435,0
305436,1
305437,2
305438,0
305439,1
305440,2
305441,0
305442,1
305443,2
305444,0
305445,1
305446,2
305447,0
305448,1
305449,2
305450,0
305451,1
305452,2
305453,0
305454,1
305455,2
305456,0
305457,1
305458,2
305459,0
305460,1
305461,2
305462,0
305463,1
305464,2
305465,0
305466,1
305467,2
305468,0
305469,1
305470,2
305471,0
305472,1
305473,2
305474,0
305475,1
305476,2
305477,0
305478,1
305479,2
305480,0
305481,1
305482,2
305483,0
305484,1
305485,2
305486,0
305487,1
305488,2
305489,0
305490,1
305491,2
305492,0
305493,1
305494,2
305495,0
305496,1
305497,2
305498,0
305499,1
305500,2
305501,0
305502,1
305503,2
305504,0
305505,1
305506,2
305507,0
305508,1
305509,2
305510,0
305511,1
305512,2
305513,0
305514,1
305515,2
305516,0
305517,1
305518,2
305519,0
305520,1
305521,2
305522,0
305523,1
305524,2
305525,0
305526,1
305527,2
305528,0
305529,1
305530,2
305531,0
305532,1
305533,2
305534,0
305535,1
305536,2
305537,0
305538,1
305539,2
305540,0
305541,1
305542,2
305543,0
305544,1
305545,2
305546,0
305547,1
305548,2
305549,0
305550,1
305551,2
305552,0
305553,1
305554,2
305555,0
305556,1
305557,2
305558,0
305559,1
305560,2
305561,0
305562,1
305563,2
305564,0
305565,1
305566,2
305567,0
305568,1
305569,2
305570,0
305571,1
305572,2
305573,0
305574,1
305575,2
305576,0
305577,1
305579,2
305580,0
305581,1
305582,2
305583,0
305584,1
305585,2
305586,0
305587,1
305588,2
305589,0
305590,1
305591,2
305592,0
305593,1
305594,2
305595,0
305596,1
305597,2
305598,0
305599,1
305600,2
305601,0
305602,1
305603,2
305604,0
305605,1
305606,2
305608,0
305609,1
305610,2
305611,0
305612,1
305613,2
305614,0
305615,1
305616,2
305617,0
305618,1
305619,2
305620,0
305621,1
305622,2
305623,0
305624,1
305625,2
305626,0
305627,1
305628,2
305629,0
305630,1
305631,2
305632,0
305633,1
305634,2
305635,0
305636,1
305637,2
305638,0
305639,1
305640,2
305641,0
305642,1
305643,2
305644,0
305645,1
305646,2
305647,0
305649,1
305651,2
305652,0
305653,1
305654,2
305655,0
305656,1
305658,2
305659,0
305660,1
305661,2
305662,0
305663,1
305664,2
305665,0
305666,1
305667,2
305668,0
305669,1
305670,2
305671,0
305672,1
305673,2
305674,0
305675,1
305676,2
305677,0
305678,1
305679,2
305680,0
305681,1
305682,2
305683,0
305684,1
305685,2
305686,0
305687,1
305688,2
305689,0
305690,1
305691,2
305692,0
305693,1
305694,2
305695,0
305696,1
305697,2
305698,0
305699,1
305700,2
305701,0
305702,1
305703,2
305704,0
305705,1
305706,2
305707,0
305708,1
305709,2
305710,0
305711,1
305712,2
305713,0
305714,1
305715,2
305716,0
305717,1
305718,2
305719,0
305720,1
305721,2
305722,0
305723,1
305724,2
305725,0
305726,1
305727,2
305728,0
305729,1
305730,2
305731,0
305732,1
305733,2
305734,0
305735,1
305736,2
305738,0
305739,1
305740,2
305741,0
305742,1
305743,2
305744,0
305745,1
305746,2
305747,0
305748,1
305749,2
305750,0
305751,1
305752,2
305753,0
305755,1
305756,2
305757,0
305758,1
305759,2
305760,0
305761,1
305762,2
305763,0
305764,1
305765,2
305766,0
305767,1
305768,2
305769,0
305770,1
305771,2
305772,0
305773,1
305774,2
305775,0
305776,1
305777,2
305778,0
305779,1
305780,2
305781,0
305782,1
305783,2
305784,0
305785,1
305786,2
305787,0
305788,1
305789,2
305790,0
305791,1
305792,2
305793,0
305794,1
305795,2
305796,0
305797,1
305798,2
305799,0
305800,1
305801,2
305802,0
305803,1
305804,2
305805,0
305806,1
305807,2
305808,0
305809,1
305810,2
305811,0
305812,1
305813,2
305814,0
305815,1
305816,2
305817,0
305818,1
305819,2
305820,0
305821,1
305822,2
305823,0
305824,1
305825,2
305826,0
305827,1
305828,2
305829,0
305831,1
305832,2
305833,0
305834,1
305835,2
305836,0
305837,1
305838,2
305839,0
305840,1
305841,2
305842,0
305843,1
305844,2
305845,0
305846,1
305847,2
305848,0
305849,1
305850,2
305851,0
305852,1
305853,2
305854,0
305855,1
305856,2
305857,0
305858,1
305859,2
305860,0
305861,1
305862,2
305863,0
305864,1
305865,2
305866,0
305867,1
305869,2
305870,0
305872,1
305873,2
305874,0
305875,1
305877,2
305878,0
305879,1
305880,2
305881,0
305882,1
305883,2
305884,0
305885,1
305886,2
305887,0
305888,1
305889,2
305890,0
305891,1
305892,2
305893,0
305894,1
305895,2
305896,0
305897,1
305898,2
305899,0
305900,1
305901,2
305902,0
305903,1
305904,2
305905,0
305906,1
305907,2
305908,0
305909,1
305910,2
305911,0
305912,1
305913,2
305914,0
305915,1
305916,2
305917,0
305918,1
305919,2
305920,0
305921,1
305922,2
305923,0
305924,1
305925,2
305926,0
305927,1
305928,2
305929,0
305930,1
305931,2
305932,0
305933,1
305935,2
305936,0
305937,1
305938,2
305939,0
305940,1
305941,2
305942,0
305943,1
305944,2
305945,0
305946,1
305947,2
305948,0
305949,1
305950,2
305951,0
305952,1
305953,2
305954,0
305955,1
305956,2
305957,0
305958,1
305959,2
305960,0
305961,1
305962,2
305963,0
305964,1
305965,2
305966,0
305967,1
305968,2
305969,0
305970,1
305971,2
305972,0
305973,1
305974,2
305975,0
305976,1
305977,2
305978,0
305979,1
305980,2
305981,0
305982,1
305983,2
305984,0
305985,1
305986,2
305987,0
305988,1
305989,2
305990,0
305991,1
305992,2
305993,0
305994,1
305995,2
305996,0
305997,1
305998,2
305999,0
306000,1
306001,2
306002,0
306003,1
306004,2
306005,0
306006,1
306007,2
306008,0
306009,1
306010,2
306011,0
306012,1
306013,2
306014,0
306015,1
306016,2
306017,0
306018,1
306019,2
306020,0
306021,1
306022,2
306023,0
306025,1
306026,2
306027,0
306028,1
306029,2
306030,0
306031,1
306032,2
306033,0
306034,1
306035,2
306036,0
306037,1
306038,2
306039,0
306040,1
306041,2
306042,0
306043,1
306044,2
306045,0
306046,1
306047,2
306048,0
306050,1
306051,2
306052,0
306053,1
306054,2
306055,0
306056,1
306057,2
306058,0
306059,1
306060,2
306061,0
306062,1
306063,2
306064,0
306065,1
306066,2
306067,0
306068,1
306069,2
306070,0
306071,1
306072,2
306073,0
306074,1
306075,2
306076,0
306077,1
306078,2
306079,0
306080,1
306081,2
306082,0
306083,1
306084,2
306085,0
306086,1
306087,2
306088,0
306089,1
306090,2
306091,0
306092,1
306093,2
306094,0
306095,1
306096,2
306097,0
306098,1
306099,2
306100,0
306101,1
306102,2
306103,0
306104,1
306105,2
306106,0
306107,1
306108,2
306109,0
306110,1
306111,2
306112,0
306113,1
306114,2
306115,0
306116,1
306117,2
306118,0
306119,1
306120,2
306121,0
306122,1
306123,2
306124,0
306125,1
306126,2
306127,0
306128,1
306129,2
306130,0
306131,1
306132,2
306133,0
306134,1
306135,2
306136,0
306137,1
306139,2
306140,0
306141,1
306142,2
306143,0
306144,1
306145,2
306146,0
306147,1
306148,2
306149,0
306150,1
306151,2
306152,0
306153,1
306154,2
306155,0
306156,1
306157,2
306158,0
306159,1
306160,2
306161,0
306162,1
306163,2
306164,0
306165,1
306166,2
306167,0
306168,1
306169,2
306170,0
306171,1
306172,2
306173,0
306174,1
306175,2
306176,0
306177,1
306178,2
306179,0
306180,1
306181,2
306182,0
306183,1
306184,2
306185,0
306186,1
306187,2
306188,0
306189,1
306190,2
306191,0
306192,1
306193,2
306194,0
306195,1
306196,2
306197,0
306198,1
306199,2
306200,0
306201,1
306202,2
306203,0
306204,1
306205,2
306206,0
306207,1
306208,2
306209,0
306210,1
306211,2
306212,0
306213,1
306214,2
306215,0
306216,1
306217,2
306218,0
306219,1
306220,2
306221,0
306222,1
306223,2
306224,0
306225,1
306226,2
306227,0
306228,1
306229,2
306230,0
306231,1
306232,2
306233,0
306234,1
306235,2
306236,0
306237,1
306238,2
306239,0
306240,1
306241,2
306242,0
306243,1
306244,2
306245,0
306246,1
306247,2
306248,0
306249,1
306250,2
306251,0
306253,1
306254,2
306255,0
306256,1
306257,2
306258,0
306259,1
306260,2
306261,0
306262,1
306263,2
306264,0
306265,1
306266,2
306267,0
306268,1
306269,2
306270,0
306271,1
306272,2
306273,0
306274,1
306275,2
306276,0
306277,1
306278,2
306279,0
306280,1
306281,2
306282,0
306283,1
306284,2
306285,0
306286,1
306287,2
306288,0
306289,1
306290,2
306291,0
306292,1
306293,2
306294,0
306295,1
306296,2
306297,0
306298,1
306299,2
306300,0
306301,1
306302,2
306303,0
306304,1
306305,2
306306,0
306307,1
306308,2
306309,0
306310,1
306311,2
306312,0
306313,1
306314,2
306315,0
306316,1
306317,2
306318,0
306319,1
306320,2
306321,0
306322,1
306323,2
306324,0
306325,1
306326,2
306327,0
306328,1
306329,2
306330,0
306331,1
306332,2
306333,0
306334,1
306335,2
306336,0
306337,1
306338,2
306339,0
306340,1
306342,2
306343,0
306344,1
306345,2
306346,0
306347,1
306348,2
306349,0
306350,1
306351,2
306352,0
306353,1
306354,2
306355,0
306356,1
306357,2
306358,0
306359,1
306360,2
306361,0
306362,1
306363,2
306364,0
306365,1
306366,2
306367,0
306368,1
306369,2
306370,0
306371,1
306372,2
306373,0
306374,1
306375,2
306376,0
306377,1
306378,2
306379,0
306380,1
306381,2
306382,0
306383,1
306384,2
306385,0
306386,1
306387,2
306388,0
306389,1
306390,2
306391,0
306392,1
306393,2
306394,0
306395,1
306396,2
306397,0
306398,1
306399,2
306400,0
306401,1
306402,2
306403,0
306404,1
306405,2
306406,0
306407,1
306408,2
306409,0
306410,1
306411,2
306412,0
306414,1
306415,2
306416,0
306417,1
306418,2
306419,0
306420,1
306421,2
306422,0
306423,1
306424,2
306425,0
306426,1
306427,2
306428,0
306429,1
306430,2
306431,0
306432,1
306433,2
306434,0
306435,1
306436,2
306437,0
306438,1
306439,2
306440,0
306441,1
306442,2
306443,0
306444,1
306445,2
306446,0
306447,1
306448,2
306449,0
306450,1
306451,2
306452,0
306453,1
306454,2
306455,0
306456,1
306457,2
306458,0
306459,1
306460,2
306461,0
306462,1
306463,2
306464,0
306465,1
306466,2
306467,0
306468,1
306469,2
306470,0
306471,1
306472,2
306473,0
306474,1
306475,2
306476,0
306477,1
306478,2
306479,0
306480,1
306481,2
306482,0
306483,1
306484,2
306485,0
306486,1
306487,2
306488,0
306489,1
306490,2
306491,0
306493,1
306494,2
306495,0
306496,1
306497,2
306498,0
306499,1
306500,2
306501,0
306502,1
306503,2
306504,0
306505,1
306506,2
306507,0
306508,1
306509,2
306510,0
306511,1
306512,2
306513,0
306514,1
306515,2
306516,0
306517,1
306518,2
306519,0
306520,1
306521,2
306522,0
306523,1
306524,2
306525,0
306526,1
306527,2
306528,0
306529,1
306530,2
306531,0
306532,1
306533,2
306534,0
306535,1
306536,2
306537,0
306538,1
306539,2
306540,0
306541,1
306542,2
306543,0
306544,1
306545,2
306546,0
306547,1
306548,2
306549,0
306550,1
306551,2
306552,0
306553,1
306554,2
306555,0
306556,1
306557,2
306558,0
306559,1
306560,2
306561,0
306562,1
306563,2
306564,0
306565,1
306566,2
306567,0
306568,1
306569,2
306570,0
306571,1
306572,2
306573,0
306574,1
306575,2
306576,0
306577,1
306578,2
306579,0
306580,1
306581,2
306582,0
306583,1
306584,2
306585,0
306586,1
306587,2
306588,0
306589,1
306590,2
306591,0
306592,1
306593,2
306594,0
306595,1
306596,2
306597,0
306598,1
306599,2
306600,0
306601,1
306602,2
306603,0
306604,1
306605,2
306606,0
306607,1
306608,2
306609,0
306610,1
306611,2
306612,0
306613,1
306614,2
306615,0
306617,1
306618,2
306619,0
306620,1
306621,2
306622,0
306623,1
306624,2
306625,0
306626,1
306627,2
306628,0
306629,1
306630,2
306631,0
306632,1
306633,2
306634,0
306635,1
306636,2
306637,0
306638,1
306640,2
306641,0
306642,1
306643,2
306644,0
306645,1
306646,2
306647,0
306648,1
306649,2
306650,0
306651,1
306652,2
306653,0
306654,1
306655,2
306656,0
306657,1
306658,2
306659,0
306660,1
306661,2
306662,0
306663,1
306664,2
306665,0
306666,1
306667,2
306668,0
306669,1
306670,2
306671,0
306672,1
306673,2
306674,0
306675,1
306676,2
306677,0
306678,1
306680,2
306681,0
306682,1
306683,2
306684,0
306685,1
306686,2
306687,0
306688,1
306689,2
306690,0
306691,1
306692,2
306693,0
306694,1
306695,2
306696,0
306697,1
306698,2
306699,0
306700,1
306701,2
306702,0
306703,1
306704,2
306705,0
306706,1
306707,2
306708,0
306709,1
306710,2
306711,0
306712,1
306713,2
306714,0
306715,1
306716,2
306717,0
306718,1
306719,2
306720,0
306721,1
306722,2
306723,0
306724,1
306725,2
306726,0
306727,1
306728,2
306729,0
306730,1
306731,2
306732,0
306733,1
306734,2
306735,0
306736,1
306737,2
306738,0
306739,1
306740,2
306741,0
306742,1
306743,2
306744,0
306746,1
306747,2
306748,0
306749,1
306750,2
306751,0
306752,1
306753,2
306754,0
306755,1
306756,2
306757,0
306758,1
306759,2
306760,0
306761,1
306762,2
306763,0
306764,1
306765,2
306766,0
306767,1
306768,2
306769,0
306770,1
306771,2
306772,0
306773,1
306774,2
306775,0
306776,1
306777,2
306778,0
306779,1
306780,2
306781,0
306782,1
306783,2
306784,0
306785,1
306786,2
306787,0
306788,1
306789,2
306790,0
306791,1
306792,2
306793,0
306794,1
306795,2
306796,0
306797,1
306798,2
306799,0
306800,1
306801,2
306802,0
306804,1
306805,2
306806,0
306807,1
306808,2
306809,0
306810,1
306811,2
306812,0
306813,1
306814,2
306816,0
306817,1
306818,2
306819,0
306820,1
306821,2
306822,0
306823,1
306824,2
306825,0
306826,1
306827,2
306828,0
306829,1
306830,2
306831,0
306832,1
306833,2
306834,0
306835,1
306836,2
306837,0
306838,1
306839,2
306840,0
306841,1
306842,2
306843,0
306844,1
306845,2
306846,0
306847,1
306848,2
306849,0
306850,1
306851,2
306852,0
306853,1
306854,2
306855,0
306856,1
306857,2
306858,0
306859,1
306860,2
306861,0
306862,1
306863,2
306864,0
306865,1
306866,2
306867,0
306868,1
306869,2
306870,0
306871,1
306872,2
306873,0
306874,1
306875,2
306876,0
306877,1
306878,2
306879,0
306880,1
306882,2
306883,0
306884,1
306885,2
306886,0
306887,1
306888,2
306889,0
306890,1
306891,2
306892,0
306893,1
306894,2
306895,0
306896,1
306897,2
306898,0
306899,1
306900,2
306901,0
306902,1
306903,2
306904,0
306905,1
306906,2
306907,0
306908,1
306909,2
306910,0
306911,1
306912,2
306913,0
306914,1
306915,2
306916,0
306917,1
306918,2
306919,0
306920,1
306921,2
306922,0
306923,1
306924,2
306925,0
306926,1
306927,2
306928,0
306929,1
306930,2
306931,0
306932,1
306933,2
306934,0
306935,1
306936,2
306937,0
306938,1
306939,2
306940,0
306941,1
306942,2
306943,0
306944,1
306945,2
306946,0
306947,1
306948,2
306949,0
306950,1
306951,2
306952,0
306953,1
306954,2
306955,0
306956,1
306957,2
306958,0
306959,1
306960,2
306961,0
306962,1
306963,2
306964,0
306965,1
306966,2
306967,0
306968,1
306969,2
306970,0
306971,1
306972,2
306973,0
306974,1
306975,2
306976,0
306977,1
306978,2
306979,0
306980,1
306981,2
306982,0
306983,1
306984,2
306985,0
306986,1
306987,2
306988,0
306989,1
306990,2
306991,0
306992,1
306993,2
306994,0
306995,1
306996,2
306997,0
306998,1
306999,2
307000,0
307001,1
307002,2
307003,0
307004,1
307005,2
307006,0
307007,1
307008,2
307009,0
307010,1
307011,2
307012,0
307013,1
307014,2
307015,0
307016,1
307017,2
307018,0
307019,1
307020,2
307021,0
307022,1
307023,2
307024,0
307025,1
307026,2
307027,0
307028,1
307029,2
307030,0
307031,1
307032,2
307033,0
307034,1
307035,2
307036,0
307037,1
307038,2
307039,0
307040,1
307041,2
307042,0
307043,1
307044,2
307045,0
307046,1
307047,2
307048,0
307049,1
307050,2
307051,0
307052,1
307053,2
307054,0
307055,1
307056,2
307057,0
307058,1
307059,2
307060,0
307061,1
307062,2
307063,0
307064,1
307065,2
307066,0
307067,1
307068,2
307069,0
307070,1
307071,2
307072,0
307073,1
307074,2
307075,0
307076,1
307077,2
307078,0
307079,1
307080,2
307081,0
307082,1
307083,2
307084,0
307085,1
307086,2
307087,0
307088,1
307089,2
307090,0
307091,1
307092,2
307093,0
307094,1
307095,2
307096,0
307097,1
307098,2
307099,0
307100,1
307101,2
307102,0
307103,1
307104,2
307105,0
307106,1
307107,2
307108,0
307109,1
307111,2
307112,0
307113,1
307114,2
307115,0
307116,1
307117,2
307118,0
307119,1
307120,2
307121,0
307122,1
307123,2
307124,0
307125,1
307126,2
307127,0
307128,1
307129,2
307130,0
307131,1
307132,2
307133,0
307134,1
307135,2
307136,0
307137,1
307138,2
307139,0
307140,1
307141,2
307142,0
307143,1
307144,2
307145,0
307146,1
307147,2
307148,0
307149,1
307150,2
307151,0
307152,1
307153,2
307154,0
307155,1
307156,2
307157,0
307158,1
307159,2
307160,0
307161,1
307162,2
307163,0
307164,1
307165,2
307166,0
307167,1
307168,2
307169,0
307170,1
307171,2
307172,0
307173,1
307174,2
307175,0
307176,1
307177,2
307178,0
307179,1
307180,2
307181,0
307182,1
307183,2
307184,0
307185,1
307186,2
307187,0
307188,1
307189,2
307190,0
307191,1
307192,2
307193,0
307194,1
307195,2
307196,0
307197,1
307198,2
307199,0
307200,1
307201,2
307202,0
307203,1
307204,2
307205,0
307206,1
307207,2
307208,0
307209,1
307210,2
307211,0
307212,1
307213,2
307214,0
307215,1
307216,2
307217,0
307218,1
307219,2
307220,0
307221,1
307222,2
307223,0
307224,1
307225,2
307226,0
307227,1
307228,2
307229,0
307230,1
307231,2
307232,0
307233,1
307234,2
307236,0
307237,1
307238,2
307239,0
307240,1
307241,2
307242,0
307243,1
307244,2
307245,0
307246,1
307247,2
307248,0
307249,1
307250,2
307251,0
307252,1
307253,2
307254,0
307255,1
307256,2
307257,0
307258,1
307259,2
307260,0
307261,1
307262,2
307263,0
307264,1
307265,2
307266,0
307267,1
307268,2
307269,0
307270,1
307271,2
307272,0
307273,1
307274,2
307275,0
307276,1
307277,2
307278,0
307279,1
307280,2
307281,0
307282,1
307283,2
307284,0
307285,1
307286,2
307287,0
307288,1
307289,2
307290,0
307291,1
307292,2
307293,0
307294,1
307295,2
307296,0
307297,1
307298,2
307299,0
307300,1
307301,2
307302,0
307303,1
307304,2
307305,0
307306,1
307307,2
307309,0
307310,1
307311,2
307312,0
307313,1
307314,2
307315,0
307316,1
307317,2
307318,0
307319,1
307320,2
307321,0
307322,1
307323,2
307324,0
307325,1
307326,2
307327,0
307328,1
307329,2
307330,0
307331,1
307332,2
307333,0
307334,1
307335,2
307336,0
307337,1
307338,2
307339,0
307340,1
307341,2
307342,0
307343,1
307344,2
307345,0
307346,1
307347,2
307348,0
307349,1
307350,2
307351,0
307352,1
307353,2
307354,0
307355,1
307356,2
307357,0
307358,1
307359,2
307360,0
307361,1
307362,2
307364,0
307365,1
307366,2
307367,0
307368,1
307369,2
307370,0
307371,1
307372,2
307373,0
307374,1
307375,2
307376,0
307377,1
307378,2
307379,0
307380,1
307381,2
307382,0
307383,1
307384,2
307385,0
307386,1
307387,2
307388,0
307389,1
307390,2
307391,0
307392,1
307393,2
307394,0
307395,1
307396,2
307397,0
307398,1
307399,2
307400,0
307401,1
307402,2
307403,0
307404,1
307405,2
307406,0
307407,1
307408,2
307409,0
307410,1
307411,2
307412,0
307413,1
307414,2
307415,0
307416,1
307417,2
307418,0
307419,1
307420,2
307421,0
307422,1
307423,2
307424,0
307425,1
307426,2
307427,0
307428,1
307429,2
307430,0
307431,1
307432,2
307433,0
307434,1
307435,2
307436,0
307437,1
307438,2
307439,0
307441,1
307442,2
307443,0
307444,1
307445,2
307446,0
307447,1
307448,2
307449,0
307450,1
307451,2
307452,0
307453,1
307454,2
307455,0
307456,1
307457,2
307458,0
307459,1
307460,2
307461,0
307462,1
307463,2
307464,0
307465,1
307466,2
307467,0
307468,1
307469,2
307470,0
307471,1
307472,2
307473,0
307474,1
307475,2
307476,0
307477,1
307478,2
307479,0
307480,1
307481,2
307482,0
307483,1
307484,2
307485,0
307486,1
307487,2
307488,0
307489,1
307490,2
307491,0
307492,1
307493,2
307494,0
307495,1
307496,2
307497,0
307498,1
307499,2
307500,0
307501,1
307502,2
307503,0
307504,1
307505,2
307506,0
307507,1
307508,2
307509,0
307510,1
307511,2
307512,0
307513,1
307514,2
307515,0
307516,1
307517,2
307518,0
307519,1
307520,2
307521,0
307522,1
307523,2
307524,0
307525,1
307526,2
307527,0
307528,1
307529,2
307530,0
307531,1
307532,2
307533,0
307534,1
307535,2
307536,0
307537,1
307538,2
307539,0
307540,1
307541,2
307542,0
307543,1
307544,2
307545,0
307546,1
307547,2
307548,0
307549,1
307550,2
307551,0
307552,1
307553,2
307554,0
307555,1
307556,2
307557,0
307558,1
307559,2
307560,0
307561,1
307562,2
307563,0
307564,1
307565,2
307566,0
307567,1
307568,2
307569,0
307570,1
307571,2
307572,0
307573,1
307574,2
307575,0
307576,1
307577,2
307578,0
307579,1
307580,2
307581,0
307582,1
307583,2
307584,0
307585,1
307586,2
307587,0
307588,1
307589,2
307590,0
307591,1
307592,2
307593,0
307594,1
307595,2
307596,0
307597,1
307598,2
307599,0
307600,1
307601,2
307602,0
307603,1
307604,2
307605,0
307606,1
307607,2
307608,0
307609,1
307610,2
307611,0
307612,1
307613,2
307614,0
307615,1
307616,2
307617,0
307618,1
307619,2
307620,0
307621,1
307622,2
307623,0
307624,1
307625,2
307626,0
307627,1
307628,2
307629,0
307630,1
307631,2
307632,0
307633,1
307635,2
307636,0
307637,1
307638,2
307639,0
307640,1
307641,2
307642,0
307643,1
307644,2
307645,0
307646,1
307647,2
307648,0
307649,1
307650,2
307651,0
307652,1
307653,2
307654,0
307655,1
307656,2
307657,0
307658,1
307659,2
307660,0
307661,1
307662,2
307663,0
307664,1
307665,2
307666,0
307667,1
307668,2
307669,0
307670,1
307671,2
307672,0
307673,1
307674,2
307675,0
307676,1
307678,2
307679,0
307680,1
307681,2
307682,0
307683,1
307684,2
307685,0
307686,1
307687,2
307688,0
307689,1
307690,2
307691,0
307692,1
307693,2
307694,0
307695,1
307696,2
307697,0
307698,1
307699,2
307700,0
307701,1
307702,2
307703,0
307704,1
307705,2
307706,0
307707,1
307708,2
307709,0
307710,1
307711,2
307712,0
307713,1
307714,2
307715,0
307716,1
307717,2
307718,0
307719,1
307720,2
307721,0
307722,1
307723,2
307724,0
307725,1
307726,2
307727,0
307728,1
307729,2
307730,0
307731,1
307732,2
307733,0
307734,1
307735,2
307736,0
307737,1
307738,2
307739,0
307740,1
307741,2
307742,0
307743,1
307744,2
307745,0
307746,1
307747,2
307748,0
307749,1
307750,2
307751,0
307752,1
307753,2
307754,0
307755,1
307756,2
307757,0
307758,1
307759,2
307760,0
307761,1
307762,2
307763,0
307764,1
307765,2
307766,0
307767,1
307768,2
307769,0
307770,1
307771,2
307772,0
307773,1
307774,2
307775,0
307776,1
307777,2
307778,0
307779,1
307780,2
307781,0
307782,1
307783,2
307784,0
307785,1
307786,2
307787,0
307788,1
307789,2
307790,0
307791,1
307792,2
307793,0
307794,1
307795,2
307796,0
307797,1
307798,2
307799,0
307800,1
307801,2
307802,0
307803,1
307804,2
307805,0
307806,1
307807,2
307808,0
307809,1
307810,2
307811,0
307812,1
307813,2
307814,0
307815,1
307816,2
307817,0
307818,1
307819,2
307820,0
307821,1
307822,2
307823,0
307824,1
307825,2
307826,0
307827,1
307828,2
307829,0
307830,1
307831,2
307832,0
307833,1
307834,2
307835,0
307836,1
307837,2
307838,0
307839,1
307840,2
307841,0
307842,1
307843,2
307844,0
307845,1
307846,2
307847,0
307848,1
307849,2
307850,0
307851,1
307852,2
307853,0
307854,1
307855,2
307856,0
307857,1
307858,2
307859,0
307860,1
307861,2
307862,0
307863,1
307864,2
307865,0
307866,1
307867,2
307868,0
307869,1
307870,2
307871,0
307872,1
307873,2
307874,0
307875,1
307876,2
307877,0
307878,1
307879,2
307880,0
307881,1
307882,2
307883,0
307884,1
307885,2
307886,0
307887,1
307888,2
307889,0
307890,1
307891,2
307892,0
307893,1
307894,2
307895,0
307896,1
307897,2
307898,0
307899,1
307900,2
307901,0
307902,1
307903,2
307904,0
307905,1
307906,2
307907,0
307908,1
307909,2
307910,0
307911,1
307912,2
307913,0
307914,1
307915,2
307916,0
307917,1
307918,2
307919,0
307920,1
307921,2
307922,0
307923,1
307924,2
307925,0
307926,1
307927,2
307928,0
307929,1
307930,2
307931,0
307932,1
307933,2
307934,0
307935,1
307936,2
307937,0
307938,1
307939,2
307940,0
307941,1
307942,2
307943,0
307944,1
307945,2
307946,0
307947,1
307948,2
307949,0
307950,1
307951,2
307952,0
307953,1
307955,2
307956,0
307957,1
307958,2
307959,0
307960,1
307961,2
307962,0
307963,1
307964,2
307965,0
307966,1
307967,2
307968,0
307969,1
307970,2
307971,0
307972,1
307973,2
307974,0
307975,1
307976,2
307977,0
307978,1
307979,2
307980,0
307981,1
307982,2
307983,0
307984,1
307985,2
307986,0
307987,1
307988,2
307989,0
307990,1
307991,2
307992,0
307993,1
307994,2
307995,0
307996,1
307997,2
307998,0
307999,1
308000,2
308001,0
308002,1
308003,2
308004,0
308005,1
308006,2
308007,0
308008,1
308009,2
308010,0
308011,1
308012,2
308013,0
308014,1
308015,2
308016,0
308017,1
308018,2
308019,0
308020,1
308021,2
308022,0
308023,1
308024,2
308025,0
308026,1
308027,2
308028,0
308029,1
308030,2
308031,0
308032,1
308033,2
308034,0
308035,1
308036,2
308037,0
308038,1
308039,2
308040,0
308041,1
308042,2
308043,0
308044,1
308045,2
308046,0
308047,1
308048,2
308049,0
308050,1
308051,2
308052,0
308053,1
308054,2
308055,0
308056,1
308057,2
308058,0
308059,1
308060,2
308061,0
308062,1
308063,2
308064,0
308065,1
308066,2
308067,0
308068,1
308069,2
308070,0
308072,1
308073,2
308074,0
308075,1
308076,2
308077,0
308078,1
308079,2
308080,0
308081,1
308082,2
308083,0
308084,1
308085,2
308086,0
308087,1
308088,2
308089,0
308090,1
308091,2
308092,0
308093,1
308094,2
308095,0
308096,1
308097,2
308098,0
308099,1
308100,2
308101,0
308102,1
308103,2
308104,0
308105,1
308106,2
308107,0
308108,1
308109,2
308110,0
308111,1
308112,2
308113,0
308114,1
308115,2
308116,0
308117,1
308118,2
308119,0
308120,1
308121,2
308122,0
308123,1
308124,2
308125,0
308126,1
308127,2
308128,0
308129,1
308130,2
308131,0
308132,1
308133,2
308134,0
308135,1
308136,2
308137,0
308138,1
308139,2
308140,0
308141,1
308142,2
308143,0
308144,1
308145,2
308146,0
308147,1
308148,2
308149,0
308150,1
308151,2
308152,0
308153,1
308154,2
308155,0
308156,1
308157,2
308158,0
308159,1
308160,2
308161,0
308163,1
308164,2
308165,0
308166,1
308167,2
308168,0
308169,1
308170,2
308171,0
308172,1
308173,2
308174,0
308175,1
308176,2
308177,0
308178,1
308179,2
308180,0
308181,1
308182,2
308183,0
308184,1
308185,2
308186,0
308187,1
308188,2
308189,0
308190,1
308191,2
308192,0
308193,1
308194,2
308195,0
308196,1
308197,2
308198,0
308199,1
308200,2
308201,0
308202,1
308203,2
308204,0
308205,1
308206,2
308207,0
308208,1
308209,2
308210,0
308211,1
308212,2
308213,0
308214,1
308215,2
308216,0
308217,1
308218,2
308219,0
308220,1
308221,2
308222,0
308223,1
308224,2
308225,0
308226,1
308227,2
308228,0
308229,1
308230,2
308231,0
308232,1
308233,2
308234,0
308235,1
308236,2
308237,0
308238,1
308239,2
308240,0
308241,1
308242,2
308243,0
308244,1
308245,2
308246,0
308247,1
308248,2
308249,0
308250,1
308252,2
308253,0
308254,1
308255,2
308256,0
308257,1
308258,2
308259,0
308260,1
308261,2
308262,0
308263,1
308264,2
308265,0
308266,1
308267,2
308268,0
308269,1
308270,2
308271,0
308272,1
308273,2
308274,0
308275,1
308277,2
308278,0
308279,1
308280,2
308281,0
308282,1
308283,2
308284,0
308285,1
308286,2
308287,0
308288,1
308289,2
308290,0
308291,1
308292,2
308293,0
308294,1
308295,2
308296,0
308297,1
308298,2
308299,0
308300,1
308301,2
308302,0
308303,1
308304,2
308305,0
308306,1
308307,2
308308,0
308309,1
308310,2
308311,0
308312,1
308313,2
308314,0
308315,1
308316,2
308317,0
308318,1
308319,2
308320,0
308321,1
308322,2
308323,0
308324,1
308325,2
308326,0
308327,1
308328,2
308329,0
308330,1
308331,2
308332,0
308333,1
308334,2
308335,0
308336,1
308337,2
308338,0
308339,1
308340,2
308341,0
308342,1
308343,2
308344,0
308345,1
308346,2
308347,0
308348,1
308349,2
308350,0
308351,1
308352,2
308353,0
308354,1
308355,2
308356,0
308357,1
308358,2
308359,0
308360,1
308362,2
308363,0
308364,1
308365,2
308366,0
308367,1
308368,2
308369,0
308370,1
308371,2
308372,0
308373,1
308374,2
308375,0
308376,1
308377,2
308378,0
308379,1
308380,2
308381,0
308382,1
308383,2
308384,0
308385,1
308386,2
308387,0
308388,1
308389,2
308390,0
308391,1
308392,2
308393,0
308394,1
308395,2
308396,0
308397,1
308398,2
308399,0
308400,1
308401,2
308402,0
308403,1
308404,2
308405,0
308406,1
308407,2
308408,0
308409,1
308410,2
308411,0
308412,1
308413,2
308414,0
308415,1
308416,2
308417,0
308418,1
308419,2
308420,0
308421,1
308422,2
308423,0
308424,1
308425,2
308426,0
308427,1
308428,2
308429,0
308430,1
308431,2
308432,0
308433,1
308434,2
308435,0
308436,1
308437,2
308438,0
308439,1
308440,2
308441,0
308442,1
308443,2
308444,0
308445,1
308446,2
308448,0
308449,1
308450,2
308451,0
308452,1
308453,2
308454,0
308455,1
308456,2
308457,0
308458,1
308459,2
308460,0
308461,1
308462,2
308463,0
308464,1
308465,2
308466,0
308467,1
308468,2
308469,0
308470,1
308471,2
308472,0
308473,1
308474,2
308475,0
308476,1
308477,2
308478,0
308479,1
308480,2
308481,0
308482,1
308483,2
308484,0
308485,1
308487,2
308488,0
308489,1
308490,2
308491,0
308492,1
308493,2
308494,0
308495,1
308496,2
308497,0
308498,1
308499,2
308500,0
308501,1
308503,2
308504,0
308505,1
308506,2
308507,0
308508,1
308509,2
308510,0
308511,1
308512,2
308513,0
308514,1
308515,2
308516,0
308517,1
308518,2
308519,0
308520,1
308521,2
308522,0
308523,1
308524,2
308525,0
308526,1
308527,2
308528,0
308529,1
308530,2
308531,0
308532,1
308533,2
308534,0
308535,1
308536,2
308537,0
308538,1
308539,2
308540,0
308541,1
308542,2
308543,0
308544,1
308545,2
308546,0
308547,1
308548,2
308549,0
308550,1
308551,2
308552,0
308553,1
308554,2
308555,0
308556,1
308557,2
308558,0
308559,1
308561,2
308562,0
308563,1
308564,2
308565,0
308566,1
308567,2
308568,0
308569,1
308570,2
308571,0
308572,1
308573,2
308574,0
308575,1
308576,2
308577,0
308578,1
308579,2
308580,0
308581,1
308582,2
308583,0
308584,1
308585,2
308586,0
308587,1
308588,2
308589,0
308590,1
308591,2
308592,0
308593,1
308594,2
308595,0
308596,1
308597,2
308598,0
308599,1
308600,2
308601,0
308602,1
308603,2
308604,0
308605,1
308606,2
308607,0
308608,1
308609,2
308611,0
308612,1
308613,2
308614,0
308615,1
308616,2
308617,0
308618,1
308619,2
308620,0
308621,1
308622,2
308623,0
308624,1
308625,2
308626,0
308627,1
308628,2
308629,0
308630,1
308631,2
308632,0
308633,1
308634,2
308635,0
308636,1
308637,2
308638,0
308639,1
308640,2
308641,0
308642,1
308643,2
308644,0
308645,1
308646,2
308647,0
308648,1
308649,2
308650,0
308651,1
308652,2
308653,0
308654,1
308655,2
308656,0
308657,1
308658,2
308659,0
308660,1
308661,2
308662,0
308663,1
308664,2
308665,0
308667,1
308668,2
308669,0
308670,1
308671,2
308672,0
308673,1
308674,2
308675,0
308676,1
308677,2
308678,0
308679,1
308680,2
308681,0
308682,1
308683,2
308684,0
308685,1
308686,2
308687,0
308688,1
308689,2
308690,0
308691,1
308692,2
308693,0
308694,1
308695,2
308696,0
308697,1
308698,2
308699,0
308700,1
308701,2
308702,0
308703,1
308704,2
308705,0
308706,1
308707,2
308708,0
308709,1
308710,2
308711,0
308712,1
308713,2
308715,0
308716,1
308717,2
308718,0
308719,1
308720,2
308721,0
308722,1
308723,2
308724,0
308725,1
308726,2
308727,0
308728,1
308729,2
308730,0
308731,1
308732,2
308733,0
308734,1
308735,2
308736,0
308737,1
308738,2
308739,0
308740,1
308741,2
308742,0
308743,1
308744,2
308745,0
308746,1
308747,2
308748,0
308749,1
308750,2
308751,0
308752,1
308753,2
308754,0
308755,1
308756,2
308757,0
308758,1
308759,2
308760,0
308761,1
308762,2
308763,0
308764,1
308765,2
308766,0
308767,1
308768,2
308769,0
308770,1
308771,2
308772,0
308773,1
308774,2
308775,0
308776,1
308777,2
308778,0
308779,1
308780,2
308781,0
308782,1
308783,2
308784,0
308785,1
308786,2
308787,0
308788,1
308789,2
308790,0
308791,1
308792,2
308793,0
308794,1
308795,2
308796,0
308797,1
308798,2
308799,0
308800,1
308801,2
308802,0
308803,1
308804,2
308805,0
308806,1
308807,2
308808,0
308809,1
308810,2
308811,0
308812,1
308813,2
308814,0
308815,1
308816,2
308817,0
308818,1
308819,2
308820,0
308821,1
308822,2
308823,0
308824,1
308825,2
308826,0
308827,1
308828,2
308829,0
308830,1
308831,2
308832,0
308833,1
308834,2
308835,0
308836,1
308837,2
308838,0
308839,1
308840,2
308841,0
308842,1
308843,2
308844,0
308845,1
308846,2
308847,0
308848,1
308849,2
308850,0
308851,1
308852,2
308853,0
308854,1
308855,2
308856,0
308857,1
308858,2
308859,0
308860,1
308861,2
308862,0
308863,1
308864,2
308865,0
308866,1
308867,2
308868,0
308869,1
308870,2
308871,0
308872,1
308873,2
308874,0
308875,1
308876,2
308877,0
308878,1
308879,2
308880,0
308881,1
308882,2
308883,0
308884,1
308885,2
308886,0
308887,1
308888,2
308889,0
308890,1
308891,2
308892,0
308893,1
308894,2
308895,0
308896,1
308897,2
308898,0
308899,1
308900,2
308901,0
308902,1
308903,2
308904,0
308905,1
308906,2
308907,0
308908,1
308909,2
308910,0
308911,1
308912,2
308913,0
308914,1
308915,2
308916,0
308917,1
308918,2
308919,0
308920,1
308921,2
308922,0
308923,1
308924,2
308925,0
308926,1
308927,2
308928,0
308929,1
308930,2
308931,0
308932,1
308933,2
308934,0
308935,1
308936,2
308937,0
308938,1
308939,2
308940,0
308941,1
308942,2
308943,0
308944,1
308945,2
308946,0
308947,1
308948,2
308949,0
308950,1
308951,2
308952,0
308953,1
308954,2
308955,0
308956,1
308957,2
308958,0
308959,1
308960,2
308961,0
308962,1
308963,2
308964,0
308965,1
308966,2
308967,0
308968,1
308970,2
308971,0
308972,1
308973,2
308974,0
308975,1
308976,2
308977,0
308978,1
308979,2
308980,0
308981,1
308982,2
308983,0
308984,1
308985,2
308986,0
308987,1
308988,2
308989,0
308990,1
308991,2
308992,0
308993,1
308994,2
308995,0
308996,1
308997,2
308998,0
308999,1
309000,2
309001,0
309002,1
309003,2
309004,0
309005,1
309006,2
309007,0
309008,1
309009,2
309010,0
309011,1
309012,2
309013,0
309014,1
309015,2
309016,0
309017,1
309018,2
309019,0
309020,1
309021,2
309022,0
309023,1
309024,2
309025,0
309026,1
309027,2
309028,0
309029,1
309030,2
309031,0
309032,1
309033,2
309034,0
309035,1
309036,2
309037,0
309038,1
309039,2
309040,0
309041,1
309042,2
309043,0
309044,1
309045,2
309046,0
309047,1
309048,2
309049,0
309050,1
309051,2
309052,0
309053,1
309054,2
309055,0
309056,1
309057,2
309058,0
309059,1
309060,2
309061,0
309062,1
309063,2
309064,0
309065,1
309066,2
309067,0
309068,1
309069,2
309070,0
309071,1
309072,2
309073,0
309074,1
309075,2
309076,0
309077,1
309078,2
309079,0
309080,1
309081,2
309082,0
309083,1
309085,2
309086,0
309087,1
309088,2
309089,0
309090,1
309091,2
309092,0
309093,1
309094,2
309095,0
309096,1
309097,2
309098,0
309099,1
309100,2
309101,0
309102,1
309104,2
309105,0
309106,1
309107,2
309108,0
309109,1
309110,2
309111,0
309112,1
309113,2
309115,0
309116,1
309117,2
309118,0
309119,1
309120,2
309121,0
309122,1
309123,2
309124,0
309125,1
309126,2
309127,0
309128,1
309129,2
309130,0
309131,1
309132,2
309133,0
309134,1
309135,2
309136,0
309137,1
309138,2
309139,0
309140,1
309141,2
309142,0
309143,1
309144,2
309145,0
309146,1
309147,2
309148,0
309149,1
309150,2
309152,0
309153,1
309154,2
309155,0
309156,1
309157,2
309158,0
309159,1
309160,2
309161,0
309162,1
309163,2
309164,0
309165,1
309166,2
309167,0
309168,1
309169,2
309170,0
309171,1
309172,2
309173,0
309174,1
309175,2
309176,0
309177,1
309178,2
309179,0
309180,1
309181,2
309182,0
309183,1
309184,2
309186,0
309187,1
309188,2
309189,0
309190,1
309191,2
309192,0
309193,1
309194,2
309195,0
309196,1
309197,2
309198,0
309199,1
309200,2
309201,0
309202,1
309203,2
309204,0
309205,1
309206,2
309207,0
309208,1
309209,2
309210,0
309211,1
309212,2
309213,0
309214,1
309215,2
309216,0
309217,1
309218,2
309219,0
309220,1
309221,2
309222,0
309223,1
309224,2
309225,0
309226,1
309227,2
309228,0
309229,1
309230,2
309231,0
309232,1
309233,2
309234,0
309235,1
309236,2
309237,0
309238,1
309239,2
309240,0
309241,1
309242,2
309243,0
309244,1
309245,2
309246,0
309247,1
309248,2
309249,0
309250,1
309251,2
309253,0
309254,1
309255,2
309256,0
309257,1
309258,2
309259,0
309260,1
309261,2
309262,0
309263,1
309264,2
309265,0
309266,1
309267,2
309268,0
309269,1
309270,2
309271,0
309272,1
309273,2
309274,0
309275,1
309276,2
309277,0
309278,1
309279,2
309280,0
309281,1
309282,2
309283,0
309284,1
309285,2
309286,0
309287,1
309288,2
309289,0
309290,1
309291,2
309292,0
309293,1
309294,2
309295,0
309296,1
309297,2
309298,0
309299,1
309300,2
309301,0
309302,1
309303,2
309304,0
309305,1
309306,2
309307,0
309308,1
309309,2
309310,0
309311,1
309312,2
309313,0
309314,1
309315,2
309316,0
309317,1
309318,2
309319,0
309320,1
309321,2
309322,0
309323,1
309324,2
309325,0
309326,1
309327,2
309328,0
309329,1
309330,2
309331,0
309332,1
309333,2
309334,0
309335,1
309336,2
309337,0
309338,1
309339,2
309340,0
309341,1
309343,2
309344,0
309345,1
309346,2
309347,0
309348,1
309349,2
309350,0
309351,1
309352,2
309353,0
309354,1
309355,2
309356,0
309357,1
309358,2
309359,0
309360,1
309361,2
309362,0
309363,1
309364,2
309366,0
309367,1
309368,2
309369,0
309370,1
309371,2
309372,0
309373,1
309374,2
309375,0
309376,1
309377,2
309378,0
309379,1
309380,2
309381,0
309382,1
309383,2
309384,0
309385,1
309386,2
309387,0
309388,1
309389,2
309390,0
309391,1
309392,2
309393,0
309394,1
309395,2
309396,0
309397,1
309398,2
309399,0
309400,1
309401,2
309402,0
309403,1
309404,2
309405,0
309406,1
309407,2
309408,0
309409,1
309410,2
309411,0
309413,1
309414,2
309415,0
309416,1
309417,2
309418,0
309419,1
309420,2
309421,0
309422,1
309423,2
309424,0
309425,1
309426,2
309427,0
309428,1
309430,2
309431,0
309432,1
309433,2
309434,0
309435,1
309436,2
309437,0
309438,1
309439,2
309440,0
309441,1
309442,2
309443,0
309444,1
309445,2
309446,0
309447,1
309448,2
309449,0
309450,1
309451,2
309452,0
309453,1
309454,2
309455,0
309456,1
309457,2
309458,0
309459,1
309460,2
309461,0
309462,1
309463,2
309464,0
309465,1
309466,2
309467,0
309468,1
309469,2
309470,0
309471,1
309472,2
309473,0
309474,1
309475,2
309476,0
309477,1
309478,2
309479,0
309480,1
309481,2
309482,0
309483,1
309484,2
309485,0
309486,1
309487,2
309488,0
309489,1
309490,2
309491,0
309492,1
309493,2
309494,0
309495,1
309496,2
309497,0
309498,1
309499,2
309500,0
309501,1
309502,2
309503,0
309504,1
309505,2
309506,0
309507,1
309508,2
309510,0
309511,1
309512,2
309513,0
309514,1
309515,2
309516,0
309517,1
309518,2
309519,0
309520,1
309521,2
309522,0
309523,1
309524,2
309525,0
309526,1
309527,2
309528,0
309529,1
309530,2
309531,0
309532,1
309533,2
309534,0
309535,1
309536,2
309537,0
309538,1
309539,2
309540,0
309541,1
309542,2
309543,0
309544,1
309545,2
309546,0
309547,1
309548,2
309549,0
309550,1
309551,2
309552,0
309553,1
309554,2
309555,0
309556,1
309557,2
309558,0
309559,1
309560,2
309561,0
309562,1
309563,2
309564,0
309565,1
309566,2
309567,0
309568,1
309569,2
309570,0
309571,1
309572,2
309573,0
309574,1
309575,2
309576,0
309577,1
309578,2
309579,0
309580,1
309581,2
309582,0
309583,1
309584,2
309585,0
309586,1
309587,2
309588,0
309589,1
309590,2
309591,0
309592,1
309593,2
309594,0
309595,1
309596,2
309597,0
309598,1
309599,2
309600,0
309601,1
309603,2
309604,0
309605,1
309606,2
309607,0
309608,1
309609,2
309610,0
309611,1
309612,2
309613,0
309614,1
309615,2
309616,0
309617,1
309618,2
309619,0
309620,1
309621,2
309622,0
309623,1
309624,2
309625,0
309626,1
309627,2
309628,0
309629,1
309630,2
309631,0
309632,1
309633,2
309634,0
309635,1
309636,2
309637,0
309638,1
309639,2
309640,0
309641,1
309642,2
309643,0
309644,1
309645,2
309646,0
309647,1
309648,2
309649,0
309650,1
309651,2
309652,0
309653,1
309654,2
309655,0
309656,1
309657,2
309658,0
309659,1
309660,2
309661,0
309662,1
309663,2
309664,0
309665,1
309666,2
309667,0
309668,1
309669,2
309670,0
309671,1
309672,2
309673,0
309674,1
309675,2
309676,0
309677,1
309678,2
309679,0
309680,1
309681,2
309682,0
309683,1
309684,2
309685,0
309686,1
309687,2
309688,0
309689,1
309690,2
309691,0
309692,1
309693,2
309694,0
309695,1
309696,2
309697,0
309698,1
309699,2
309700,0
309701,1
309702,2
309703,0
309704,1
309705,2
309706,0
309707,1
309708,2
309709,0
309710,1
309711,2
309712,0
309713,1
309714,2
309715,0
309716,1
309717,2
309718,0
309719,1
309720,2
309721,0
309722,1
309723,2
309724,0
309725,1
309726,2
309727,0
309728,1
309729,2
309730,0
309731,1
309732,2
309733,0
309734,1
309735,2
309736,0
309737,1
309738,2
309739,0
309740,1
309741,2
309742,0
309743,1
309744,2
309745,0
309746,1
309747,2
309748,0
309749,1
309750,2
309751,0
309752,1
309753,2
309754,0
309755,1
309756,2
309757,0
309758,1
309759,2
309760,0
309761,1
309762,2
309763,0
309764,1
309765,2
309766,0
309767,1
309768,2
309769,0
309770,1
309771,2
309772,0
309773,1
309774,2
309775,0
309776,1
309777,2
309778,0
309779,1
309780,2
309781,0
309782,1
309783,2
309784,0
309785,1
309786,2
309787,0
309788,1
309789,2
309790,0
309791,1
309792,2
309793,0
309794,1
309795,2
309796,0
309797,1
309798,2
309799,0
309800,1
309801,2
309802,0
309803,1
309804,2
309805,0
309806,1
309807,2
309808,0
309809,1
309810,2
309811,0
309812,1
309813,2
309814,0
309815,1
309816,2
309817,0
309818,1
309819,2
309820,0
309821,1
309822,2
309823,0
309824,1
309825,2
309826,0
309827,1
309828,2
309829,0
309830,1
309831,2
309832,0
309833,1
309834,2
309835,0
309836,1
309837,2
309838,0
309839,1
309840,2
309841,0
309842,1
309843,2
309844,0
309845,1
309846,2
309847,0
309848,1
309849,2
309850,0
309851,1
309852,2
309853,0
309854,1
309855,2
309856,0
309857,1
309858,2
309859,0
309860,1
309861,2
309862,0
309863,1
309864,2
309865,0
309866,1
309867,2
309868,0
309869,1
309870,2
309871,0
309872,1
309873,2
309874,0
309875,1
309876,2
309877,0
309878,1
309879,2
309880,0
309881,1
309882,2
309883,0
309884,1
309885,2
309886,0
309887,1
309888,2
309889,0
309890,1
309891,2
309892,0
309893,1
309894,2
309895,0
309896,1
309897,2
309898,0
309899,1
309900,2
309901,0
309902,1
309903,2
309904,0
309905,1
309906,2
309907,0
309908,1
309909,2
309911,0
309912,1
309913,2
309914,0
309915,1
309916,2
309917,0
309918,1
309919,2
309920,0
309921,1
309922,2
309923,0
309924,1
309925,2
309926,0
309927,1
309928,2
309929,0
309930,1
309931,2
309932,0
309933,1
309934,2
309935,0
309936,1
309937,2
309938,0
309939,1
309940,2
309941,0
309942,1
309943,2
309944,0
309945,1
309946,2
309947,0
309948,1
309949,2
309950,0
309951,1
309952,2
309953,0
309954,1
309955,2
309956,0
309957,1
309958,2
309959,0
309960,1
309961,2
309962,0
309963,1
309964,2
309965,0
309966,1
309967,2
309968,0
309969,1
309970,2
309971,0
309972,1
309973,2
309974,0
309975,1
309976,2
309977,0
309978,1
309979,2
309980,0
309981,1
309982,2
309983,0
309984,1
309985,2
309986,0
309987,1
309988,2
309989,0
309990,1
309991,2
309992,0
309993,1
309994,2
309996,0
309997,1
309998,2
309999,0
310000,1
310001,2
310002,0
310003,1
310004,2
310005,0
310006,1
310007,2
310008,0
310009,1
310010,2
310011,0
310012,1
310013,2
310014,0
310015,1
310016,2
310017,0
310018,1
310019,2
310020,0
310021,1
310022,2
310023,0
310024,1
310025,2
310026,0
310027,1
310028,2
310029,0
310030,1
310031,2
310032,0
310033,1
310034,2
310035,0
310036,1
310037,2
310038,0
310039,1
310040,2
310041,0
310042,1
310043,2
310044,0
310045,1
310046,2
310047,0
310048,1
310049,2
310050,0
310051,1
310052,2
310053,0
310054,1
310055,2
310056,0
310057,1
310058,2
310059,0
310060,1
310061,2
310062,0
310063,1
310064,2
310065,0
310066,1
310067,2
310068,0
310069,1
310070,2
310071,0
310072,1
310073,2
310074,0
310075,1
310076,2
310077,0
310078,1
310079,2
310080,0
310081,1
310082,2
310083,0
310084,1
310085,2
310086,0
310087,1
310088,2
310089,0
310090,1
310091,2
310092,0
310093,1
310094,2
310095,0
310096,1
310097,2
310098,0
310099,1
310100,2
310101,0
310102,1
310103,2
310104,0
310105,1
310107,2
310108,0
310109,1
310110,2
310111,0
310112,1
310113,2
310114,0
310115,1
310116,2
310117,0
310118,1
310119,2
310120,0
310121,1
310122,2
310123,0
310124,1
310125,2
310126,0
310127,1
310128,2
310129,0
310130,1
310131,2
310132,0
310133,1
310134,2
310135,0
310136,1
310137,2
310138,0
310139,1
310140,2
310141,0
310142,1
310143,2
310145,0
310146,1
310147,2
310148,0
310149,1
310150,2
310151,0
310152,1
310153,2
310154,0
310155,1
310156,2
310157,0
310158,1
310159,2
310160,0
310161,1
310162,2
310163,0
310164,1
310166,2
310167,0
310168,1
310169,2
310170,0
310171,1
310172,2
310173,0
310174,1
310175,2
310176,0
310177,1
310178,2
310179,0
310180,1
310181,2
310182,0
310183,1
310184,2
310185,0
310186,1
310187,2
310188,0
310189,1
310190,2
310191,0
310192,1
310193,2
310194,0
310195,1
310196,2
310197,0
310198,1
310199,2
310200,0
310201,1
310202,2
310203,0
310204,1
310205,2
310206,0
310207,1
310208,2
310209,0
310210,1
310211,2
310212,0
310213,1
310214,2
310215,0
310216,1
310217,2
310218,0
310219,1
310220,2
310221,0
310222,1
310223,2
310224,0
310225,1
310226,2
310227,0
310228,1
310229,2
310230,0
310231,1
310232,2
310233,0
310234,1
310235,2
310236,0
310237,1
310238,2
310239,0
310240,1
310241,2
310242,0
310243,1
310244,2
310245,0
310246,1
310247,2
310248,0
310249,1
310250,2
310251,0
310252,1
310253,2
310254,0
310255,1
310256,2
310257,0
310258,1
310259,2
310260,0
310261,1
310262,2
310263,0
310264,1
310265,2
310266,0
310267,1
310268,2
310269,0
310270,1
310271,2
310272,0
310273,1
310274,2
310275,0
310276,1
310277,2
310278,0
310279,1
310280,2
310281,0
310282,1
310283,2
310284,0
310285,1
310286,2
310287,0
310288,1
310289,2
310290,0
310291,1
310292,2
310293,0
310294,1
310295,2
310296,0
310297,1
310298,2
310299,0
310300,1
310301,2
310302,0
310303,1
310304,2
310305,0
310306,1
310307,2
310308,0
310309,1
310310,2
310311,0
310312,1
310313,2
310314,0
310315,1
310316,2
310317,0
310318,1
310319,2
310320,0
310321,1
310322,2
310323,0
310324,1
310325,2
310326,0
310327,1
310328,2
310329,0
310330,1
310331,2
310332,0
310333,1
310334,2
310335,0
310336,1
310337,2
310338,0
310339,1
310340,2
310341,0
310342,1
310344,2
310345,0
310346,1
310347,2
310348,0
310349,1
310350,2
310351,0
310352,1
310353,2
310354,0
310355,1
310356,2
310357,0
310358,1
310359,2
310360,0
310361,1
310362,2
310363,0
310364,1
310365,2
310366,0
310367,1
310368,2
310369,0
310370,1
310371,2
310372,0
310373,1
310374,2
310375,0
310376,1
310377,2
310378,0
310379,1
310380,2
310381,0
310382,1
310383,2
310384,0
310385,1
310386,2
310387,0
310388,1
310389,2
310390,0
310391,1
310392,2
310393,0
310394,1
310396,2
310397,0
310398,1
310399,2
310400,0
310401,1
310402,2
310403,0
310404,1
310405,2
310406,0
310408,1
310409,2
310410,0
310411,1
310412,2
310413,0
310414,1
310415,2
310416,0
310417,1
310418,2
310419,0
310420,1
310421,2
310422,0
310423,1
310424,2
310425,0
310426,1
310427,2
310428,0
310429,1
310430,2
310431,0
310432,1
310433,2
310434,0
310435,1
310436,2
310437,0
310438,1
310439,2
310440,0
310441,1
310442,2
310443,0
310444,1
310445,2
310446,0
310447,1
310448,2
310449,0
310450,1
310451,2
310452,0
310453,1
310454,2
310455,0
310456,1
310457,2
310458,0
310459,1
310460,2
310461,0
310462,1
310463,2
310464,0
310465,1
310466,2
310467,0
310468,1
310469,2
310470,0
310471,1
310472,2
310473,0
310474,1
310475,2
310476,0
310477,1
310478,2
310479,0
310480,1
310481,2
310482,0
310483,1
310484,2
310485,0
310486,1
310487,2
310488,0
310489,1
310490,2
310491,0
310492,1
310493,2
310494,0
310495,1
310496,2
310497,0
310498,1
310499,2
310500,0
310501,1
310502,2
310503,0
310504,1
310505,2
310506,0
310507,1
310508,2
310509,0
310510,1
310511,2
310512,0
310513,1
310514,2
310515,0
310516,1
310517,2
310518,0
310519,1
310520,2
310521,0
310522,1
310523,2
310524,0
310525,1
310526,2
310527,0
310528,1
310529,2
310530,0
310531,1
310532,2
310533,0
310534,1
310535,2
310536,0
310537,1
310539,2
310540,0
310541,1
310542,2
310543,0
310544,1
310545,2
310546,0
310547,1
310548,2
310549,0
310550,1
310551,2
310552,0
310553,1
310554,2
310555,0
310556,1
310557,2
310558,0
310559,1
310560,2
310561,0
310562,1
310563,2
310564,0
310565,1
310566,2
310567,0
310568,1
310569,2
310570,0
310571,1
310572,2
310574,0
310575,1
310576,2
310577,0
310578,1
310579,2
310580,0
310581,1
310582,2
310583,0
310584,1
310585,2
310586,0
310587,1
310588,2
310589,0
310590,1
310591,2
310592,0
310593,1
310594,2
310595,0
310596,1
310597,2
310598,0
310599,1
310600,2
310601,0
310602,1
310603,2
310604,0
310605,1
310606,2
310607,0
310608,1
310609,2
310610,0
310611,1
310612,2
310613,0
310614,1
310615,2
310616,0
310617,1
310618,2
310619,0
310620,1
310621,2
310622,0
310623,1
310624,2
310625,0
310626,1
310627,2
310628,0
310629,1
310630,2
310631,0
310632,1
310633,2
310634,0
310635,1
310636,2
310637,0
310638,1
310639,2
310640,0
310641,1
310642,2
310643,0
310644,1
310645,2
310646,0
310647,1
310648,2
310649,0
310650,1
310651,2
310652,0
310653,1
310654,2
310655,0
310656,1
310657,2
310658,0
310659,1
310660,2
310661,0
310662,1
310663,2
310664,0
310665,1
310666,2
310667,0
310668,1
310670,2
310671,0
310672,1
310673,2
310674,0
310675,1
310676,2
310677,0
310678,1
310679,2
310680,0
310681,1
310682,2
310683,0
310684,1
310685,2
310686,0
310687,1
310688,2
310689,0
310690,1
310691,2
310692,0
310693,1
310694,2
310695,0
310696,1
310697,2
310698,0
310699,1
310700,2
310701,0
310702,1
310703,2
310704,0
310705,1
310706,2
310707,0
310708,1
310710,2
310711,0
310712,1
310713,2
310714,0
310715,1
310716,2
310717,0
310718,1
310719,2
310720,0
310721,1
310722,2
310723,0
310724,1
310725,2
310726,0
310727,1
310728,2
310729,0
310730,1
310731,2
310732,0
310733,1
310734,2
310735,0
310736,1
310737,2
310738,0
310739,1
310740,2
310741,0
310742,1
310743,2
310744,0
310745,1
310746,2
310747,0
310748,1
310749,2
310750,0
310751,1
310752,2
310753,0
310754,1
310756,2
310757,0
310758,1
310759,2
310760,0
310761,1
310762,2
310763,0
310764,1
310765,2
310766,0
310767,1
310768,2
310769,0
310770,1
310771,2
310772,0
310773,1
310774,2
310775,0
310776,1
310777,2
310779,0
310780,1
310781,2
310782,0
310783,1
310784,2
310785,0
310786,1
310787,2
310788,0
310789,1
310790,2
310792,0
310793,1
310794,2
310795,0
310796,1
310797,2
310798,0
310799,1
310800,2
310801,0
310802,1
310803,2
310804,0
310805,1
310806,2
310807,0
310808,1
310809,2
310810,0
310811,1
310812,2
310814,0
310815,1
310816,2
310817,0
310818,1
310819,2
310820,0
310821,1
310822,2
310823,0
310824,1
310826,2
310827,0
310828,1
310829,2
310830,0
310831,1
310832,2
310833,0
310834,1
310835,2
310836,0
310837,1
310838,2
310839,0
310840,1
310841,2
310842,0
310843,1
310844,2
310845,0
310846,1
310847,2
310848,0
310849,1
310850,2
310851,0
310852,1
310853,2
310854,0
310855,1
310856,2
310857,0
310858,1
310859,2
310860,0
310861,1
310862,2
310863,0
310865,1
310866,2
310867,0
310868,1
310869,2
310870,0
310871,1
310872,2
310873,0
310874,1
310875,2
310876,0
310877,1
310878,2
310879,0
310881,1
310882,2
310883,0
310884,1
310885,2
310886,0
310887,1
310888,2
310889,0
310890,1
310891,2
310892,0
310893,1
310894,2
310895,0
310896,1
310897,2
310898,0
310899,1
310900,2
310901,0
310902,1
310903,2
310904,0
310905,1
310906,2
310907,0
310908,1
310909,2
310910,0
310911,1
310912,2
310913,0
310914,1
310915,2
310916,0
310917,1
310918,2
310919,0
310920,1
310921,2
310922,0
310923,1
310924,2
310925,0
310926,1
310927,2
310928,0
310929,1
310930,2
310931,0
310932,1
310933,2
310934,0
310935,1
310936,2
310937,0
310938,1
310939,2
310940,0
310941,1
310942,2
310943,0
310944,1
310945,2
310946,0
310947,1
310948,2
310949,0
310950,1
310951,2
310952,0
310953,1
310954,2
310955,0
310956,1
310957,2
310958,0
310959,1
310961,2
310962,0
310963,1
310964,2
310965,0
310966,1
310968,2
310969,0
310970,1
310971,2
310972,0
310973,1
310974,2
310975,0
310976,1
310977,2
310978,0
310979,1
310980,2
310981,0
310982,1
310983,2
310984,0
310985,1
310986,2
310987,0
310988,1
310989,2
310990,0
310991,1
310992,2
310993,0
310994,1
310995,2
310996,0
310997,1
310998,2
310999,0
311000,1
311001,2
311002,0
311003,1
311004,2
311005,0
311006,1
311007,2
311008,0
311009,1
311010,2
311011,0
311012,1
311013,2
311014,0
311015,1
311016,2
311017,0
311018,1
311020,2
311021,0
311022,1
311023,2
311024,0
311025,1
311026,2
311027,0
311028,1
311029,2
311030,0
311031,1
311032,2
311033,0
311034,1
311035,2
311036,0
311037,1
311038,2
311039,0
311040,1
311042,2
311043,0
311044,1
311045,2
311046,0
311047,1
311048,2
311049,0
311050,1
311051,2
311052,0
311053,1
311054,2
311055,0
311056,1
311057,2
311058,0
311059,1
311060,2
311061,0
311062,1
311063,2
311064,0
311065,1
311066,2
311067,0
311068,1
311069,2
311070,0
311071,1
311072,2
311073,0
311074,1
311075,2
311076,0
311077,1
311078,2
311079,0
311080,1
311081,2
311082,0
311083,1
311084,2
311085,0
311086,1
311087,2
311088,0
311089,1
311090,2
311091,0
311092,1
311093,2
311094,0
311095,1
311096,2
311097,0
311098,1
311099,2
311100,0
311101,1
311102,2
311103,0
311104,1
311105,2
311106,0
311107,1
311108,2
311109,0
311110,1
311111,2
311112,0
311113,1
311114,2
311115,0
311116,1
311117,2
311118,0
311120,1
311121,2
311122,0
311123,1
311124,2
311125,0
311126,1
311127,2
311128,0
311129,1
311130,2
311131,0
311132,1
311133,2
311134,0
311135,1
311136,2
311137,0
311138,1
311139,2
311140,0
311141,1
311142,2
311143,0
311144,1
311145,2
311146,0
311147,1
311148,2
311149,0
311150,1
311151,2
311152,0
311153,1
311154,2
311155,0
311156,1
311157,2
311158,0
311159,1
311160,2
311161,0
311162,1
311163,2
311164,0
311165,1
311166,2
311167,0
311168,1
311169,2
311170,0
311171,1
311172,2
311173,0
311174,1
311175,2
311176,0
311177,1
311178,2
311179,0
311180,1
311181,2
311182,0
311183,1
311184,2
311185,0
311186,1
311187,2
311188,0
311189,1
311190,2
311191,0
311192,1
311193,2
311194,0
311195,1
311196,2
311197,0
311198,1
311199,2
311200,0
311201,1
311202,2
311203,0
311204,1
311205,2
311206,0
311207,1
311208,2
311209,0
311210,1
311211,2
311212,0
311213,1
311214,2
311215,0
311216,1
311217,2
311218,0
311219,1
311220,2
311221,0
311222,1
311223,2
311224,0
311225,1
311227,2
311228,0
311229,1
311230,2
311231,0
311232,1
311233,2
311234,0
311235,1
311236,2
311237,0
311238,1
311239,2
311240,0
311241,1
311242,2
311243,0
311244,1
311245,2
311246,0
311247,1
311248,2
311250,0
311251,1
311252,2
311253,0
311254,1
311255,2
311256,0
311257,1
311258,2
311259,0
311260,1
311261,2
311262,0
311263,1
311264,2
311265,0
311266,1
311267,2
311268,0
311269,1
311270,2
311271,0
311272,1
311273,2
311274,0
311275,1
311276,2
311277,0
311278,1
311279,2
311280,0
311281,1
311282,2
311283,0
311284,1
311285,2
311286,0
311287,1
311288,2
311289,0
311290,1
311291,2
311292,0
311293,1
311294,2
311295,0
311296,1
311297,2
311298,0
311299,1
311300,2
311301,0
311302,1
311303,2
311304,0
311305,1
311306,2
311307,0
311308,1
311309,2
311310,0
311311,1
311312,2
311313,0
311314,1
311315,2
311316,0
311317,1
311318,2
311319,0
311320,1
311321,2
311322,0
311323,1
311324,2
311325,0
311326,1
311327,2
311328,0
311329,1
311330,2
311331,0
311332,1
311333,2
311334,0
311335,1
311336,2
311337,0
311338,1
311339,2
311340,0
311341,1
311342,2
311343,0
311344,1
311345,2
311346,0
311347,1
311348,2
311349,0
311350,1
311351,2
311352,0
311353,1
311354,2
311355,0
311356,1
311357,2
311358,0
311359,1
311360,2
311361,0
311362,1
311363,2
311364,0
311365,1
311366,2
311367,0
311368,1
311369,2
311370,0
311371,1
311372,2
311373,0
311374,1
311375,2
311376,0
311377,1
311378,2
311379,0
311380,1
311381,2
311382,0
311383,1
311384,2
311385,0
311386,1
311387,2
311388,0
311389,1
311390,2
311391,0
311392,1
311393,2
311394,0
311395,1
311396,2
311397,0
311398,1
311399,2
311400,0
311401,1
311402,2
311403,0
311404,1
311405,2
311406,0
311407,1
311408,2
311409,0
311410,1
311411,2
311412,0
311413,1
311414,2
311415,0
311416,1
311417,2
311418,0
311419,1
311420,2
311421,0
311422,1
311423,2
311424,0
311425,1
311426,2
311427,0
311428,1
311429,2
311430,0
311431,1
311432,2
311433,0
311434,1
311435,2
311436,0
311437,1
311438,2
311439,0
311440,1
311441,2
311442,0
311443,1
311444,2
311445,0
311446,1
311447,2
311448,0
311449,1
311451,2
311452,0
311453,1
311454,2
311455,0
311456,1
311457,2
311458,0
311459,1
311460,2
311461,0
311462,1
311463,2
311464,0
311465,1
311466,2
311467,0
311468,1
311469,2
311470,0
311471,1
311472,2
311473,0
311474,1
311475,2
311476,0
311477,1
311478,2
311479,0
311480,1
311481,2
311482,0
311483,1
311484,2
311485,0
311486,1
311487,2
311488,0
311489,1
311490,2
311491,0
311492,1
311493,2
311494,0
311495,1
311496,2
311497,0
311498,1
311499,2
311500,0
311501,1
311503,2
311504,0
311505,1
311506,2
311507,0
311508,1
311509,2
311510,0
311511,1
311512,2
311513,0
311514,1
311515,2
311516,0
311517,1
311518,2
311519,0
311520,1
311521,2
311522,0
311523,1
311524,2
311525,0
311526,1
311527,2
311528,0
311529,1
311530,2
311531,0
311532,1
311533,2
311534,0
311535,1
311536,2
311537,0
311538,1
311539,2
311540,0
311541,1
311542,2
311543,0
311544,1
311545,2
311546,0
311547,1
311548,2
311549,0
311550,1
311551,2
311552,0
311553,1
311554,2
311555,0
311556,1
311557,2
311558,0
311559,1
311560,2
311561,0
311562,1
311563,2
311564,0
311565,1
311566,2
311567,0
311568,1
311569,2
311570,0
311571,1
311572,2
311573,0
311574,1
311575,2
311576,0
311577,1
311578,2
311579,0
311580,1
311582,2
311583,0
311584,1
311585,2
311586,0
311587,1
311588,2
311589,0
311590,1
311591,2
311592,0
311593,1
311594,2
311595,0
311596,1
311597,2
311598,0
311599,1
311600,2
311601,0
311602,1
311603,2
311604,0
311605,1
311606,2
311607,0
311608,1
311609,2
311610,0
311611,1
311612,2
311613,0
311614,1
311615,2
311616,0
311617,1
311618,2
311619,0
311620,1
311621,2
311622,0
311623,1
311624,2
311625,0
311626,1
311627,2
311628,0
311629,1
311630,2
311631,0
311632,1
311633,2
311634,0
311635,1
311636,2
311637,0
311638,1
311639,2
311640,0
311641,1
311642,2
311643,0
311644,1
311645,2
311646,0
311647,1
311648,2
311649,0
311650,1
311651,2
311652,0
311653,1
311654,2
311655,0
311656,1
311658,2
311659,0
311660,1
311661,2
311662,0
311663,1
311665,2
311666,0
311667,1
311668,2
311669,0
311670,1
311671,2
311672,0
311673,1
311675,2
311676,0
311677,1
311678,2
311679,0
311680,1
311681,2
311682,0
311683,1
311684,2
311685,0
311686,1
311687,2
311688,0
311689,1
311690,2
311691,0
311692,1
311693,2
311694,0
311695,1
311696,2
311697,0
311698,1
311699,2
311700,0
311701,1
311702,2
311703,0
311704,1
311705,2
311706,0
311707,1
311708,2
311709,0
311710,1
311711,2
311712,0
311713,1
311714,2
311715,0
311716,1
311717,2
311718,0
311719,1
311720,2
311721,0
311722,1
311723,2
311724,0
311725,1
311726,2
311727,0
311728,1
311730,2
311731,0
311732,1
311733,2
311734,0
311735,1
311736,2
311737,0
311738,1
311739,2
311740,0
311741,1
311742,2
311743,0
311744,1
311745,2
311746,0
311747,1
311748,2
311749,0
311750,1
311751,2
311752,0
311753,1
311754,2
311755,0
311756,1
311757,2
311758,0
311759,1
311760,2
311761,0
311762,1
311763,2
311764,0
311765,1
311766,2
311767,0
311768,1
311769,2
311770,0
311771,1
311772,2
311773,0
311774,1
311775,2
311776,0
311777,1
311778,2
311779,0
311780,1
311781,2
311782,0
311783,1
311785,2
311786,0
311787,1
311788,2
311789,0
311790,1
311791,2
311792,0
311793,1
311794,2
311795,0
311796,1
311797,2
311798,0
311799,1
311800,2
311801,0
311802,1
311803,2
311804,0
311805,1
311806,2
311807,0
311808,1
311809,2
311810,0
311811,1
311812,2
311813,0
311814,1
311815,2
311816,0
311817,1
311818,2
311819,0
311820,1
311821,2
311822,0
311823,1
311824,2
311825,0
311826,1
311827,2
311828,0
311829,1
311830,2
311831,0
311832,1
311833,2
311834,0
311835,1
311836,2
311837,0
311838,1
311839,2
311840,0
311841,1
311842,2
311843,0
311844,1
311845,2
311846,0
311847,1
311848,2
311849,0
311850,1
311851,2
311852,0
311853,1
311854,2
311855,0
311856,1
311857,2
311858,0
311859,1
311860,2
311861,0
311862,1
311863,2
311864,0
311865,1
311866,2
311867,0
311868,1
311869,2
311870,0
311871,1
311872,2
311873,0
311874,1
311875,2
311876,0
311877,1
311878,2
311879,0
311880,1
311881,2
311882,0
311883,1
311884,2
311885,0
311886,1
311887,2
311888,0
311889,1
311891,2
311892,0
311893,1
311894,2
311895,0
311896,1
311897,2
311898,0
311899,1
311900,2
311901,0
311902,1
311903,2
311904,0
311905,1
311906,2
311907,0
311908,1
311909,2
311910,0
311911,1
311912,2
311913,0
311914,1
311916,2
311917,0
311918,1
311919,2
311920,0
311921,1
311922,2
311923,0
311924,1
311925,2
311926,0
311927,1
311928,2
311929,0
311930,1
311931,2
311932,0
311933,1
311934,2
311935,0
311936,1
311937,2
311938,0
311939,1
311940,2
311941,0
311942,1
311943,2
311944,0
311945,1
311946,2
311947,0
311948,1
311949,2
311950,0
311951,1
311953,2
311954,0
311955,1
311956,2
311957,0
311958,1
311959,2
311960,0
311961,1
311962,2
311963,0
311964,1
311965,2
311966,0
311968,1
311969,2
311970,0
311971,1
311972,2
311973,0
311974,1
311975,2
311976,0
311977,1
311978,2
311979,0
311980,1
311981,2
311982,0
311983,1
311984,2
311985,0
311986,1
311987,2
311988,0
311989,1
311990,2
311991,0
311992,1
311993,2
311994,0
311995,1
311996,2
311997,0
311998,1
311999,2
312000,0
312001,1
312002,2
312003,0
312004,1
312005,2
312006,0
312008,1
312009,2
312010,0
312011,1
312012,2
312013,0
312014,1
312015,2
312016,0
312017,1
312018,2
312019,0
312020,1
312021,2
312022,0
312023,1
312024,2
312025,0
312026,1
312027,2
312028,0
312029,1
312030,2
312031,0
312032,1
312033,2
312034,0
312035,1
312036,2
312037,0
312038,1
312039,2
312040,0
312041,1
312042,2
312043,0
312044,1
312045,2
312046,0
312047,1
312048,2
312049,0
312050,1
312051,2
312052,0
312053,1
312054,2
312055,0
312056,1
312057,2
312058,0
312059,1
312060,2
312061,0
312062,1
312063,2
312064,0
312065,1
312066,2
312067,0
312068,1
312069,2
312070,0
312071,1
312072,2
312073,0
312074,1
312075,2
312076,0
312077,1
312078,2
312079,0
312080,1
312081,2
312082,0
312083,1
312084,2
312085,0
312086,1
312087,2
312088,0
312089,1
312090,2
312091,0
312092,1
312093,2
312094,0
312095,1
312096,2
312097,0
312098,1
312099,2
312100,0
312101,1
312102,2
312103,0
312104,1
312105,2
312106,0
312107,1
312108,2
312109,0
312110,1
312111,2
312112,0
312113,1
312114,2
312115,0
312116,1
312117,2
312118,0
312119,1
312120,2
312121,0
312122,1
312123,2
312124,0
312125,1
312126,2
312127,0
312128,1
312129,2
312130,0
312131,1
312132,2
312133,0
312134,1
312135,2
312136,0
312137,1
312138,2
312139,0
312140,1
312141,2
312142,0
312143,1
312144,2
312145,0
312146,1
312147,2
312148,0
312149,1
312150,2
312151,0
312152,1
312153,2
312154,0
312155,1
312156,2
312157,0
312158,1
312159,2
312160,0
312161,1
312162,2
312163,0
312164,1
312165,2
312166,0
312167,1
312168,2
312169,0
312170,1
312171,2
312172,0
312173,1
312174,2
312175,0
312176,1
312177,2
312178,0
312179,1
312180,2
312181,0
312182,1
312183,2
312184,0
312185,1
312186,2
312187,0
312188,1
312189,2
312190,0
312191,1
312192,2
312193,0
312194,1
312195,2
312196,0
312197,1
312198,2
312199,0
312200,1
312201,2
312202,0
312203,1
312204,2
312205,0
312206,1
312207,2
312208,0
312209,1
312210,2
312211,0
312212,1
312213,2
312214,0
312215,1
312216,2
312217,0
312218,1
312219,2
312220,0
312221,1
312222,2
312223,0
312224,1
312225,2
312226,0
312227,1
312228,2
312229,0
312230,1
312231,2
312232,0
312233,1
312234,2
312235,0
312236,1
312237,2
312238,0
312239,1
312240,2
312241,0
312242,1
312243,2
312244,0
312245,1
312246,2
312247,0
312248,1
312249,2
312250,0
312251,1
312252,2
312253,0
312254,1
312255,2
312256,0
312257,1
312258,2
312259,0
312260,1
312261,2
312262,0
312263,1
312264,2
312265,0
312266,1
312267,2
312268,0
312269,1
312270,2
312271,0
312272,1
312273,2
312274,0
312275,1
312276,2
312277,0
312278,1
312279,2
312280,0
312281,1
312282,2
312283,0
312284,1
312285,2
312286,0
312287,1
312288,2
312289,0
312290,1
312291,2
312292,0
312293,1
312295,2
312296,0
312297,1
312298,2
312299,0
312300,1
312301,2
312302,0
312303,1
312306,2
312307,0
312308,1
312309,2
312310,0
312311,1
312312,2
312313,0
312314,1
312315,2
312316,0
312317,1
312318,2
312319,0
312320,1
312321,2
312322,0
312323,1
312324,2
312326,0
312327,1
312328,2
312329,0
312330,1
312331,2
312332,0
312333,1
312334,2
312335,0
312336,1
312337,2
312338,0
312339,1
312340,2
312341,0
312342,1
312343,2
312344,0
312345,1
312346,2
312347,0
312349,1
312350,2
312351,0
312352,1
312353,2
312354,0
312355,1
312356,2
312357,0
312358,1
312359,2
312360,0
312361,1
312362,2
312363,0
312364,1
312365,2
312366,0
312367,1
312368,2
312369,0
312370,1
312371,2
312372,0
312373,1
312374,2
312375,0
312376,1
312377,2
312378,0
312379,1
312380,2
312381,0
312382,1
312383,2
312384,0
312385,1
312386,2
312387,0
312388,1
312389,2
312390,0
312391,1
312392,2
312393,0
312394,1
312395,2
312396,0
312397,1
312398,2
312400,0
312401,1
312402,2
312403,0
312404,1
312405,2
312406,0
312407,1
312408,2
312409,0
312410,1
312411,2
312412,0
312413,1
312414,2
312415,0
312416,1
312417,2
312418,0
312419,1
312420,2
312421,0
312422,1
312423,2
312424,0
312425,1
312426,2
312427,0
312428,1
312429,2
312430,0
312431,1
312432,2
312433,0
312434,1
312435,2
312436,0
312437,1
312438,2
312439,0
312440,1
312441,2
312442,0
312443,1
312444,2
312445,0
312446,1
312447,2
312448,0
312449,1
312450,2
312451,0
312452,1
312453,2
312454,0
312455,1
312456,2
312457,0
312458,1
312460,2
312461,0
312462,1
312463,2
312464,0
312465,1
312466,2
312467,0
312468,1
312469,2
312470,0
312471,1
312472,2
312473,0
312474,1
312475,2
312476,0
312477,1
312478,2
312479,0
312480,1
312481,2
312482,0
312483,1
312484,2
312485,0
312486,1
312487,2
312488,0
312489,1
312490,2
312491,0
312492,1
312493,2
312494,0
312495,1
312496,2
312497,0
312498,1
312499,2
312500,0
312501,1
312502,2
312503,0
312504,1
312505,2
312506,0
312507,1
312508,2
312510,0
312511,1
312512,2
312513,0
312514,1
312515,2
312516,0
312517,1
312518,2
312520,0
312521,1
312522,2
312523,0
312524,1
312525,2
312526,0
312527,1
312528,2
312529,0
312530,1
312531,2
312532,0
312533,1
312534,2
312535,0
312536,1
312537,2
312538,0
312539,1
312540,2
312541,0
312542,1
312543,2
312544,0
312545,1
312546,2
312547,0
312548,1
312549,2
312550,0
312551,1
312552,2
312553,0
312554,1
312555,2
312556,0
312557,1
312558,2
312559,0
312560,1
312561,2
312562,0
312563,1
312564,2
312565,0
312566,1
312567,2
312568,0
312569,1
312570,2
312571,0
312573,1
312574,2
312575,0
312576,1
312577,2
312578,0
312579,1
312580,2
312581,0
312582,1
312583,2
312584,0
312585,1
312586,2
312587,0
312588,1
312589,2
312590,0
312591,1
312592,2
312594,0
312595,1
312596,2
312597,0
312598,1
312599,2
312600,0
312601,1
312602,2
312603,0
312604,1
312605,2
312606,0
312607,1
312608,2
312610,0
312611,1
312612,2
312613,0
312614,1
312615,2
312616,0
312617,1
312618,2
312619,0
312620,1
312621,2
312622,0
312623,1
312624,2
312625,0
312626,1
312627,2
312628,0
312629,1
312630,2
312631,0
312632,1
312633,2
312634,0
312635,1
312636,2
312637,0
312638,1
312639,2
312640,0
312641,1
312642,2
312643,0
312644,1
312645,2
312646,0
312647,1
312648,2
312649,0
312650,1
312651,2
312652,0
312653,1
312654,2
312655,0
312656,1
312657,2
312658,0
312659,1
312660,2
312661,0
312662,1
312663,2
312664,0
312665,1
312666,2
312667,0
312668,1
312669,2
312671,0
312672,1
312673,2
312674,0
312675,1
312676,2
312677,0
312678,1
312679,2
312680,0
312681,1
312682,2
312683,0
312684,1
312685,2
312686,0
312687,1
312688,2
312689,0
312690,1
312691,2
312692,0
312693,1
312694,2
312695,0
312696,1
312697,2
312698,0
312699,1
312700,2
312701,0
312702,1
312703,2
312704,0
312705,1
312706,2
312707,0
312708,1
312709,2
312710,0
312711,1
312712,2
312713,0
312714,1
312715,2
312716,0
312717,1
312718,2
312719,0
312720,1
312721,2
312722,0
312723,1
312724,2
312725,0
312726,1
312727,2
312728,0
312729,1
312730,2
312731,0
312732,1
312733,2
312734,0
312735,1
312736,2
312737,0
312738,1
312739,2
312740,0
312741,1
312742,2
312743,0
312744,1
312745,2
312746,0
312747,1
312748,2
312749,0
312750,1
312751,2
312752,0
312753,1
312754,2
312755,0
312756,1
312757,2
312758,0
312759,1
312760,2
312761,0
312762,1
312763,2
312764,0
312765,1
312766,2
312767,0
312768,1
312769,2
312770,0
312771,1
312772,2
312773,0
312774,1
312775,2
312776,0
312777,1
312778,2
312779,0
312780,1
312781,2
312782,0
312783,1
312784,2
312785,0
312786,1
312787,2
312788,0
312789,1
312790,2
312791,0
312792,1
312793,2
312794,0
312795,1
312796,2
312797,0
312798,1
312799,2
312800,0
312801,1
312802,2
312803,0
312804,1
312805,2
312806,0
312807,1
312808,2
312809,0
312810,1
312811,2
312812,0
312813,1
312814,2
312815,0
312816,1
312817,2
312818,0
312819,1
312820,2
312821,0
312822,1
312823,2
312824,0
312825,1
312827,2
312828,0
312829,1
312830,2
312831,0
312832,1
312833,2
312834,0
312835,1
312836,2
312837,0
312838,1
312839,2
312840,0
312841,1
312842,2
312843,0
312844,1
312845,2
312846,0
312847,1
312848,2
312849,0
312850,1
312851,2
312852,0
312853,1
312854,2
312855,0
312856,1
312857,2
312858,0
312859,1
312860,2
312861,0
312862,1
312863,2
312864,0
312865,1
312866,2
312867,0
312868,1
312869,2
312870,0
312871,1
312873,2
312874,0
312875,1
312876,2
312877,0
312878,1
312879,2
312880,0
312881,1
312882,2
312883,0
312885,1
312886,2
312887,0
312888,1
312889,2
312890,0
312891,1
312892,2
312893,0
312894,1
312895,2
312896,0
312897,1
312898,2
312899,0
312900,1
312901,2
312902,0
312903,1
312904,2
312905,0
312906,1
312907,2
312908,0
312909,1
312910,2
312911,0
312912,1
312913,2
312914,0
312915,1
312916,2
312917,0
312919,1
312920,2
312921,0
312922,1
312923,2
312924,0
312925,1
312926,2
312927,0
312928,1
312929,2
312930,0
312931,1
312932,2
312933,0
312934,1
312935,2
312936,0
312937,1
312938,2
312939,0
312940,1
312941,2
312942,0
312943,1
312944,2
312945,0
312946,1
312947,2
312948,0
312949,1
312950,2
312951,0
312952,1
312953,2
312954,0
312955,1
312956,2
312959,0
312960,1
312961,2
312962,0
312963,1
312964,2
312965,0
312966,1
312967,2
312968,0
312969,1
312970,2
312971,0
312972,1
312973,2
312974,0
312975,1
312976,2
312977,0
312978,1
312979,2
312980,0
312981,1
312982,2
312983,0
312984,1
312985,2
312986,0
312987,1
312988,2
312989,0
312990,1
312991,2
312992,0
312993,1
312995,2
312996,0
312997,1
312998,2
312999,0
313000,1
313001,2
313002,0
313003,1
313004,2
313005,0
313006,1
313007,2
313008,0
313010,1
313011,2
313012,0
313013,1
313014,2
313015,0
313016,1
313017,2
313018,0
313020,1
313021,2
313022,0
313023,1
313024,2
313025,0
313026,1
313027,2
313028,0
313029,1
313030,2
313031,0
313032,1
313033,2
313034,0
313035,1
313036,2
313037,0
313038,1
313039,2
313040,0
313041,1
313042,2
313043,0
313044,1
313045,2
313046,0
313047,1
313048,2
313049,0
313050,1
313051,2
313052,0
313053,1
313054,2
313055,0
313056,1
313057,2
313058,0
313059,1
313060,2
313061,0
313062,1
313063,2
313064,0
313065,1
313066,2
313067,0
313068,1
313069,2
313070,0
313071,1
313072,2
313073,0
313074,1
313075,2
313076,0
313077,1
313078,2
313079,0
313080,1
313081,2
313082,0
313083,1
313084,2
313085,0
313086,1
313087,2
313088,0
313089,1
313090,2
313091,0
313092,1
313093,2
313094,0
313095,1
313096,2
313097,0
313098,1
313099,2
313100,0
313101,1
313102,2
313103,0
313104,1
313105,2
313106,0
313107,1
313109,2
313110,0
313111,1
313112,2
313113,0
313114,1
313115,2
313116,0
313117,1
313118,2
313119,0
313120,1
313121,2
313122,0
313123,1
313124,2
313125,0
313126,1
313127,2
313128,0
313129,1
313130,2
313131,0
313132,1
313133,2
313134,0
313135,1
313136,2
313137,0
313138,1
313139,2
313140,0
313141,1
313142,2
313143,0
313144,1
313145,2
313146,0
313148,1
313149,2
313150,0
313151,1
313152,2
313153,0
313154,1
313155,2
313156,0
313157,1
313158,2
313159,0
313160,1
313161,2
313162,0
313163,1
313164,2
313165,0
313166,1
313167,2
313168,0
313169,1
313170,2
313171,0
313172,1
313173,2
313174,0
313175,1
313176,2
313177,0
313178,1
313179,2
313180,0
313181,1
313182,2
313183,0
313184,1
313185,2
313186,0
313187,1
313188,2
313189,0
313190,1
313191,2
313192,0
313193,1
313194,2
313195,0
313196,1
313197,2
313198,0
313199,1
313200,2
313201,0
313202,1
313203,2
313204,0
313205,1
313206,2
313207,0
313208,1
313209,2
313210,0
313211,1
313212,2
313213,0
313214,1
313215,2
313216,0
313217,1
313218,2
313219,0
313220,1
313221,2
313222,0
313223,1
313224,2
313225,0
313226,1
313227,2
313228,0
313229,1
313230,2
313231,0
313232,1
313233,2
313234,0
313235,1
313236,2
313237,0
313238,1
313239,2
313240,0
313241,1
313242,2
313243,0
313244,1
313245,2
313246,0
313247,1
313248,2
313249,0
313250,1
313251,2
313252,0
313253,1
313254,2
313255,0
313256,1
313257,2
313258,0
313259,1
313260,2
313261,0
313262,1
313263,2
313264,0
313265,1
313266,2
313267,0
313268,1
313269,2
313270,0
313271,1
313272,2
313273,0
313274,1
313275,2
313276,0
313277,1
313278,2
313279,0
313280,1
313281,2
313282,0
313283,1
313284,2
313285,0
313286,1
313287,2
313288,0
313289,1
313290,2
313291,0
313292,1
313293,2
313294,0
313295,1
313296,2
313297,0
313298,1
313299,2
313300,0
313301,1
313302,2
313303,0
313304,1
313305,2
313306,0
313307,1
313308,2
313309,0
313310,1
313311,2
313312,0
313313,1
313314,2
313315,0
313316,1
313317,2
313318,0
313319,1
313320,2
313321,0
313322,1
313323,2
313324,0
313325,1
313326,2
313327,0
313328,1
313329,2
313330,0
313331,1
313332,2
313333,0
313334,1
313335,2
313336,0
313337,1
313338,2
313339,0
313340,1
313341,2
313342,0
313343,1
313344,2
313345,0
313346,1
313347,2
313348,0
313349,1
313350,2
313351,0
313352,1
313353,2
313354,0
313355,1
313356,2
313357,0
313358,1
313359,2
313360,0
313361,1
313362,2
313363,0
313364,1
313365,2
313366,0
313367,1
313368,2
313369,0
313370,1
313371,2
313372,0
313373,1
313374,2
313375,0
313376,1
313377,2
313378,0
313379,1
313380,2
313381,0
313382,1
313383,2
313384,0
313385,1
313386,2
313387,0
313388,1
313389,2
313391,0
313392,1
313393,2
313394,0
313395,1
313396,2
313397,0
313398,1
313399,2
313400,0
313401,1
313402,2
313403,0
313404,1
313405,2
313406,0
313407,1
313408,2
313409,0
313410,1
313411,2
313412,0
313413,1
313414,2
313415,0
313416,1
313417,2
313418,0
313419,1
313420,2
313421,0
313422,1
313423,2
313424,0
313425,1
313426,2
313427,0
313428,1
313429,2
313430,0
313431,1
313432,2
313433,0
313434,1
313435,2
313436,0
313437,1
313438,2
313439,0
313440,1
313441,2
313442,0
313443,1
313444,2
313445,0
313446,1
313447,2
313448,0
313449,1
313450,2
313451,0
313452,1
313453,2
313454,0
313455,1
313456,2
313457,0
313458,1
313459,2
313460,0
313461,1
313462,2
313463,0
313464,1
313465,2
313466,0
313467,1
313468,2
313469,0
313470,1
313471,2
313472,0
313473,1
313474,2
313475,0
313476,1
313477,2
313478,0
313479,1
313480,2
313481,0
313482,1
313483,2
313484,0
313485,1
313486,2
313487,0
313488,1
313489,2
313490,0
313491,1
313492,2
313493,0
313494,1
313495,2
313496,0
313497,1
313498,2
313499,0
313500,1
313501,2
313502,0
313503,1
313504,2
313505,0
313506,1
313507,2
313508,0
313509,1
313510,2
313511,0
313512,1
313513,2
313514,0
313515,1
313516,2
313517,0
313518,1
313519,2
313520,0
313521,1
313522,2
313523,0
313524,1
313525,2
313526,0
313527,1
313528,2
313530,0
313531,1
313532,2
313533,0
313534,1
313535,2
313536,0
313537,1
313538,2
313539,0
313540,1
313541,2
313542,0
313543,1
313544,2
313545,0
313546,1
313547,2
313548,0
313549,1
313550,2
313551,0
313552,1
313553,2
313554,0
313555,1
313556,2
313557,0
313558,1
313559,2
313560,0
313561,1
313562,2
313563,0
313564,1
313565,2
313566,0
313567,1
313568,2
313569,0
313570,1
313571,2
313572,0
313573,1
313574,2
313575,0
313576,1
313577,2
313578,0
313579,1
313580,2
313581,0
313582,1
313583,2
313585,0
313586,1
313587,2
313588,0
313590,1
313591,2
313592,0
313593,1
313594,2
313595,0
313596,1
313597,2
313598,0
313599,1
313600,2
313601,0
313602,1
313603,2
313604,0
313605,1
313606,2
313607,0
313608,1
313609,2
313610,0
313611,1
313612,2
313613,0
313614,1
313615,2
313616,0
313617,1
313618,2
313620,0
313621,1
313622,2
313624,0
313625,1
313626,2
313627,0
313628,1
313629,2
313630,0
313631,1
313632,2
313633,0
313634,1
313635,2
313636,0
313637,1
313638,2
313639,0
313640,1
313641,2
313642,0
313643,1
313644,2
313645,0
313646,1
313647,2
313648,0
313649,1
313650,2
313651,0
313652,1
313653,2
313654,0
313655,1
313656,2
313657,0
313658,1
313659,2
313660,0
313661,1
313662,2
313663,0
313664,1
313665,2
313666,0
313667,1
313668,2
313669,0
313670,1
313671,2
313672,0
313673,1
313674,2
313675,0
313676,1
313677,2
313678,0
313679,1
313680,2
313681,0
313682,1
313683,2
313684,0
313685,1
313686,2
313687,0
313688,1
313689,2
313690,0
313691,1
313692,2
313693,0
313694,1
313695,2
313696,0
313697,1
313698,2
313699,0
313700,1
313701,2
313702,0
313703,1
313704,2
313705,0
313706,1
313707,2
313708,0
313709,1
313710,2
313711,0
313712,1
313713,2
313714,0
313715,1
313716,2
313717,0
313718,1
313719,2
313720,0
313721,1
313722,2
313723,0
313724,1
313725,2
313726,0
313727,1
313728,2
313729,0
313730,1
313731,2
313732,0
313733,1
313734,2
313735,0
313736,1
313737,2
313738,0
313739,1
313740,2
313741,0
313742,1
313743,2
313744,0
313745,1
313746,2
313747,0
313748,1
313749,2
313750,0
313751,1
313752,2
313753,0
313754,1
313755,2
313756,0
313757,1
313758,2
313759,0
313760,1
313761,2
313762,0
313763,1
313764,2
313765,0
313766,1
313767,2
313768,0
313769,1
313770,2
313771,0
313772,1
313773,2
313774,0
313775,1
313776,2
313777,0
313778,1
313779,2
313780,0
313781,1
313782,2
313783,0
313784,1
313785,2
313786,0
313787,1
313788,2
313789,0
313790,1
313791,2
313792,0
313793,1
313794,2
313795,0
313796,1
313797,2
313798,0
313799,1
313800,2
313801,0
313802,1
313803,2
313804,0
313805,1
313806,2
313807,0
313808,1
313809,2
313810,0
313811,1
313812,2
313813,0
313814,1
313815,2
313816,0
313817,1
313818,2
313819,0
313820,1
313821,2
313822,0
313823,1
313824,2
313825,0
313826,1
313827,2
313828,0
313829,1
313830,2
313831,0
313832,1
313833,2
313834,0
313835,1
313836,2
313837,0
313838,1
313839,2
313840,0
313841,1
313842,2
313843,0
313844,1
313845,2
313846,0
313847,1
313848,2
313849,0
313850,1
313851,2
313852,0
313853,1
313854,2
313855,0
313856,1
313857,2
313858,0
313859,1
313860,2
313861,0
313862,1
313863,2
313864,0
313865,1
313866,2
313867,0
313868,1
313869,2
313870,0
313871,1
313872,2
313873,0
313874,1
313875,2
313876,0
313877,1
313879,2
313880,0
313881,1
313882,2
313883,0
313884,1
313885,2
313886,0
313887,1
313888,2
313889,0
313890,1
313891,2
313892,0
313893,1
313894,2
313896,0
313897,1
313898,2
313899,0
313900,1
313901,2
313902,0
313903,1
313904,2
313905,0
313906,1
313907,2
313908,0
313909,1
313910,2
313911,0
313912,1
313913,2
313914,0
313915,1
313916,2
313917,0
313918,1
313919,2
313920,0
313921,1
313922,2
313923,0
313924,1
313925,2
313926,0
313927,1
313928,2
313929,0
313930,1
313931,2
313932,0
313933,1
313934,2
313935,0
313936,1
313937,2
313938,0
313940,1
313941,2
313942,0
313943,1
313944,2
313945,0
313946,1
313947,2
313948,0
313949,1
313950,2
313951,0
313952,1
313953,2
313954,0
313955,1
313956,2
313957,0
313958,1
313959,2
313960,0
313961,1
313962,2
313963,0
313964,1
313965,2
313966,0
313967,1
313968,2
313969,0
313970,1
313971,2
313972,0
313973,1
313974,2
313975,0
313976,1
313977,2
313978,0
313979,1
313980,2
313981,0
313982,1
313983,2
313984,0
313985,1
313986,2
313987,0
313988,1
313989,2
313990,0
313992,1
313993,2
313994,0
313995,1
313996,2
313997,0
313998,1
313999,2
314000,0
314001,1
314002,2
314003,0
314004,1
314005,2
314006,0
314007,1
314008,2
314009,0
314010,1
314011,2
314012,0
314013,1
314014,2
314015,0
314016,1
314017,2
314018,0
314019,1
314020,2
314021,0
314022,1
314023,2
314024,0
314025,1
314026,2
314027,0
314028,1
314029,2
314030,0
314031,1
314032,2
314033,0
314034,1
314035,2
314036,0
314037,1
314038,2
314039,0
314040,1
314041,2
314042,0
314043,1
314044,2
314045,0
314046,1
314047,2
314048,0
314049,1
314050,2
314051,0
314052,1
314053,2
314054,0
314055,1
314056,2
314057,0
314058,1
314059,2
314060,0
314061,1
314062,2
314063,0
314064,1
314065,2
314066,0
314067,1
314068,2
314069,0
314070,1
314071,2
314072,0
314073,1
314074,2
314075,0
314076,1
314077,2
314078,0
314079,1
314080,2
314081,0
314082,1
314083,2
314084,0
314085,1
314086,2
314087,0
314088,1
314089,2
314090,0
314091,1
314092,2
314093,0
314094,1
314095,2
314096,0
314097,1
314098,2
314099,0
314100,1
314101,2
314102,0
314103,1
314104,2
314105,0
314106,1
314107,2
314108,0
314109,1
314110,2
314111,0
314112,1
314113,2
314114,0
314116,1
314117,2
314118,0
314119,1
314120,2
314121,0
314122,1
314123,2
314124,0
314125,1
314126,2
314127,0
314128,1
314129,2
314130,0
314131,1
314132,2
314133,0
314134,1
314135,2
314136,0
314137,1
314138,2
314139,0
314140,1
314141,2
314142,0
314143,1
314145,2
314146,0
314147,1
314149,2
314150,0
314151,1
314152,2
314153,0
314154,1
314155,2
314156,0
314157,1
314158,2
314159,0
314160,1
314161,2
314162,0
314163,1
314164,2
314165,0
314166,1
314167,2
314168,0
314169,1
314170,2
314171,0
314172,1
314173,2
314174,0
314175,1
314176,2
314177,0
314178,1
314179,2
314180,0
314181,1
314182,2
314183,0
314184,1
314185,2
314186,0
314187,1
314188,2
314189,0
314190,1
314191,2
314192,0
314193,1
314194,2
314195,0
314196,1
314197,2
314198,0
314199,1
314200,2
314201,0
314202,1
314203,2
314204,0
314205,1
314206,2
314207,0
314208,1
314209,2
314210,0
314211,1
314212,2
314213,0
314214,1
314215,2
314216,0
314217,1
314218,2
314219,0
314220,1
314221,2
314222,0
314223,1
314224,2
314225,0
314226,1
314227,2
314228,0
314229,1
314230,2
314231,0
314232,1
314233,2
314234,0
314235,1
314236,2
314237,0
314238,1
314239,2
314240,0
314241,1
314242,2
314243,0
314244,1
314245,2
314246,0
314247,1
314248,2
314249,0
314250,1
314251,2
314252,0
314253,1
314254,2
314255,0
314256,1
314257,2
314258,0
314259,1
314260,2
314261,0
314262,1
314263,2
314264,0
314265,1
314266,2
314267,0
314268,1
314269,2
314270,0
314271,1
314272,2
314273,0
314274,1
314275,2
314276,0
314277,1
314278,2
314279,0
314280,1
314281,2
314282,0
314283,1
314284,2
314285,0
314286,1
314287,2
314288,0
314289,1
314290,2
314291,0
314292,1
314293,2
314294,0
314295,1
314296,2
314297,0
314298,1
314299,2
314300,0
314301,1
314302,2
314303,0
314304,1
314305,2
314306,0
314307,1
314308,2
314309,0
314310,1
314311,2
314312,0
314313,1
314314,2
314315,0
314316,1
314317,2
314318,0
314319,1
314320,2
314321,0
314322,1
314323,2
314324,0
314325,1
314326,2
314327,0
314328,1
314329,2
314330,0
314332,1
314333,2
314334,0
314335,1
314336,2
314337,0
314338,1
314340,2
314341,0
314342,1
314343,2
314344,0
314345,1
314347,2
314348,0
314349,1
314350,2
314351,0
314352,1
314353,2
314354,0
314355,1
314356,2
314357,0
314358,1
314359,2
314360,0
314361,1
314362,2
314363,0
314364,1
314365,2
314366,0
314367,1
314368,2
314369,0
314370,1
314371,2
314372,0
314373,1
314374,2
314375,0
314376,1
314377,2
314378,0
314379,1
314380,2
314382,0
314383,1
314384,2
314385,0
314386,1
314387,2
314388,0
314389,1
314390,2
314391,0
314392,1
314393,2
314394,0
314395,1
314396,2
314397,0
314398,1
314399,2
314400,0
314401,1
314402,2
314403,0
314404,1
314405,2
314406,0
314407,1
314408,2
314409,0
314411,1
314412,2
314413,0
314414,1
314416,2
314417,0
314418,1
314419,2
314420,0
314421,1
314422,2
314423,0
314424,1
314425,2
314426,0
314427,1
314428,2
314429,0
314430,1
314431,2
314432,0
314433,1
314434,2
314435,0
314436,1
314437,2
314438,0
314439,1
314440,2
314441,0
314442,1
314443,2
314444,0
314445,1
314446,2
314447,0
314448,1
314449,2
314450,0
314451,1
314452,2
314453,0
314454,1
314455,2
314456,0
314457,1
314458,2
314459,0
314460,1
314461,2
314462,0
314463,1
314464,2
314465,0
314466,1
314467,2
314468,0
314469,1
314470,2
314471,0
314472,1
314473,2
314474,0
314475,1
314476,2
314477,0
314478,1
314479,2
314480,0
314481,1
314482,2
314483,0
314484,1
314485,2
314486,0
314487,1
314488,2
314489,0
314490,1
314491,2
314492,0
314493,1
314494,2
314495,0
314496,1
314497,2
314498,0
314499,1
314500,2
314501,0
314502,1
314503,2
314504,0
314505,1
314506,2
314507,0
314508,1
314509,2
314510,0
314511,1
314512,2
314513,0
314514,1
314515,2
314516,0
314517,1
314518,2
314519,0
314520,1
314521,2
314522,0
314523,1
314524,2
314525,0
314526,1
314527,2
314528,0
314529,1
314530,2
314531,0
314532,1
314533,2
314534,0
314535,1
314536,2
314537,0
314538,1
314539,2
314540,0
314541,1
314542,2
314543,0
314544,1
314545,2
314546,0
314547,1
314548,2
314549,0
314550,1
314551,2
314552,0
314553,1
314554,2
314555,0
314556,1
314557,2
314558,0
314559,1
314560,2
314561,0
314562,1
314563,2
314564,0
314565,1
314566,2
314567,0
314568,1
314569,2
314570,0
314571,1
314572,2
314573,0
314574,1
314575,2
314576,0
314577,1
314578,2
314579,0
314580,1
314581,2
314582,0
314584,1
314585,2
314586,0
314587,1
314588,2
314589,0
314590,1
314591,2
314592,0
314593,1
314594,2
314595,0
314596,1
314597,2
314598,0
314599,1
314600,2
314601,0
314602,1
314603,2
314604,0
314605,1
314606,2
314607,0
314608,1
314609,2
314610,0
314611,1
314612,2
314613,0
314614,1
314615,2
314616,0
314617,1
314618,2
314619,0
314620,1
314621,2
314622,0
314623,1
314624,2
314625,0
314626,1
314627,2
314628,0
314629,1
314630,2
314631,0
314632,1
314633,2
314634,0
314635,1
314636,2
314637,0
314638,1
314639,2
314640,0
314641,1
314642,2
314643,0
314644,1
314645,2
314646,0
314647,1
314648,2
314649,0
314650,1
314651,2
314652,0
314653,1
314654,2
314655,0
314656,1
314657,2
314658,0
314659,1
314660,2
314661,0
314662,1
314663,2
314664,0
314665,1
314666,2
314667,0
314668,1
314669,2
314670,0
314671,1
314672,2
314673,0
314674,1
314675,2
314676,0
314677,1
314678,2
314679,0
314680,1
314681,2
314682,0
314683,1
314684,2
314685,0
314686,1
314687,2
314688,0
314689,1
314690,2
314691,0
314692,1
314693,2
314694,0
314695,1
314696,2
314697,0
314698,1
314699,2
314700,0
314701,1
314702,2
314703,0
314704,1
314705,2
314706,0
314707,1
314708,2
314710,0
314711,1
314712,2
314713,0
314714,1
314715,2
314716,0
314717,1
314718,2
314719,0
314720,1
314721,2
314722,0
314723,1
314724,2
314725,0
314726,1
314727,2
314728,0
314729,1
314730,2
314731,0
314732,1
314733,2
314734,0
314735,1
314736,2
314738,0
314739,1
314740,2
314741,0
314742,1
314743,2
314744,0
314745,1
314746,2
314747,0
314748,1
314749,2
314750,0
314751,1
314752,2
314753,0
314755,1
314756,2
314757,0
314758,1
314759,2
314760,0
314761,1
314762,2
314763,0
314764,1
314765,2
314766,0
314767,1
314768,2
314769,0
314770,1
314772,2
314773,0
314774,1
314775,2
314776,0
314777,1
314778,2
314779,0
314780,1
314781,2
314782,0
314783,1
314784,2
314785,0
314786,1
314787,2
314788,0
314789,1
314790,2
314791,0
314792,1
314793,2
314794,0
314795,1
314796,2
314797,0
314798,1
314799,2
314800,0
314801,1
314802,2
314803,0
314804,1
314805,2
314806,0
314807,1
314808,2
314809,0
314810,1
314811,2
314812,0
314813,1
314814,2
314815,0
314816,1
314818,2
314819,0
314820,1
314821,2
314822,0
314823,1
314824,2
314825,0
314826,1
314827,2
314828,0
314829,1
314831,2
314832,0
314833,1
314834,2
314835,0
314836,1
314837,2
314838,0
314839,1
314840,2
314841,0
314842,1
314843,2
314844,0
314845,1
314846,2
314847,0
314848,1
314849,2
314850,0
314851,1
314852,2
314853,0
314854,1
314855,2
314856,0
314857,1
314858,2
314859,0
314860,1
314861,2
314862,0
314863,1
314864,2
314865,0
314866,1
314867,2
314868,0
314869,1
314870,2
314871,0
314872,1
314873,2
314874,0
314875,1
314876,2
314877,0
314878,1
314879,2
314880,0
314881,1
314882,2
314883,0
314884,1
314885,2
314886,0
314887,1
314888,2
314889,0
314890,1
314891,2
314892,0
314893,1
314894,2
314895,0
314896,1
314897,2
314898,0
314899,1
314900,2
314901,0
314902,1
314903,2
314904,0
314905,1
314906,2
314907,0
314908,1
314909,2
314910,0
314911,1
314912,2
314913,0
314914,1
314915,2
314916,0
314917,1
314918,2
314919,0
314920,1
314921,2
314922,0
314923,1
314924,2
314925,0
314926,1
314927,2
314928,0
314929,1
314930,2
314931,0
314932,1
314933,2
314934,0
314935,1
314936,2
314937,0
314938,1
314939,2
314940,0
314941,1
314942,2
314943,0
314944,1
314945,2
314946,0
314947,1
314948,2
314949,0
314950,1
314951,2
314952,0
314953,1
314954,2
314955,0
314956,1
314957,2
314958,0
314959,1
314960,2
314961,0
314962,1
314963,2
314964,0
314965,1
314966,2
314967,0
314968,1
314969,2
314970,0
314971,1
314972,2
314973,0
314974,1
314975,2
314976,0
314977,1
314978,2
314979,0
314980,1
314981,2
314982,0
314983,1
314984,2
314985,0
314986,1
314987,2
314988,0
314989,1
314990,2
314991,0
314992,1
314993,2
314994,0
314995,1
314996,2
314997,0
314998,1
314999,2
315000,0
315001,1
315002,2
315003,0
315004,1
315005,2
315006,0
315007,1
315008,2
315009,0
315010,1
315011,2
315012,0
315013,1
315014,2
315015,0
315016,1
315017,2
315018,0
315019,1
315020,2
315021,0
315022,1
315023,2
315024,0
315025,1
315026,2
315027,0
315028,1
315029,2
315030,0
315031,1
315032,2
315033,0
315034,1
315035,2
315036,0
315037,1
315038,2
315039,0
315040,1
315041,2
315042,0
315043,1
315044,2
315045,0
315046,1
315047,2
315048,0
315049,1
315050,2
315051,0
315052,1
315053,2
315054,0
315055,1
315056,2
315057,0
315058,1
315059,2
315060,0
315061,1
315062,2
315063,0
315064,1
315065,2
315066,0
315067,1
315068,2
315069,0
315070,1
315071,2
315072,0
315073,1
315074,2
315075,0
315076,1
315077,2
315078,0
315079,1
315080,2
315081,0
315082,1
315083,2
315084,0
315085,1
315086,2
315087,0
315088,1
315089,2
315091,0
315092,1
315093,2
315094,0
315095,1
315096,2
315097,0
315098,1
315099,2
315100,0
315101,1
315102,2
315103,0
315104,1
315105,2
315106,0
315107,1
315108,2
315109,0
315110,1
315111,2
315112,0
315113,1
315114,2
315115,0
315116,1
315117,2
315118,0
315119,1
315120,2
315121,0
315122,1
315123,2
315124,0
315125,1
315126,2
315127,0
315128,1
315129,2
315130,0
315132,1
315133,2
315134,0
315135,1
315136,2
315137,0
315138,1
315139,2
315140,0
315141,1
315142,2
315143,0
315144,1
315145,2
315146,0
315147,1
315148,2
315149,0
315150,1
315151,2
315152,0
315153,1
315154,2
315155,0
315156,1
315157,2
315158,0
315159,1
315160,2
315161,0
315162,1
315163,2
315164,0
315165,1
315166,2
315167,0
315168,1
315169,2
315170,0
315171,1
315172,2
315173,0
315174,1
315175,2
315176,0
315177,1
315178,2
315179,0
315180,1
315181,2
315182,0
315183,1
315184,2
315185,0
315187,1
315188,2
315189,0
315190,1
315191,2
315192,0
315193,1
315194,2
315195,0
315196,1
315197,2
315198,0
315199,1
315200,2
315201,0
315202,1
315203,2
315204,0
315205,1
315206,2
315207,0
315208,1
315209,2
315210,0
315211,1
315212,2
315213,0
315214,1
315215,2
315216,0
315217,1
315218,2
315219,0
315220,1
315221,2
315222,0
315223,1
315224,2
315225,0
315226,1
315227,2
315228,0
315229,1
315230,2
315231,0
315232,1
315233,2
315234,0
315235,1
315236,2
315237,0
315238,1
315239,2
315240,0
315241,1
315242,2
315243,0
315244,1
315245,2
315246,0
315247,1
315248,2
315249,0
315250,1
315251,2
315252,0
315253,1
315254,2
315255,0
315256,1
315257,2
315258,0
315259,1
315260,2
315261,0
315262,1
315263,2
315264,0
315265,1
315266,2
315267,0
315268,1
315269,2
315270,0
315271,1
315272,2
315273,0
315274,1
315275,2
315276,0
315277,1
315278,2
315279,0
315280,1
315281,2
315282,0
315283,1
315284,2
315285,0
315286,1
315287,2
315288,0
315289,1
315290,2
315291,0
315292,1
315293,2
315294,0
315295,1
315296,2
315298,0
315299,1
315300,2
315301,0
315302,1
315303,2
315304,0
315305,1
315306,2
315307,0
315308,1
315309,2
315310,0
315311,1
315312,2
315313,0
315314,1
315315,2
315316,0
315317,1
315318,2
315319,0
315320,1
315321,2
315322,0
315323,1
315324,2
315325,0
315326,1
315327,2
315328,0
315329,1
315330,2
315331,0
315332,1
315333,2
315334,0
315335,1
315336,2
315337,0
315338,1
315339,2
315340,0
315341,1
315342,2
315343,0
315344,1
315345,2
315346,0
315347,1
315348,2
315349,0
315350,1
315351,2
315352,0
315353,1
315354,2
315355,0
315356,1
315357,2
315358,0
315359,1
315360,2
315361,0
315362,1
315363,2
315364,0
315366,1
315367,2
315368,0
315369,1
315370,2
315371,0
315372,1
315373,2
315374,0
315375,1
315376,2
315377,0
315378,1
315379,2
315380,0
315381,1
315382,2
315383,0
315384,1
315385,2
315386,0
315387,1
315388,2
315389,0
315390,1
315392,2
315394,0
315395,1
315396,2
315397,0
315398,1
315399,2
315400,0
315401,1
315402,2
315403,0
315404,1
315405,2
315406,0
315407,1
315408,2
315409,0
315410,1
315411,2
315412,0
315413,1
315414,2
315415,0
315416,1
315417,2
315418,0
315419,1
315420,2
315421,0
315422,1
315423,2
315424,0
315425,1
315426,2
315427,0
315428,1
315429,2
315430,0
315431,1
315432,2
315433,0
315434,1
315435,2
315436,0
315437,1
315438,2
315439,0
315440,1
315441,2
315442,0
315443,1
315444,2
315445,0
315446,1
315447,2
315448,0
315449,1
315450,2
315451,0
315452,1
315453,2
315454,0
315455,1
315456,2
315457,0
315458,1
315459,2
315460,0
315461,1
315462,2
315463,0
315464,1
315465,2
315466,0
315467,1
315468,2
315469,0
315470,1
315471,2
315472,0
315473,1
315474,2
315475,0
315476,1
315477,2
315478,0
315479,1
315480,2
315481,0
315482,1
315483,2
315484,0
315485,1
315486,2
315487,0
315488,1
315489,2
315490,0
315491,1
315492,2
315493,0
315494,1
315495,2
315496,0
315497,1
315498,2
315499,0
315500,1
315501,2
315502,0
315503,1
315504,2
315505,0
315506,1
315507,2
315508,0
315509,1
315510,2
315511,0
315512,1
315513,2
315514,0
315515,1
315516,2
315517,0
315518,1
315519,2
315520,0
315521,1
315522,2
315523,0
315524,1
315525,2
315526,0
315527,1
315528,2
315529,0
315530,1
315531,2
315532,0
315533,1
315534,2
315535,0
315536,1
315537,2
315538,0
315539,1
315540,2
315541,0
315542,1
315543,2
315544,0
315545,1
315546,2
315547,0
315548,1
315549,2
315550,0
315551,1
315552,2
315553,0
315554,1
315555,2
315556,0
315557,1
315558,2
315559,0
315560,1
315561,2
315562,0
315563,1
315564,2
315565,0
315566,1
315567,2
315568,0
315569,1
315570,2
315571,0
315572,1
315573,2
315574,0
315575,1
315576,2
315577,0
315578,1
315579,2
315580,0
315581,1
315582,2
315583,0
315584,1
315585,2
315586,0
315587,1
315588,2
315589,0
315590,1
315591,2
315592,0
315593,1
315594,2
315595,0
315596,1
315597,2
315598,0
315599,1
315600,2
315601,0
315602,1
315603,2
315604,0
315605,1
315606,2
315607,0
315608,1
315609,2
315610,0
315611,1
315612,2
315613,0
315614,1
315615,2
315616,0
315617,1
315618,2
315619,0
315620,1
315621,2
315622,0
315623,1
315624,2
315625,0
315626,1
315627,2
315628,0
315629,1
315630,2
315631,0
315632,1
315633,2
315634,0
315635,1
315636,2
315637,0
315638,1
315639,2
315640,0
315641,1
315642,2
315643,0
315644,1
315645,2
315646,0
315647,1
315648,2
315649,0
315650,1
315651,2
315652,0
315653,1
315654,2
315655,0
315656,1
315657,2
315658,0
315659,1
315660,2
315661,0
315662,1
315663,2
315664,0
315665,1
315666,2
315667,0
315668,1
315669,2
315670,0
315671,1
315672,2
315673,0
315675,1
315676,2
315677,0
315678,1
315679,2
315680,0
315681,1
315682,2
315683,0
315684,1
315685,2
315686,0
315687,1
315688,2
315689,0
315690,1
315691,2
315692,0
315693,1
315694,2
315695,0
315696,1
315697,2
315698,0
315699,1
315700,2
315701,0
315702,1
315703,2
315704,0
315705,1
315706,2
315707,0
315708,1
315709,2
315710,0
315711,1
315712,2
315713,0
315714,1
315715,2
315716,0
315717,1
315718,2
315719,0
315720,1
315721,2
315722,0
315723,1
315724,2
315726,0
315727,1
315728,2
315729,0
315730,1
315731,2
315732,0
315733,1
315734,2
315735,0
315736,1
315737,2
315738,0
315739,1
315740,2
315741,0
315742,1
315743,2
315744,0
315745,1
315746,2
315747,0
315748,1
315749,2
315750,0
315751,1
315752,2
315753,0
315754,1
315755,2
315756,0
315757,1
315758,2
315759,0
315760,1
315761,2
315762,0
315763,1
315764,2
315765,0
315766,1
315767,2
315768,0
315769,1
315770,2
315771,0
315772,1
315773,2
315774,0
315775,1
315776,2
315777,0
315778,1
315779,2
315780,0
315781,1
315782,2
315783,0
315784,1
315785,2
315786,0
315787,1
315788,2
315790,0
315791,1
315792,2
315793,0
315794,1
315795,2
315796,0
315797,1
315798,2
315799,0
315800,1
315801,2
315802,0
315804,1
315805,2
315806,0
315807,1
315808,2
315809,0
315810,1
315811,2
315812,0
315814,1
315815,2
315816,0
315817,1
315818,2
315819,0
315820,1
315821,2
315822,0
315823,1
315824,2
315825,0
315826,1
315827,2
315828,0
315829,1
315830,2
315831,0
315832,1
315833,2
315834,0
315835,1
315836,2
315837,0
315838,1
315839,2
315840,0
315841,1
315842,2
315843,0
315844,1
315845,2
315846,0
315847,1
315848,2
315849,0
315850,1
315851,2
315852,0
315853,1
315854,2
315855,0
315856,1
315857,2
315858,0
315859,1
315860,2
315861,0
315862,1
315863,2
315864,0
315865,1
315866,2
315867,0
315868,1
315869,2
315870,0
315871,1
315872,2
315873,0
315874,1
315875,2
315876,0
315877,1
315878,2
315879,0
315880,1
315881,2
315882,0
315883,1
315884,2
315885,0
315887,1
315888,2
315889,0
315890,1
315891,2
315892,0
315893,1
315894,2
315895,0
315896,1
315897,2
315898,0
315899,1
315900,2
315901,0
315902,1
315903,2
315904,0
315905,1
315906,2
315907,0
315908,1
315909,2
315910,0
315911,1
315912,2
315913,0
315914,1
315915,2
315916,0
315918,1
315919,2
315920,0
315921,1
315922,2
315923,0
315924,1
315925,2
315926,0
315927,1
315928,2
315929,0
315930,1
315931,2
315932,0
315933,1
315934,2
315935,0
315936,1
315937,2
315938,0
315939,1
315940,2
315941,0
315942,1
315943,2
315944,0
315945,1
315946,2
315947,0
315948,1
315949,2
315950,0
315951,1
315952,2
315953,0
315954,1
315955,2
315956,0
315957,1
315958,2
315959,0
315960,1
315961,2
315962,0
315963,1
315965,2
315966,0
315967,1
315968,2
315969,0
315970,1
315971,2
315972,0
315973,1
315974,2
315975,0
315976,1
315977,2
315978,0
315980,1
315981,2
315982,0
315983,1
315984,2
315985,0
315986,1
315987,2
315988,0
315989,1
315990,2
315991,0
315992,1
315993,2
315994,0
315995,1
315996,2
315997,0
315998,1
315999,2
316000,0
316001,1
316002,2
316003,0
316004,1
316005,2
316006,0
316008,1
316009,2
316010,0
316011,1
316012,2
316013,0
316014,1
316015,2
316016,0
316017,1
316018,2
316019,0
316020,1
316021,2
316022,0
316023,1
316024,2
316025,0
316026,1
316027,2
316028,0
316029,1
316030,2
316031,0
316032,1
316033,2
316034,0
316036,1
316037,2
316038,0
316039,1
316040,2
316041,0
316042,1
316043,2
316044,0
316045,1
316046,2
316047,0
316048,1
316049,2
316050,0
316051,1
316052,2
316053,0
316054,1
316055,2
316056,0
316057,1
316058,2
316059,0
316060,1
316061,2
316062,0
316063,1
316064,2
316065,0
316066,1
316067,2
316068,0
316069,1
316070,2
316071,0
316072,1
316073,2
316074,0
316075,1
316076,2
316077,0
316078,1
316079,2
316080,0
316081,1
316082,2
316083,0
316084,1
316085,2
316086,0
316087,1
316088,2
316089,0
316090,1
316091,2
316092,0
316093,1
316096,2
316097,0
316098,1
316099,2
316100,0
316101,1
316102,2
316103,0
316104,1
316105,2
316106,0
316107,1
316108,2
316109,0
316110,1
316111,2
316112,0
316113,1
316114,2
316115,0
316116,1
316117,2
316118,0
316119,1
316120,2
316121,0
316122,1
316123,2
316124,0
316125,1
316126,2
316127,0
316128,1
316129,2
316130,0
316131,1
316132,2
316133,0
316134,1
316135,2
316136,0
316137,1
316138,2
316139,0
316140,1
316141,2
316142,0
316143,1
316144,2
316145,0
316146,1
316147,2
316149,0
316150,1
316151,2
316152,0
316153,1
316154,2
316155,0
316156,1
316157,2
316158,0
316159,1
316160,2
316161,0
316162,1
316163,2
316164,0
316165,1
316166,2
316167,0
316169,1
316170,2
316171,0
316172,1
316173,2
316174,0
316175,1
316176,2
316177,0
316178,1
316179,2
316180,0
316181,1
316182,2
316183,0
316184,1
316185,2
316186,0
316187,1
316188,2
316189,0
316190,1
316191,2
316192,0
316193,1
316194,2
316195,0
316196,1
316197,2
316198,0
316199,1
316200,2
316201,0
316202,1
316203,2
316204,0
316205,1
316206,2
316207,0
316208,1
316209,2
316210,0
316211,1
316212,2
316213,0
316214,1
316215,2
316216,0
316217,1
316218,2
316219,0
316220,1
316221,2
316222,0
316223,1
316224,2
316225,0
316226,1
316227,2
316228,0
316229,1
316230,2
316231,0
316232,1
316233,2
316234,0
316235,1
316236,2
316237,0
316238,1
316239,2
316240,0
316241,1
316242,2
316243,0
316244,1
316245,2
316246,0
316248,1
316249,2
316250,0
316251,1
316252,2
316253,0
316254,1
316255,2
316257,0
316258,1
316259,2
316260,0
316261,1
316262,2
316263,0
316264,1
316265,2
316266,0
316267,1
316268,2
316269,0
316270,1
316271,2
316272,0
316273,1
316274,2
316275,0
316276,1
316277,2
316278,0
316279,1
316280,2
316282,0
316283,1
316284,2
316285,0
316286,1
316287,2
316288,0
316289,1
316290,2
316291,0
316292,1
316293,2
316294,0
316295,1
316296,2
316297,0
316298,1
316299,2
316300,0
316301,1
316302,2
316303,0
316304,1
316305,2
316306,0
316307,1
316308,2
316309,0
316310,1
316311,2
316312,0
316313,1
316314,2
316315,0
316316,1
316317,2
316318,0
316319,1
316320,2
316321,0
316322,1
316323,2
316324,0
316325,1
316326,2
316327,0
316328,1
316329,2
316330,0
316331,1
316332,2
316333,0
316334,1
316335,2
316336,0
316337,1
316338,2
316339,0
316340,1
316341,2
316342,0
316343,1
316344,2
316345,0
316346,1
316347,2
316348,0
316349,1
316350,2
316351,0
316353,1
316354,2
316355,0
316356,1
316357,2
316358,0
316359,1
316360,2
316361,0
316362,1
316363,2
316364,0
316365,1
316366,2
316367,0
316368,1
316369,2
316370,0
316371,1
316372,2
316373,0
316374,1
316375,2
316376,0
316377,1
316378,2
316379,0
316380,1
316381,2
316382,0
316383,1
316384,2
316385,0
316386,1
316387,2
316388,0
316389,1
316390,2
316391,0
316392,1
316393,2
316395,0
316396,1
316397,2
316398,0
316399,1
316400,2
316401,0
316402,1
316403,2
316404,0
316405,1
316406,2
316407,0
316408,1
316409,2
316410,0
316411,1
316412,2
316413,0
316414,1
316415,2
316416,0
316417,1
316418,2
316419,0
316420,1
316421,2
316422,0
316423,1
316424,2
316425,0
316426,1
316427,2
316428,0
316429,1
316430,2
316431,0
316432,1
316433,2
316434,0
316435,1
316436,2
316437,0
316438,1
316439,2
316440,0
316441,1
316442,2
316443,0
316444,1
316445,2
316446,0
316447,1
316448,2
316449,0
316450,1
316451,2
316452,0
316453,1
316454,2
316455,0
316456,1
316457,2
316458,0
316459,1
316460,2
316461,0
316462,1
316463,2
316464,0
316465,1
316466,2
316467,0
316468,1
316469,2
316470,0
316471,1
316472,2
316473,0
316474,1
316475,2
316476,0
316477,1
316478,2
316479,0
316480,1
316481,2
316482,0
316483,1
316484,2
316485,0
316486,1
316487,2
316488,0
316489,1
316490,2
316491,0
316492,1
316493,2
316494,0
316495,1
316496,2
316497,0
316498,1
316499,2
316500,0
316501,1
316502,2
316503,0
316504,1
316505,2
316506,0
316507,1
316508,2
316509,0
316510,1
316511,2
316512,0
316513,1
316514,2
316515,0
316516,1
316517,2
316518,0
316519,1
316520,2
316521,0
316522,1
316523,2
316524,0
316525,1
316526,2
316527,0
316528,1
316529,2
316530,0
316531,1
316532,2
316533,0
316534,1
316535,2
316536,0
316537,1
316538,2
316539,0
316540,1
316541,2
316542,0
316543,1
316544,2
316545,0
316546,1
316547,2
316548,0
316549,1
316550,2
316551,0
316552,1
316553,2
316554,0
316555,1
316556,2
316557,0
316558,1
316559,2
316560,0
316561,1
316562,2
316563,0
316564,1
316565,2
316566,0
316567,1
316568,2
316569,0
316570,1
316571,2
316572,0
316573,1
316574,2
316575,0
316576,1
316577,2
316578,0
316579,1
316580,2
316581,0
316582,1
316583,2
316584,0
316585,1
316586,2
316587,0
316588,1
316589,2
316590,0
316591,1
316592,2
316593,0
316594,1
316595,2
316596,0
316597,1
316598,2
316599,0
316600,1
316601,2
316602,0
316603,1
316604,2
316605,0
316606,1
316607,2
316608,0
316609,1
316610,2
316611,0
316612,1
316613,2
316614,0
316615,1
316616,2
316617,0
316618,1
316619,2
316620,0
316621,1
316622,2
316623,0
316624,1
316625,2
316626,0
316627,1
316628,2
316629,0
316630,1
316631,2
316632,0
316633,1
316634,2
316635,0
316636,1
316637,2
316638,0
316639,1
316640,2
316641,0
316642,1
316643,2
316644,0
316645,1
316646,2
316647,0
316648,1
316649,2
316650,0
316651,1
316652,2
316653,0
316654,1
316656,2
316657,0
316658,1
316659,2
316660,0
316661,1
316662,2
316663,0
316664,1
316665,2
316666,0
316667,1
316668,2
316669,0
316670,1
316671,2
316672,0
316673,1
316674,2
316675,0
316676,1
316677,2
316678,0
316679,1
316680,2
316681,0
316682,1
316683,2
316684,0
316685,1
316686,2
316687,0
316688,1
316689,2
316690,0
316691,1
316692,2
316693,0
316694,1
316695,2
316696,0
316697,1
316698,2
316699,0
316700,1
316701,2
316702,0
316703,1
316704,2
316705,0
316706,1
316707,2
316708,0
316709,1
316710,2
316711,0
316712,1
316713,2
316714,0
316715,1
316716,2
316717,0
316718,1
316719,2
316720,0
316721,1
316722,2
316723,0
316724,1
316725,2
316726,0
316727,1
316728,2
316729,0
316730,1
316731,2
316732,0
316733,1
316734,2
316736,0
316737,1
316738,2
316739,0
316740,1
316741,2
316742,0
316743,1
316744,2
316745,0
316746,1
316747,2
316748,0
316749,1
316750,2
316751,0
316752,1
316753,2
316754,0
316755,1
316756,2
316757,0
316758,1
316759,2
316760,0
316761,1
316762,2
316763,0
316764,1
316765,2
316766,0
316768,1
316769,2
316770,0
316771,1
316772,2
316773,0
316774,1
316775,2
316776,0
316777,1
316778,2
316779,0
316780,1
316781,2
316782,0
316783,1
316784,2
316785,0
316786,1
316787,2
316788,0
316789,1
316790,2
316791,0
316792,1
316793,2
316794,0
316795,1
316796,2
316797,0
316798,1
316799,2
316800,0
316801,1
316802,2
316803,0
316804,1
316805,2
316806,0
316807,1
316808,2
316809,0
316810,1
316811,2
316812,0
316813,1
316814,2
316815,0
316816,1
316817,2
316818,0
316819,1
316820,2
316821,0
316822,1
316823,2
316824,0
316825,1
316826,2
316827,0
316828,1
316829,2
316830,0
316831,1
316832,2
316833,0
316834,1
316835,2
316836,0
316837,1
316838,2
316839,0
316840,1
316841,2
316842,0
316843,1
316844,2
316845,0
316846,1
316847,2
316848,0
316849,1
316850,2
316851,0
316852,1
316853,2
316854,0
316855,1
316856,2
316857,0
316858,1
316859,2
316860,0
316861,1
316862,2
316863,0
316864,1
316865,2
316866,0
316867,1
316868,2
316869,0
316870,1
316871,2
316872,0
316873,1
316874,2
316875,0
316876,1
316877,2
316878,0
316879,1
316880,2
316881,0
316882,1
316883,2
316884,0
316885,1
316886,2
316887,0
316888,1
316889,2
316890,0
316891,1
316892,2
316893,0
316894,1
316895,2
316896,0
316897,1
316898,2
316899,0
316900,1
316901,2
316902,0
316903,1
316904,2
316905,0
316906,1
316907,2
316908,0
316909,1
316910,2
316911,0
316912,1
316913,2
316914,0
316915,1
316916,2
316917,0
316918,1
316919,2
316920,0
316921,1
316922,2
316923,0
316924,1
316925,2
316926,0
316927,1
316928,2
316929,0
316930,1
316931,2
316932,0
316933,1
316934,2
316935,0
316936,1
316937,2
316938,0
316939,1
316940,2
316941,0
316942,1
316943,2
316944,0
316945,1
316946,2
316947,0
316948,1
316949,2
316950,0
316951,1
316952,2
316953,0
316954,1
316955,2
316956,0
316957,1
316958,2
316959,0
316960,1
316961,2
316962,0
316963,1
316965,2
316966,0
316967,1
316968,2
316969,0
316970,1
316971,2
316972,0
316973,1
316974,2
316975,0
316976,1
316977,2
316978,0
316979,1
316980,2
316981,0
316982,1
316983,2
316984,0
316985,1
316986,2
316987,0
316988,1
316989,2
316990,0
316991,1
316992,2
316993,0
316994,1
316995,2
316996,0
316997,1
316998,2
316999,0
317000,1
317001,2
317002,0
317004,1
317005,2
317006,0
317007,1
317008,2
317009,0
317010,1
317011,2
317012,0
317013,1
317014,2
317015,0
317016,1
317017,2
317018,0
317019,1
317020,2
317021,0
317022,1
317023,2
317024,0
317025,1
317026,2
317027,0
317028,1
317029,2
317030,0
317031,1
317032,2
317033,0
317034,1
317035,2
317036,0
317037,1
317038,2
317039,0
317040,1
317041,2
317042,0
317043,1
317044,2
317045,0
317046,1
317047,2
317048,0
317050,1
317051,2
317052,0
317053,1
317054,2
317055,0
317056,1
317057,2
317058,0
317059,1
317060,2
317061,0
317062,1
317063,2
317064,0
317065,1
317066,2
317067,0
317068,1
317069,2
317070,0
317071,1
317072,2
317073,0
317074,1
317075,2
317076,0
317077,1
317078,2
317079,0
317080,1
317081,2
317082,0
317083,1
317084,2
317085,0
317086,1
317087,2
317088,0
317089,1
317090,2
317091,0
317092,1
317093,2
317094,0
317095,1
317096,2
317097,0
317098,1
317099,2
317100,0
317101,1
317102,2
317103,0
317104,1
317105,2
317106,0
317107,1
317108,2
317109,0
317110,1
317111,2
317112,0
317113,1
317114,2
317115,0
317116,1
317117,2
317118,0
317119,1
317120,2
317121,0
317122,1
317123,2
317124,0
317125,1
317126,2
317127,0
317128,1
317129,2
317130,0
317131,1
317132,2
317133,0
317134,1
317135,2
317136,0
317137,1
317138,2
317139,0
317140,1
317141,2
317142,0
317143,1
317144,2
317145,0
317146,1
317147,2
317148,0
317149,1
317150,2
317151,0
317152,1
317153,2
317154,0
317155,1
317156,2
317157,0
317158,1
317159,2
317160,0
317161,1
317162,2
317163,0
317164,1
317165,2
317166,0
317167,1
317168,2
317169,0
317170,1
317171,2
317172,0
317173,1
317174,2
317175,0
317176,1
317177,2
317179,0
317180,1
317181,2
317182,0
317183,1
317184,2
317185,0
317186,1
317187,2
317188,0
317189,1
317190,2
317191,0
317192,1
317193,2
317194,0
317195,1
317196,2
317197,0
317198,1
317199,2
317200,0
317201,1
317202,2
317203,0
317204,1
317205,2
317206,0
317207,1
317208,2
317209,0
317210,1
317211,2
317212,0
317213,1
317214,2
317215,0
317216,1
317217,2
317218,0
317219,1
317220,2
317221,0
317222,1
317223,2
317224,0
317225,1
317226,2
317227,0
317228,1
317229,2
317230,0
317231,1
317232,2
317233,0
317234,1
317235,2
317236,0
317237,1
317238,2
317239,0
317240,1
317241,2
317242,0
317243,1
317244,2
317245,0
317246,1
317247,2
317248,0
317249,1
317250,2
317251,0
317252,1
317253,2
317254,0
317255,1
317256,2
317257,0
317258,1
317259,2
317260,0
317261,1
317262,2
317263,0
317264,1
317265,2
317266,0
317267,1
317268,2
317269,0
317270,1
317271,2
317272,0
317273,1
317274,2
317275,0
317276,1
317277,2
317278,0
317279,1
317280,2
317281,0
317282,1
317283,2
317284,0
317285,1
317286,2
317287,0
317288,1
317289,2
317290,0
317291,1
317292,2
317293,0
317294,1
317295,2
317296,0
317298,1
317299,2
317300,0
317301,1
317303,2
317304,0
317305,1
317306,2
317307,0
317308,1
317309,2
317310,0
317311,1
317312,2
317313,0
317314,1
317315,2
317316,0
317317,1
317318,2
317319,0
317320,1
317321,2
317322,0
317323,1
317324,2
317325,0
317326,1
317327,2
317328,0
317329,1
317330,2
317331,0
317332,1
317333,2
317334,0
317335,1
317336,2
317337,0
317338,1
317339,2
317340,0
317341,1
317342,2
317343,0
317344,1
317345,2
317346,0
317347,1
317348,2
317349,0
317350,1
317351,2
317352,0
317353,1
317354,2
317355,0
317356,1
317357,2
317358,0
317359,1
317360,2
317361,0
317362,1
317363,2
317364,0
317365,1
317366,2
317367,0
317368,1
317369,2
317370,0
317371,1
317372,2
317373,0
317374,1
317375,2
317376,0
317377,1
317378,2
317380,0
317381,1
317382,2
317383,0
317384,1
317385,2
317386,0
317387,1
317388,2
317389,0
317390,1
317391,2
317392,0
317393,1
317394,2
317395,0
317396,1
317397,2
317398,0
317399,1
317400,2
317401,0
317402,1
317403,2
317405,0
317406,1
317407,2
317408,0
317409,1
317410,2
317411,0
317412,1
317413,2
317414,0
317415,1
317416,2
317417,0
317419,1
317420,2
317421,0
317422,1
317423,2
317424,0
317425,1
317426,2
317427,0
317428,1
317429,2
317430,0
317431,1
317432,2
317433,0
317434,1
317435,2
317436,0
317437,1
317438,2
317439,0
317440,1
317441,2
317442,0
317443,1
317444,2
317445,0
317446,1
317447,2
317448,0
317449,1
317450,2
317451,0
317452,1
317453,2
317454,0
317455,1
317456,2
317457,0
317458,1
317459,2
317460,0
317461,1
317462,2
317463,0
317464,1
317465,2
317466,0
317467,1
317468,2
317469,0
317470,1
317471,2
317472,0
317473,1
317474,2
317475,0
317476,1
317477,2
317478,0
317479,1
317480,2
317481,0
317482,1
317483,2
317484,0
317485,1
317486,2
317487,0
317488,1
317489,2
317490,0
317491,1
317492,2
317493,0
317494,1
317495,2
317496,0
317497,1
317498,2
317499,0
317500,1
317501,2
317502,0
317503,1
317504,2
317505,0
317506,1
317507,2
317508,0
317509,1
317510,2
317511,0
317512,1
317513,2
317514,0
317515,1
317516,2
317517,0
317518,1
317519,2
317520,0
317521,1
317522,2
317523,0
317524,1
317525,2
317526,0
317527,1
317528,2
317529,0
317530,1
317531,2
317532,0
317533,1
317534,2
317535,0
317536,1
317537,2
317538,0
317539,1
317540,2
317541,0
317542,1
317543,2
317544,0
317545,1
317546,2
317547,0
317548,1
317549,2
317550,0
317551,1
317552,2
317553,0
317554,1
317555,2
317556,0
317557,1
317558,2
317559,0
317560,1
317561,2
317562,0
317563,1
317564,2
317565,0
317566,1
317567,2
317568,0
317569,1
317570,2
317571,0
317573,1
317574,2
317575,0
317576,1
317577,2
317578,0
317579,1
317580,2
317581,0
317582,1
317583,2
317584,0
317585,1
317586,2
317587,0
317588,1
317590,2
317591,0
317592,1
317593,2
317594,0
317595,1
317596,2
317597,0
317598,1
317599,2
317600,0
317601,1
317602,2
317603,0
317605,1
317606,2
317607,0
317608,1
317609,2
317610,0
317611,1
317612,2
317613,0
317614,1
317615,2
317616,0
317617,1
317618,2
317619,0
317620,1
317621,2
317622,0
317623,1
317624,2
317625,0
317626,1
317627,2
317628,0
317629,1
317630,2
317631,0
317632,1
317633,2
317634,0
317635,1
317636,2
317637,0
317638,1
317639,2
317640,0
317641,1
317642,2
317643,0
317644,1
317645,2
317646,0
317647,1
317648,2
317649,0
317650,1
317651,2
317652,0
317653,1
317654,2
317655,0
317656,1
317657,2
317658,0
317659,1
317660,2
317661,0
317662,1
317663,2
317664,0
317665,1
317666,2
317667,0
317668,1
317669,2
317670,0
317671,1
317672,2
317673,0
317674,1
317675,2
317676,0
317677,1
317678,2
317679,0
317680,1
317681,2
317682,0
317683,1
317684,2
317685,0
317686,1
317687,2
317688,0
317689,1
317690,2
317691,0
317692,1
317693,2
317694,0
317695,1
317696,2
317697,0
317698,1
317699,2
317700,0
317701,1
317702,2
317703,0
317704,1
317705,2
317706,0
317707,1
317708,2
317709,0
317710,1
317711,2
317712,0
317713,1
317714,2
317715,0
317716,1
317717,2
317718,0
317719,1
317720,2
317721,0
317722,1
317723,2
317724,0
317725,1
317728,2
317729,0
317730,1
317731,2
317732,0
317733,1
317734,2
317735,0
317736,1
317737,2
317738,0
317739,1
317740,2
317741,0
317742,1
317743,2
317744,0
317745,1
317746,2
317747,0
317748,1
317749,2
317750,0
317751,1
317752,2
317753,0
317754,1
317755,2
317756,0
317758,1
317759,2
317760,0
317761,1
317762,2
317763,0
317764,1
317765,2
317766,0
317767,1
317768,2
317769,0
317770,1
317771,2
317772,0
317773,1
317774,2
317775,0
317776,1
317777,2
317778,0
317779,1
317780,2
317781,0
317782,1
317783,2
317784,0
317785,1
317786,2
317787,0
317788,1
317789,2
317790,0
317791,1
317792,2
317793,0
317794,1
317795,2
317796,0
317797,1
317798,2
317799,0
317800,1
317801,2
317802,0
317803,1
317805,2
317806,0
317807,1
317808,2
317809,0
317810,1
317811,2
317812,0
317813,1
317814,2
317815,0
317816,1
317817,2
317818,0
317819,1
317820,2
317821,0
317822,1
317823,2
317824,0
317825,1
317826,2
317827,0
317828,1
317829,2
317830,0
317831,1
317832,2
317833,0
317834,1
317835,2
317836,0
317837,1
317838,2
317839,0
317840,1
317841,2
317842,0
317843,1
317844,2
317845,0
317846,1
317847,2
317848,0
317849,1
317850,2
317851,0
317852,1
317853,2
317854,0
317855,1
317856,2
317857,0
317858,1
317859,2
317860,0
317861,1
317862,2
317863,0
317864,1
317865,2
317866,0
317867,1
317868,2
317869,0
317870,1
317871,2
317872,0
317873,1
317874,2
317875,0
317876,1
317877,2
317878,0
317879,1
317880,2
317881,0
317882,1
317883,2
317884,0
317885,1
317886,2
317888,0
317889,1
317890,2
317891,0
317892,1
317893,2
317894,0
317895,1
317896,2
317897,0
317898,1
317899,2
317900,0
317901,1
317902,2
317903,0
317904,1
317905,2
317906,0
317907,1
317908,2
317909,0
317910,1
317911,2
317912,0
317913,1
317914,2
317915,0
317916,1
317917,2
317918,0
317919,1
317920,2
317921,0
317922,1
317923,2
317924,0
317925,1
317926,2
317927,0
317928,1
317929,2
317930,0
317931,1
317932,2
317933,0
317934,1
317935,2
317936,0
317937,1
317938,2
317939,0
317940,1
317941,2
317942,0
317943,1
317944,2
317945,0
317946,1
317947,2
317948,0
317949,1
317950,2
317951,0
317952,1
317953,2
317954,0
317955,1
317956,2
317957,0
317958,1
317959,2
317960,0
317961,1
317962,2
317963,0
317964,1
317965,2
317966,0
317967,1
317968,2
317970,0
317971,1
317972,2
317973,0
317974,1
317975,2
317976,0
317977,1
317978,2
317979,0
317980,1
317981,2
317982,0
317983,1
317984,2
317985,0
317986,1
317987,2
317988,0
317989,1
317990,2
317991,0
317992,1
317993,2
317994,0
317995,1
317996,2
317997,0
317998,1
317999,2
318000,0
318001,1
318002,2
318003,0
318004,1
318005,2
318006,0
318007,1
318008,2
318009,0
318010,1
318011,2
318012,0
318013,1
318014,2
318015,0
318016,1
318017,2
318018,0
318019,1
318020,2
318021,0
318022,1
318023,2
318024,0
318025,1
318026,2
318027,0
318028,1
318029,2
318030,0
318031,1
318032,2
318033,0
318034,1
318035,2
318036,0
318037,1
318038,2
318039,0
318040,1
318041,2
318042,0
318043,1
318044,2
318045,0
318046,1
318047,2
318049,0
318050,1
318051,2
318052,0
318053,1
318054,2
318055,0
318056,1
318057,2
318058,0
318059,1
318060,2
318061,0
318062,1
318063,2
318064,0
318065,1
318066,2
318067,0
318068,1
318069,2
318070,0
318071,1
318072,2
318073,0
318074,1
318075,2
318076,0
318077,1
318078,2
318079,0
318080,1
318081,2
318082,0
318083,1
318085,2
318087,0
318089,1
318090,2
318091,0
318092,1
318093,2
318094,0
318095,1
318096,2
318097,0
318098,1
318099,2
318100,0
318101,1
318102,2
318103,0
318104,1
318105,2
318106,0
318107,1
318108,2
318109,0
318110,1
318111,2
318112,0
318113,1
318114,2
318115,0
318116,1
318117,2
318118,0
318119,1
318120,2
318121,0
318122,1
318123,2
318124,0
318125,1
318126,2
318127,0
318128,1
318129,2
318130,0
318131,1
318132,2
318133,0
318134,1
318135,2
318136,0
318137,1
318138,2
318139,0
318140,1
318141,2
318142,0
318143,1
318144,2
318145,0
318146,1
318147,2
318148,0
318149,1
318150,2
318151,0
318152,1
318153,2
318154,0
318155,1
318156,2
318157,0
318158,1
318159,2
318160,0
318161,1
318162,2
318163,0
318164,1
318165,2
318166,0
318167,1
318168,2
318169,0
318170,1
318171,2
318172,0
318173,1
318174,2
318175,0
318176,1
318177,2
318178,0
318179,1
318180,2
318181,0
318182,1
318183,2
318184,0
318185,1
318186,2
318187,0
318188,1
318189,2
318190,0
318191,1
318192,2
318193,0
318194,1
318195,2
318196,0
318197,1
318198,2
318199,0
318200,1
318201,2
318202,0
318203,1
318204,2
318205,0
318206,1
318207,2
318208,0
318209,1
318210,2
318211,0
318212,1
318213,2
318214,0
318215,1
318216,2
318218,0
318219,1
318220,2
318221,0
318223,1
318224,2
318225,0
318226,1
318227,2
318228,0
318229,1
318230,2
318231,0
318232,1
318233,2
318234,0
318235,1
318236,2
318237,0
318238,1
318239,2
318240,0
318241,1
318242,2
318243,0
318244,1
318245,2
318246,0
318247,1
318248,2
318249,0
318250,1
318251,2
318252,0
318253,1
318254,2
318255,0
318256,1
318257,2
318258,0
318259,1
318260,2
318261,0
318262,1
318263,2
318264,0
318265,1
318266,2
318267,0
318268,1
318269,2
318270,0
318271,1
318272,2
318273,0
318274,1
318275,2
318276,0
318277,1
318278,2
318279,0
318280,1
318281,2
318282,0
318283,1
318284,2
318285,0
318286,1
318287,2
318288,0
318289,1
318290,2
318291,0
318292,1
318293,2
318294,0
318295,1
318296,2
318297,0
318298,1
318299,2
318300,0
318301,1
318302,2
318303,0
318305,1
318306,2
318307,0
318308,1
318309,2
318310,0
318311,1
318312,2
318314,0
318315,1
318316,2
318317,0
318318,1
318319,2
318320,0
318321,1
318322,2
318323,0
318324,1
318325,2
318326,0
318327,1
318328,2
318329,0
318330,1
318331,2
318332,0
318333,1
318334,2
318335,0
318336,1
318337,2
318338,0
318339,1
318340,2
318341,0
318342,1
318343,2
318344,0
318345,1
318346,2
318347,0
318348,1
318349,2
318350,0
318351,1
318352,2
318353,0
318354,1
318355,2
318356,0
318357,1
318358,2
318359,0
318360,1
318361,2
318362,0
318363,1
318364,2
318365,0
318366,1
318367,2
318368,0
318369,1
318370,2
318371,0
318372,1
318373,2
318374,0
318375,1
318376,2
318377,0
318378,1
318379,2
318380,0
318381,1
318382,2
318383,0
318384,1
318385,2
318386,0
318387,1
318388,2
318389,0
318390,1
318391,2
318392,0
318393,1
318394,2
318395,0
318396,1
318397,2
318398,0
318399,1
318400,2
318401,0
318402,1
318403,2
318404,0
318405,1
318406,2
318407,0
318408,1
318409,2
318410,0
318411,1
318412,2
318413,0
318414,1
318415,2
318416,0
318417,1
318418,2
318419,0
318420,1
318421,2
318422,0
318423,1
318424,2
318425,0
318426,1
318427,2
318429,0
318430,1
318431,2
318432,0
318433,1
318434,2
318435,0
318436,1
318437,2
