case_id,Class
300000,0
300001,0
300002,0
300003,1
300004,0
300005,0
300006,0
300007,0
300008,0
300009,0
300010,0
300011,0
300013,0
300014,1
300015,0
300016,0
300017,0
300018,1
300019,0
300020,0
300021,0
300022,0
300023,0
300024,0
300025,0
300026,0
300027,0
300028,0
300029,0
300030,0
300031,0
300032,0
300033,0
300034,0
300035,0
300036,0
300037,0
300038,0
300039,0
300040,1
300041,0
300042,0
300043,0
300044,0
300045,0
300046,0
300047,0
300048,0
300049,1
300050,1
300051,0
300052,0
300053,1
300054,0
300055,0
300056,0
300057,0
300058,0
300059,0
300060,0
300061,0
300062,0
300063,0
300064,0
300065,0
300066,0
300067,0
300068,0
300069,0
300070,1
300071,0
300072,0
300073,0
300074,0
300075,0
300076,0
300077,0
300078,0
300079,0
300080,0
300081,0
300082,1
300083,0
300084,0
300085,0
300087,0
300088,0
300089,0
300090,1
300091,0
300092,0
300093,1
300094,0
300095,0
300096,0
300097,0
300098,0
300099,0
300100,0
300101,0
300102,0
300103,0
300104,0
300105,0
300106,0
300107,1
300108,0
300109,0
300110,0
300111,0
300112,0
300113,0
300114,1
300115,1
300116,0
300117,0
300118,0
300119,0
300120,0
300121,0
300122,0
300123,0
300124,1
300125,0
300126,0
300127,0
300128,0
300129,1
300130,0
300131,1
300132,0
300133,0
300134,0
300135,0
300136,0
300137,0
300138,0
300139,0
300140,0
300141,0
300142,0
300143,0
300144,0
300145,0
300146,0
300147,0
300148,0
300149,0
300150,0
300151,0
300152,0
300153,0
300154,0
300155,1
300156,0
300157,0
300158,0
300159,0
300160,0
300161,0
300162,0
300163,0
300164,0
300165,0
300166,0
300167,0
300168,0
300169,0
300170,0
300171,0
300172,0
300173,0
300174,0
300175,0
300176,0
300177,0
300178,0
300179,0
300180,0
300181,0
300182,0
300183,0
300184,0
300185,0
300186,0
300187,0
300188,0
300189,0
300190,0
300191,0
300192,0
300193,0
300194,0
300196,0
300197,0
300198,0
300199,1
300200,0
300201,0
300203,0
300204,1
300205,0
300206,0
300207,0
300208,0
300209,0
300210,0
300211,0
300212,0
300213,0
300214,0
300215,0
300216,0
300217,0
300218,0
300219,0
300220,0
300221,0
300222,0
300223,0
300224,0
300225,0
300226,0
300227,0
300228,0
300229,0
300230,0
300231,0
300232,0
300233,0
300234,0
300235,1
300236,0
300237,0
300238,0
300239,0
300240,0
300241,0
300242,0
300243,1
300244,0
300245,1
300246,0
300247,1
300248,0
300249,0
300250,0
300251,0
300253,0
300254,1
300255,0
300256,0
300257,0
300258,0
300259,0
300260,1
300261,0
300262,0
300263,0
300264,1
300265,0
300266,0
300267,0
300268,0
300269,0
300270,1
300271,0
300272,0
300273,0
300274,0
300275,0
300277,0
300278,0
300279,0
300280,0
300281,0
300282,0
300283,0
300284,0
300285,0
300286,0
300287,0
300288,0
300289,0
300290,0
300291,0
300292,0
300293,0
300294,0
300295,0
300296,0
300297,1
300298,0
300299,0
300300,0
300301,0
300302,0
300303,0
300304,1
300305,0
300306,0
300307,0
300308,0
300309,1
300311,0
300312,0
300313,0
300314,0
300315,0
300316,0
300317,0
300318,0
300319,0
300320,0
300321,0
300322,0
300323,0
300324,0
300325,1
300326,0
300327,0
300328,0
300329,0
300330,0
300331,0
300332,0
300333,0
300334,0
300335,0
300336,0
300337,0
300338,0
300339,0
300340,0
300341,0
300342,0
300343,0
300344,0
300345,0
300346,0
300347,0
300348,0
300349,0
300350,0
300351,0
300352,0
300353,0
300354,0
300355,0
300356,0
300357,0
300358,0
300359,0
300360,0
300361,0
300362,0
300363,0
300364,0
300365,0
300366,0
300367,1
300368,0
300369,0
300370,0
300371,0
300372,0
300373,0
300374,0
300375,0
300376,1
300377,0
300378,0
300379,0
300380,0
300381,1
300382,0
300383,0
300384,0
300385,0
300386,0
300387,0
300388,0
300389,0
300390,1
300391,0
300392,0
300393,0
300395,0
300396,0
300397,0
300398,0
300399,0
300400,0
300401,0
300402,0
300403,0
300404,0
300405,0
300406,0
300407,0
300408,0
300409,0
300410,0
300411,0
300412,0
300413,0
300414,0
300415,0
300416,0
300417,1
300418,0
300419,0
300420,0
300421,0
300422,0
300423,0
300424,0
300425,0
300426,0
300427,0
300428,0
300429,0
300430,0
300431,0
300432,1
300433,0
300434,0
300435,0
300436,0
300437,0
300438,0
300439,0
300440,0
300441,1
300442,0
300443,0
300444,0
300445,0
300446,0
300447,1
300448,0
300449,0
300450,0
300451,0
300452,0
300453,0
300454,0
300455,1
300456,0
300457,0
300458,0
300459,0
300460,0
300461,0
300462,0
300463,0
300464,0
300465,0
300466,0
300467,1
300468,0
300469,0
300470,0
300471,0
300472,0
300473,0
300474,0
300475,0
300476,1
300477,0
300478,0
300479,0
300480,0
300481,0
300482,1
300483,0
300484,0
300485,0
300486,0
300487,0
300488,0
300489,0
300490,0
300491,0
300492,0
300493,0
300494,1
300495,0
300496,0
300497,0
300498,0
300499,0
300500,0
300501,0
300502,0
300503,0
300504,0
300505,1
300506,0
300507,0
300508,0
300509,0
300510,0
300511,0
300512,0
300513,0
300514,0
300515,0
300516,0
300517,0
300518,0
300519,0
300520,0
300521,0
300522,0
300523,0
300524,0
300525,0
300526,0
300527,0
300528,0
300529,0
300530,1
300531,0
300532,1
300533,0
300534,1
300535,0
300536,0
300537,0
300538,0
300539,0
300540,0
300541,0
300542,0
300543,0
300544,1
300545,0
300546,0
300547,0
300548,0
300549,0
300550,0
300551,0
300552,1
300553,0
300554,0
300555,0
300556,0
300557,1
300558,0
300559,0
300560,0
300561,0
300562,0
300563,0
300564,0
300565,0
300566,0
300567,0
300568,0
300569,0
300570,0
300571,0
300572,0
300573,0
300574,0
300575,0
300576,0
300577,0
300578,0
300579,0
300580,0
300581,0
300582,0
300583,0
300584,0
300585,0
300586,0
300587,0
300589,0
300590,0
300591,0
300592,0
300593,0
300594,0
300595,1
300596,1
300597,0
300598,0
300599,0
300600,1
300601,0
300602,0
300603,0
300604,0
300606,0
300607,0
300608,0
300609,0
300610,0
300611,0
300612,0
300613,0
300614,0
300615,1
300616,0
300617,0
300618,0
300619,0
300620,0
300621,0
300622,0
300623,0
300624,0
300625,0
300627,0
300628,0
300629,0
300630,0
300631,0
300632,0
300633,0
300634,0
300635,0
300636,0
300637,0
300638,0
300639,0
300640,0
300641,0
300642,0
300643,0
300644,0
300645,0
300646,0
300647,0
300648,0
300649,0
300650,0
300651,0
300652,0
300654,0
300655,0
300656,0
300657,0
300658,0
300659,1
300660,0
300661,0
300662,0
300663,0
300664,0
300665,0
300666,0
300667,1
300668,0
300669,0
300670,0
300671,0
300672,0
300673,0
300674,0
300675,1
300676,0
300677,0
300678,0
300679,0
300680,0
300681,0
300682,0
300683,0
300684,0
300685,0
300686,0
300687,0
300688,0
300689,1
300690,0
300691,0
300692,0
300693,0
300694,0
300695,0
300696,1
300697,0
300698,0
300699,0
300700,0
300701,0
300702,0
300703,0
300704,0
300705,0
300706,0
300708,0
300709,0
300710,0
300711,0
300712,1
300713,0
300714,0
300715,0
300716,0
300717,0
300718,0
300719,0
300720,0
300721,0
300722,0
300723,0
300724,0
300725,0
300726,0
300727,0
300728,0
300729,0
300730,0
300731,0
300732,0
300733,0
300734,0
300735,0
300736,0
300737,0
300739,0
300740,0
300741,0
300742,1
300743,0
300744,0
300745,0
300746,0
300747,0
300748,0
300749,0
300750,0
300751,1
300752,1
300753,0
300754,0
300755,0
300756,0
300757,0
300758,0
300759,0
300760,0
300761,0
300762,0
300763,0
300764,0
300765,0
300766,0
300767,1
300768,0
300769,0
300770,0
300771,0
300772,0
300773,0
300774,0
300775,0
300776,0
300777,1
300778,0
300779,0
300780,1
300781,0
300782,0
300783,0
300784,0
300785,0
300786,0
300787,1
300788,0
300789,0
300790,0
300791,0
300792,0
300793,0
300794,0
300795,0
300796,0
300797,0
300798,0
300799,0
300800,1
300801,0
300802,0
300803,0
300804,1
300805,0
300806,0
300807,0
300808,0
300809,0
300810,0
300811,0
300812,0
300813,1
300814,0
300815,0
300816,0
300817,0
300818,0
300819,0
300820,0
300821,0
300822,0
300823,0
300824,0
300825,0
300826,0
300827,0
300828,0
300829,1
300830,0
300831,0
300832,0
300833,0
300834,0
300835,0
300836,0
300837,0
300838,0
300839,1
300840,0
300841,0
300842,0
300843,0
300844,0
300845,0
300846,1
300847,0
300848,0
300849,0
300850,0
300851,0
300852,0
300853,0
300854,0
300855,1
300856,0
300857,0
300858,0
300859,1
300860,1
300861,0
300862,0
300863,0
300864,0
300865,0
300866,0
300867,0
300868,0
300869,0
300870,0
300871,0
300872,0
300873,0
300874,1
300875,0
300876,0
300877,0
300878,1
300880,1
300881,0
300882,0
300883,0
300884,0
300885,1
300886,0
300887,0
300888,0
300889,0
300890,0
300891,0
300892,0
300893,0
300894,0
300895,0
300896,0
300897,0
300898,0
300899,0
300900,0
300901,0
300902,1
300903,0
300904,0
300905,0
300906,0
300907,0
300908,0
300909,0
300910,0
300911,0
300912,0
300913,0
300914,0
300915,0
300916,0
300917,0
300918,0
300919,0
300920,0
300921,0
300922,0
300923,0
300924,0
300925,1
300926,0
300927,0
300928,0
300929,0
300930,1
300931,0
300932,0
300933,0
300934,0
300935,0
300936,0
300937,0
300938,1
300939,0
300940,0
300941,1
300942,0
300943,0
300944,0
300945,1
300946,0
300947,0
300948,0
300949,0
300950,0
300951,0
300952,0
300953,0
300954,0
300955,1
300956,0
300957,0
300958,0
300959,0
300960,0
300961,0
300962,0
300963,0
300964,0
300965,0
300967,0
300968,0
300969,0
300970,0
300971,0
300972,0
300973,0
300974,1
300975,0
300976,0
300977,0
300978,0
300979,0
300980,1
300981,0
300982,0
300983,0
300985,0
300986,1
300987,0
300988,0
300989,0
300990,0
300991,0
300992,0
300993,0
300994,0
300995,0
300996,0
300997,0
300998,0
300999,0
301000,1
301001,0
301002,0
301003,0
301004,0
301005,0
301006,0
301007,0
301008,0
301009,0
301010,0
301011,0
301012,0
301013,0
301014,1
301015,0
301016,0
301017,0
301018,0
301019,0
301020,0
301021,0
301022,0
301023,0
301024,1
301025,0
301026,0
301027,1
301028,0
301029,0
301030,1
301031,0
301032,0
301033,0
301034,0
301035,0
301036,0
301037,0
301038,0
301039,0
301040,0
301041,1
301042,0
301043,0
301044,0
301045,0
301046,0
301047,0
301048,0
301049,0
301050,0
301051,0
301052,0
301053,0
301054,0
301055,0
301056,0
301057,0
301058,0
301059,0
301060,0
301061,1
301062,0
301063,0
301064,1
301065,0
301066,1
301067,0
301068,0
301069,0
301070,0
301071,0
301072,0
301073,0
301074,1
301075,0
301077,0
301078,0
301079,0
301080,1
301081,0
301082,0
301083,0
301084,0
301085,1
301086,0
301087,0
301088,0
301089,1
301090,1
301091,0
301092,0
301093,1
301094,0
301095,1
301096,0
301097,0
301098,0
301099,0
301100,0
301101,0
301102,0
301104,1
301105,0
301106,0
301107,0
301108,0
301109,0
301110,0
301111,0
301112,0
301113,0
301114,0
301115,0
301116,0
301117,0
301118,0
301119,0
301120,0
301121,0
301122,0
301123,0
301124,1
301125,0
301126,0
301127,0
301128,0
301129,0
301130,0
301131,0
301132,0
301133,0
301134,0
301135,0
301136,0
301137,0
301138,0
301139,1
301140,0
301141,1
301142,1
301143,1
301144,0
301145,0
301146,0
301147,0
301148,0
301149,0
301150,0
301151,0
301152,0
301153,0
301154,0
301155,1
301156,0
301157,0
301158,0
301159,0
301160,0
301161,0
301162,0
301163,0
301164,0
301165,0
301166,0
301167,0
301168,0
301169,0
301170,0
301171,0
301172,0
301173,0
301174,0
301175,1
301176,1
301177,0
301178,0
301179,1
301180,0
301181,0
301182,0
301183,0
301184,0
301185,0
301186,1
301187,0
301188,0
301189,0
301190,0
301191,0
301192,0
301193,0
301194,0
301195,0
301196,0
301197,0
301198,0
301199,0
301200,0
301201,0
301202,1
301203,0
301204,0
301205,0
301206,0
301207,0
301208,0
301209,0
301210,0
301211,0
301212,1
301213,0
301214,0
301215,0
301216,0
301217,0
301218,0
301219,0
301220,0
301221,0
301222,0
301223,0
301224,0
301225,0
301226,0
301227,0
301228,0
301229,0
301230,0
301231,0
301232,1
301233,0
301234,0
301235,0
301236,1
301237,0
301238,1
301239,0
301240,0
301241,0
301242,0
301243,0
301244,0
301245,0
301246,0
301247,0
301248,0
301249,1
301250,0
301251,0
301252,0
301253,0
301254,0
301255,0
301256,0
301257,1
301258,0
301259,0
301260,0
301261,0
301262,0
301263,0
301264,0
301265,0
301266,0
301267,0
301268,0
301269,0
301270,0
301271,0
301272,0
301273,0
301274,1
301275,0
301276,0
301277,0
301278,0
301279,0
301280,0
301281,0
301282,0
301283,0
301284,0
301285,0
301286,0
301287,0
301289,0
301290,1
301291,0
301292,0
301293,0
301294,0
301295,0
301296,0
301297,0
301298,0
301299,0
301300,0
301301,0
301302,0
301303,0
301304,0
301305,0
301306,0
301308,0
301309,0
301310,0
301311,0
301312,0
301313,0
301314,0
301315,0
301316,0
301317,0
301318,0
301319,1
301320,0
301321,0
301322,0
301323,0
301324,0
301325,0
301326,0
301327,0
301328,0
301329,0
301330,0
301331,1
301332,0
301333,0
301334,0
301335,0
301336,0
301337,0
301338,0
301339,0
301340,0
301341,0
301342,0
301343,0
301344,0
301345,0
301346,0
301347,0
301348,0
301350,1
301351,0
301352,0
301353,0
301354,0
301355,0
301356,1
301357,0
301358,0
301359,0
301360,0
301361,1
301362,0
301363,0
301364,0
301365,0
301366,0
301367,0
301368,0
301369,0
301370,0
301371,0
301372,1
301373,0
301374,0
301375,0
301376,0
301377,1
301378,0
301379,0
301380,0
301381,0
301382,0
301383,0
301385,0
301386,0
301387,0
301388,1
301389,0
301390,0
301391,0
301392,0
301393,0
301394,0
301395,0
301396,1
301397,0
301398,0
301399,0
301400,0
301402,0
301403,0
301404,0
301405,0
301406,0
301407,0
301408,0
301409,0
301410,0
301411,0
301412,0
301413,0
301414,0
301415,0
301416,0
301417,0
301418,1
301419,0
301420,0
301421,0
301422,0
301423,0
301424,0
301425,0
301426,0
301427,0
301428,0
301429,0
301430,0
301431,0
301432,0
301433,0
301434,0
301435,0
301436,0
301437,0
301438,0
301439,0
301440,0
301441,0
301442,0
301443,0
301444,0
301445,0
301446,0
301447,0
301448,0
301449,0
301450,0
301452,0
301453,1
301454,0
301455,0
301456,0
301457,0
301458,1
301459,1
301460,0
301461,0
301462,0
301463,0
301464,0
301465,0
301466,0
301467,0
301468,0
301469,0
301470,1
301471,0
301472,0
301473,0
301474,0
301475,1
301476,0
301477,0
301478,0
301479,0
301480,1
301481,0
301482,0
301483,0
301484,0
301485,0
301486,0
301487,0
301488,0
301489,0
301490,0
301491,0
301492,0
301493,0
301494,1
301495,1
301496,1
301497,0
301498,0
301499,0
301500,0
301501,0
301502,0
301503,0
301504,0
301505,0
301506,0
301507,0
301508,0
301509,0
301510,0
301513,0
301514,0
301515,1
301516,0
301517,0
301518,1
301519,0
301520,0
301521,0
301522,0
301523,0
301524,0
301525,0
301526,0
301527,0
301528,0
301529,0
301530,0
301531,0
301532,0
301533,0
301534,1
301535,1
301537,0
301538,1
301539,0
301540,0
301541,0
301542,0
301543,0
301544,0
301545,0
301546,0
301547,0
301548,0
301549,0
301550,0
301551,0
301552,0
301553,0
301554,0
301555,0
301556,0
301557,0
301558,0
301559,0
301560,0
301561,0
301562,0
301563,0
301564,0
301565,0
301566,0
301567,0
301568,0
301569,1
301570,0
301571,0
301572,0
301573,0
301574,1
301575,0
301576,0
301577,0
301578,0
301579,0
301580,0
301581,1
301582,0
301583,1
301584,0
301585,0
301586,0
301587,0
301588,0
301589,0
301590,0
301592,0
301593,0
301594,0
301595,0
301596,0
301597,0
301598,0
301599,0
301600,0
301601,0
301602,0
301603,0
301604,0
301605,0
301606,0
301607,0
301608,0
301609,0
301610,0
301611,0
301612,0
301613,0
301614,0
301615,0
301616,0
301617,0
301618,0
301619,0
301620,1
301621,0
301622,0
301623,0
301624,1
301625,0
301626,0
301627,0
301628,0
301629,0
301630,0
301631,0
301632,0
301633,0
301634,0
301635,0
301636,0
301637,1
301638,0
301639,0
301640,0
301641,0
301642,0
301643,0
301644,0
301645,0
301646,0
301647,0
301648,0
301649,0
301650,1
301651,1
301652,0
301653,0
301654,0
301655,0
301656,0
301657,0
301658,0
301659,0
301660,0
301661,1
301662,0
301663,0
301664,1
301665,0
301666,0
301667,0
301668,0
301669,1
301670,0
301671,0
301672,0
301673,0
301674,0
301675,1
301676,0
301677,0
301678,0
301679,0
301680,0
301681,1
301682,1
301683,0
301684,0
301685,0
301686,1
301687,1
301688,0
301689,0
301690,0
301691,0
301692,0
301693,0
301694,0
301696,0
301697,0
301698,0
301699,0
301700,0
301701,0
301702,0
301703,0
301704,0
301705,0
301706,0
301708,0
301709,0
301710,0
301711,0
301712,0
301713,0
301714,0
301716,0
301717,0
301718,0
301719,0
301720,0
301721,0
301722,0
301724,0
301725,0
301726,0
301727,1
301728,0
301729,0
301730,0
301731,0
301732,1
301734,0
301735,0
301736,0
301737,0
301738,0
301739,0
301740,0
301741,0
301742,0
301743,0
301744,1
301745,0
301746,0
301747,0
301748,1
301749,0
301750,0
301751,0
301753,0
301754,0
301755,0
301756,0
301757,0
301758,0
301759,0
301760,0
301761,1
301762,0
301763,0
301764,0
301765,0
301766,0
301767,0
301768,0
301769,1
301770,1
301771,0
301772,0
301773,0
301774,0
301775,0
301776,0
301777,1
301778,0
301779,0
301780,0
301781,0
301782,1
301783,0
301784,1
301785,0
301786,0
301787,0
301788,0
301789,0
301790,0
301791,0
301792,0
301793,0
301794,0
301795,0
301796,1
301797,0
301798,0
301799,0
301800,0
301801,0
301802,0
301803,0
301804,0
301805,1
301806,0
301807,0
301808,0
301809,1
301810,0
301811,1
301812,0
301813,0
301814,0
301815,0
301816,0
301817,0
301818,0
301819,1
301820,0
301821,0
301822,0
301823,0
301824,0
301825,0
301826,0
301827,1
301828,0
301829,1
301830,0
301831,0
301832,0
301833,0
301834,0
301835,0
301836,0
301837,0
301838,0
301839,0
301840,0
301841,0
301842,0
301843,0
301844,0
301845,0
301846,0
301847,0
301848,0
301849,0
301850,0
301851,0
301852,0
301853,1
301854,0
301855,0
301856,0
301857,0
301859,0
301860,0
301861,0
301862,0
301863,0
301864,0
301865,0
301866,0
301867,0
301868,0
301869,0
301870,0
301871,0
301872,0
301873,1
301874,0
301875,0
301876,1
301877,0
301878,0
301879,0
301880,0
301881,0
301882,0
301883,0
301884,0
301885,0
301886,1
301887,0
301888,0
301889,0
301890,0
301891,0
301892,0
301893,1
301894,0
301895,0
301896,0
301897,0
301898,0
301899,0
301900,0
301901,0
301902,0
301903,0
301904,0
301905,0
301906,0
301907,0
301908,0
301909,0
301910,0
301911,0
301912,0
301913,0
301914,0
301915,0
301916,0
301917,0
301918,0
301919,0
301920,1
301921,0
301922,0
301923,0
301924,0
301925,0
301926,0
301927,0
301928,0
301929,1
301930,0
301931,0
301932,0
301933,0
301934,0
301935,0
301936,0
301937,0
301938,0
301939,0
301940,0
301941,0
301942,0
301943,0
301944,0
301945,0
301946,0
301947,1
301948,0
301949,0
301950,1
301951,0
301952,0
301953,0
301955,0
301956,0
301957,0
301958,0
301959,0
301960,0
301961,0
301962,0
301963,0
301964,0
301965,0
301966,0
301967,0
301968,0
301969,0
301970,0
301971,0
301972,0
301973,0
301974,1
301975,0
301976,0
301977,1
301978,0
301979,0
301980,0
301981,0
301982,0
301983,0
301984,0
301985,0
301986,0
301987,0
301988,0
301989,0
301990,0
301991,0
301992,0
301993,0
301994,0
301995,0
301996,1
301997,0
301998,0
301999,1
302000,0
302001,0
302003,0
302004,1
302005,1
302006,0
302007,0
302008,0
302009,1
302010,0
302011,1
302012,0
302013,0
302014,1
302015,0
302016,0
302017,0
302018,1
302019,0
302020,0
302021,0
302022,0
302023,1
302024,0
302025,0
302026,0
302027,1
302028,0
302029,0
302030,0
302031,0
302032,0
302033,0
302034,0
302035,0
302036,0
302037,0
302038,0
302039,0
302040,0
302041,0
302042,0
302043,0
302044,0
302045,0
302046,0
302048,0
302049,0
302050,0
302051,0
302052,0
302053,0
302054,0
302055,1
302056,0
302057,1
302058,1
302059,0
302060,0
302061,0
302062,0
302063,0
302064,0
302065,0
302066,0
302067,0
302068,0
302069,0
302070,1
302071,0
302072,0
302073,0
302074,0
302075,0
302076,0
302077,0
302078,0
302079,0
302080,1
302081,0
302082,0
302083,0
302084,0
302085,1
302086,0
302087,0
302088,0
302089,0
302090,0
302091,0
302092,0
302093,1
302094,0
302095,0
302096,0
302097,0
302098,0
302099,0
302100,0
302101,0
302102,0
302103,0
302104,1
302105,1
302106,0
302107,0
302108,0
302109,0
302111,1
302112,0
302113,0
302114,0
302115,0
302116,0
302117,1
302118,0
302119,0
302120,0
302121,0
302122,0
302123,1
302124,0
302125,0
302126,0
302127,0
302128,1
302129,1
302130,0
302131,0
302132,0
302133,0
302134,1
302135,0
302136,0
302137,0
302138,0
302139,0
302140,1
302141,0
302142,0
302143,0
302144,0
302145,0
302146,0
302147,0
302148,0
302149,0
302150,1
302151,1
302152,1
302154,0
302155,0
302156,0
302157,0
302158,0
302159,0
302160,1
302161,0
302162,1
302163,0
302165,0
302166,0
302167,0
302168,0
302169,0
302170,0
302171,0
302172,0
302174,0
302175,0
302176,0
302177,0
302178,0
302179,0
302180,0
302181,1
302182,0
302183,0
302184,0
302185,0
302186,1
302187,0
302188,0
302189,0
302190,0
302191,0
302192,0
302193,0
302194,0
302195,0
302196,1
302197,0
302198,0
302199,0
302200,0
302201,0
302202,0
302203,0
302204,0
302205,0
302206,0
302207,0
302208,0
302209,0
302210,0
302211,0
302212,0
302213,0
302214,0
302215,0
302216,0
302217,0
302218,0
302219,0
302220,0
302221,0
302222,0
302223,0
302224,0
302225,0
302226,0
302227,0
302228,1
302229,0
302230,1
302231,0
302232,0
302233,0
302234,0
302235,0
302236,0
302237,0
302238,0
302239,0
302240,0
302241,0
302243,0
302244,1
302245,1
302246,0
302247,0
302248,0
302249,0
302250,0
302251,0
302252,0
302253,0
302254,0
302255,0
302256,0
302257,0
302258,0
302259,0
302261,0
302262,0
302263,0
302264,0
302265,0
302266,1
302267,0
302268,0
302269,0
302270,0
302271,0
302272,1
302273,0
302274,0
302275,0
302276,0
302277,1
302278,0
302279,0
302280,0
302281,0
302282,0
302283,0
302284,0
302285,0
302286,0
302287,0
302288,0
302289,0
302290,0
302291,0
302292,0
302293,0
302294,0
302295,0
302296,0
302297,0
302298,0
302299,0
302300,1
302301,0
302302,0
302303,0
302304,1
302305,0
302307,0
302309,0
302310,0
302311,0
302312,0
302313,0
302314,0
302315,0
302316,0
302317,0
302318,0
302319,0
302320,0
302321,0
302322,0
302323,0
302324,1
302325,0
302326,0
302327,0
302328,0
302329,0
302330,0
302331,0
302332,0
302333,0
302334,0
302335,0
302336,1
302337,1
302338,0
302339,0
302340,0
302341,0
302342,0
302343,0
302344,0
302345,1
302346,0
302347,0
302348,1
302349,1
302350,0
302351,0
302352,0
302353,0
302354,0
302355,0
302356,0
302357,0
302358,0
302359,0
302360,0
302361,0
302362,0
302363,1
302364,1
302365,0
302366,0
302367,0
302368,1
302369,0
302370,0
302371,0
302372,0
302373,1
302374,0
302375,0
302376,0
302377,0
302378,0
302379,0
302380,0
302381,1
302382,0
302383,0
302384,0
302385,0
302386,0
302387,0
302388,0
302389,0
302390,0
302391,0
302392,0
302393,0
302394,0
302395,0
302396,0
302397,1
302398,0
302399,0
302400,0
302401,0
302402,0
302403,0
302404,0
302405,0
302406,1
302407,0
302408,0
302409,0
302410,0
302411,0
302412,0
302413,0
302414,0
302415,0
302416,0
302417,0
302418,0
302420,0
302421,0
302423,0
302424,1
302425,0
302426,1
302427,1
302428,1
302429,1
302430,0
302431,1
302432,0
302433,0
302434,0
302435,0
302436,0
302437,0
302438,0
302439,0
302440,0
302441,0
302442,0
302443,1
302444,0
302445,0
302446,0
302447,0
302448,0
302449,0
302450,1
302451,0
302452,1
302453,0
302454,0
302455,0
302456,0
302458,0
302459,1
302460,0
302461,0
302462,1
302463,0
302464,0
302465,0
302466,0
302467,0
302468,0
302469,0
302470,0
302471,0
302472,0
302473,0
302474,0
302475,0
302476,0
302477,1
302478,0
302479,0
302480,0
302481,0
302482,0
302483,0
302484,0
302485,0
302486,0
302487,0
302488,0
302489,0
302490,0
302491,0
302492,0
302493,0
302494,0
302495,0
302496,0
302497,1
302498,0
302499,0
302500,0
302501,0
302502,0
302503,0
302504,0
302505,0
302506,0
302507,0
302508,0
302509,0
302510,0
302511,0
302512,0
302513,1
302514,0
302515,0
302516,0
302517,0
302518,0
302519,0
302520,0
302521,0
302522,0
302523,0
302524,0
302525,0
302526,0
302527,0
302528,0
302529,0
302530,0
302531,0
302532,0
302533,0
302534,0
302535,1
302536,0
302537,0
302538,0
302539,0
302540,0
302541,0
302542,0
302543,0
302544,0
302545,0
302546,0
302547,1
302548,0
302549,0
302550,1
302551,0
302552,0
302553,0
302554,0
302555,0
302556,0
302557,0
302558,0
302559,1
302560,0
302561,0
302562,0
302563,0
302564,1
302565,0
302566,0
302567,1
302568,0
302569,1
302570,0
302571,0
302572,0
302573,1
302574,0
302575,0
302576,0
302577,0
302578,0
302579,0
302580,1
302581,0
302582,0
302583,0
302584,0
302585,0
302586,0
302587,0
302588,0
302589,0
302590,0
302591,0
302592,0
302593,0
302594,0
302595,1
302596,0
302597,0
302598,1
302599,1
302600,0
302601,0
302602,0
302603,0
302604,0
302605,0
302606,0
302607,0
302608,0
302609,0
302610,0
302611,0
302612,0
302613,0
302614,0
302615,0
302616,0
302617,0
302618,1
302619,0
302620,1
302621,0
302622,0
302623,0
302624,0
302625,0
302626,0
302627,0
302628,0
302629,0
302630,0
302631,0
302632,0
302633,0
302634,0
302635,1
302636,0
302637,0
302638,0
302639,0
302640,0
302641,0
302642,0
302643,0
302644,0
302645,0
302646,0
302647,0
302648,0
302649,0
302650,0
302651,0
302652,0
302653,0
302654,0
302655,0
302656,0
302657,0
302658,1
302659,0
302660,0
302661,0
302662,0
302663,0
302664,0
302665,1
302666,1
302667,0
302669,0
302670,0
302671,0
302672,0
302673,0
302674,0
302675,0
302676,1
302677,0
302678,0
302679,0
302680,0
302681,0
302682,0
302683,0
302684,0
302685,1
302686,0
302687,0
302688,0
302689,0
302690,0
302691,0
302692,0
302693,0
302694,0
302695,0
302696,0
302697,0
302698,0
302699,0
302700,0
302701,0
302702,0
302703,0
302704,0
302705,0
302706,0
302707,1
302708,1
302709,0
302710,0
302711,0
302712,1
302713,1
302714,0
302715,0
302716,1
302717,0
302718,0
302719,1
302720,1
302722,0
302723,0
302724,0
302725,0
302726,0
302727,0
302728,0
302729,0
302730,0
302731,0
302732,0
302733,0
302734,0
302735,0
302736,0
302737,0
302738,0
302739,1
302740,0
302741,0
302742,0
302743,0
302744,1
302745,1
302746,0
302747,0
302748,0
302749,0
302750,0
302751,0
302752,0
302753,0
302754,0
302755,0
302756,0
302757,0
302758,0
302759,0
302760,0
302761,0
302762,0
302763,1
302764,0
302765,0
302766,0
302767,0
302768,0
302769,0
302770,0
302771,1
302772,0
302773,0
302774,0
302775,0
302776,0
302777,0
302778,0
302779,0
302780,0
302781,0
302782,0
302783,1
302784,0
302785,0
302786,0
302787,0
302788,1
302789,0
302790,0
302791,0
302792,1
302793,0
302794,0
302795,1
302796,0
302797,0
302798,0
302799,0
302800,0
302801,0
302802,0
302803,0
302804,0
302805,0
302806,1
302807,0
302808,0
302809,0
302810,0
302811,0
302812,0
302813,0
302814,0
302815,0
302816,0
302817,0
302818,0
302819,0
302820,0
302821,0
302822,0
302823,0
302824,1
302825,0
302826,0
302827,0
302828,0
302829,0
302830,0
302831,0
302832,0
302833,0
302834,0
302835,0
302836,0
302837,0
302838,0
302839,0
302840,0
302841,0
302842,1
302843,0
302844,0
302845,1
302846,0
302847,0
302848,0
302849,0
302850,0
302851,0
302852,0
302853,0
302854,0
302855,0
302856,0
302857,0
302858,0
302859,0
302860,0
302861,0
302862,0
302863,0
302864,0
302865,0
302867,0
302868,0
302869,0
302870,0
302871,0
302872,0
302873,0
302874,0
302875,0
302876,0
302877,0
302878,0
302879,0
302880,1
302881,0
302882,0
302883,0
302884,0
302885,0
302886,0
302887,0
302888,0
302889,0
302890,0
302891,0
302892,0
302893,0
302894,0
302895,0
302896,0
302897,0
302898,0
302899,0
302900,0
302901,0
302902,1
302903,1
302904,0
302905,0
302906,0
302907,1
302908,0
302909,0
302910,0
302911,0
302912,0
302913,0
302914,0
302915,0
302916,0
302917,0
302918,0
302919,0
302920,0
302921,0
302922,0
302923,0
302924,0
302925,0
302926,0
302927,0
302928,1
302929,0
302930,0
302931,0
302932,0
302933,0
302934,0
302935,0
302936,0
302937,0
302938,0
302939,0
302940,0
302941,0
302942,0
302943,0
302944,0
302945,0
302946,0
302947,0
302948,0
302949,0
302950,0
302951,0
302952,0
302953,0
302954,0
302955,0
302956,0
302957,1
302958,0
302959,0
302960,0
302961,0
302962,0
302963,0
302964,0
302965,0
302966,1
302967,0
302968,1
302969,0
302970,0
302971,0
302972,0
302973,0
302974,1
302975,1
302976,0
302977,0
302978,0
302979,0
302980,0
302981,1
302982,1
302983,0
302984,0
302985,0
302986,0
302987,0
302988,0
302989,0
302990,1
302991,0
302992,0
302993,0
302994,0
302995,0
302996,0
302997,0
302998,0
302999,0
303000,0
303001,0
303002,0
303003,0
303004,0
303005,0
303006,0
303007,0
303008,0
303009,0
303010,0
303011,0
303012,1
303013,1
303014,1
303015,0
303016,0
303017,0
303018,0
303019,0
303020,0
303021,0
303022,0
303023,1
303024,0
303025,0
303026,0
303027,0
303028,0
303029,0
303030,0
303031,0
303032,0
303033,0
303034,0
303035,0
303036,0
303037,0
303038,0
303040,0
303041,1
303042,0
303043,0
303044,0
303045,0
303046,0
303047,0
303048,0
303049,0
303050,0
303051,0
303052,0
303053,0
303054,1
303055,0
303056,0
303057,0
303058,0
303059,0
303060,0
303061,0
303062,1
303063,0
303064,0
303066,0
303067,0
303068,0
303069,0
303070,0
303071,1
303072,0
303073,0
303074,0
303075,0
303076,0
303077,0
303078,1
303079,0
303080,0
303081,0
303082,0
303083,1
303084,0
303085,0
303086,0
303087,0
303088,0
303090,0
303091,0
303092,0
303093,0
303094,0
303095,0
303096,0
303097,0
303098,0
303099,0
303100,1
303101,0
303103,0
303104,0
303105,0
303106,0
303107,0
303108,0
303109,0
303110,0
303111,0
303112,0
303113,0
303114,1
303115,0
303116,1
303117,1
303118,0
303119,0
303120,0
303121,0
303122,0
303123,0
303124,0
303125,0
303126,0
303127,0
303128,0
303129,0
303130,0
303131,0
303132,0
303133,0
303134,0
303135,0
303136,0
303137,1
303138,0
303139,0
303140,0
303141,0
303142,0
303143,0
303144,0
303145,0
303146,0
303147,0
303148,1
303149,1
303150,0
303151,0
303153,0
303154,0
303155,0
303156,0
303157,1
303158,0
303159,0
303161,0
303162,1
303163,0
303164,0
303165,0
303166,0
303167,0
303168,0
303169,0
303170,0
303171,0
303172,0
303173,0
303174,0
303175,0
303176,0
303177,0
303178,0
303179,0
303180,0
303181,0
303182,0
303183,1
303184,0
303185,0
303186,0
303187,0
303188,0
303189,0
303190,0
303191,0
303192,0
303193,0
303194,0
303195,0
303196,0
303197,0
303198,1
303199,0
303200,0
303201,0
303202,0
303203,0
303204,0
303205,0
303206,0
303207,0
303208,0
303209,0
303210,0
303211,0
303212,0
303213,0
303214,0
303215,0
303216,0
303217,0
303218,0
303219,0
303220,0
303221,0
303222,0
303223,1
303224,0
303225,0
303226,0
303227,1
303228,0
303229,0
303230,0
303231,0
303232,0
303233,0
303234,0
303235,0
303236,0
303237,0
303238,0
303239,0
303240,0
303241,0
303242,0
303243,0
303244,0
303245,1
303246,0
303247,0
303248,0
303249,0
303250,0
303251,1
303252,0
303253,0
303254,0
303255,0
303256,0
303257,0
303258,0
303259,0
303260,0
303261,1
303262,0
303263,0
303264,0
303265,0
303266,0
303267,0
303268,0
303269,1
303270,0
303271,0
303272,0
303273,0
303274,1
303275,0
303276,0
303277,0
303278,0
303279,0
303280,0
303281,0
303282,0
303283,0
303284,0
303285,0
303286,0
303287,0
303288,0
303289,0
303290,0
303291,0
303292,0
303293,0
303294,0
303295,0
303296,0
303297,0
303298,0
303299,0
303300,0
303301,0
303302,0
303303,0
303304,0
303305,0
303306,1
303307,0
303308,0
303309,0
303310,0
303311,0
303312,0
303313,0
303314,0
303315,0
303316,0
303317,0
303318,0
303319,0
303320,1
303321,0
303322,0
303323,0
303324,0
303325,0
303326,0
303327,0
303328,0
303329,0
303330,0
303331,0
303332,0
303333,0
303334,0
303335,0
303336,0
303337,0
303338,0
303339,0
303340,0
303341,0
303342,0
303343,0
303344,0
303345,0
303346,0
303347,0
303348,0
303350,1
303351,0
303352,1
303353,0
303354,0
303355,0
303356,0
303357,0
303358,0
303359,0
303360,1
303361,0
303362,0
303363,0
303364,0
303365,0
303366,0
303367,0
303368,0
303369,0
303370,0
303372,1
303373,0
303374,0
303375,1
303376,0
303377,0
303378,1
303379,0
303380,0
303381,0
303382,0
303383,0
303384,0
303385,0
303386,1
303387,1
303388,0
303389,0
303390,0
303391,0
303392,1
303393,0
303394,0
303395,0
303396,0
303397,0
303398,0
303399,0
303400,0
303401,0
303402,0
303403,0
303404,1
303405,0
303406,0
303407,0
303408,0
303409,0
303410,0
303411,0
303412,0
303413,0
303414,0
303415,0
303416,0
303417,0
303418,0
303419,0
303420,0
303421,0
303422,0
303423,0
303424,0
303425,1
303426,0
303427,0
303428,0
303429,0
303430,1
303431,0
303432,0
303433,0
303434,0
303435,0
303436,0
303437,0
303438,0
303439,0
303440,0
303441,0
303442,0
303443,0
303444,0
303445,0
303446,0
303447,0
303448,0
303450,1
303451,0
303452,1
303453,0
303454,0
303455,0
303456,0
303457,0
303458,0
303459,0
303460,0
303461,0
303462,0
303463,0
303464,0
303465,0
303466,0
303467,0
303468,0
303469,0
303470,0
303471,0
303472,0
303473,0
303474,0
303475,0
303476,0
303477,0
303478,0
303479,0
303480,0
303481,0
303483,0
303484,0
303485,0
303486,0
303487,0
303488,0
303489,0
303490,0
303491,0
303492,0
303493,0
303495,0
303496,0
303497,0
303498,1
303499,0
303500,1
303501,0
303502,0
303503,0
303504,0
303505,0
303506,0
303507,0
303508,0
303509,0
303510,0
303511,0
303512,1
303513,0
303514,0
303515,0
303516,1
303517,0
303518,0
303519,0
303520,0
303521,0
303522,0
303523,0
303524,0
303525,1
303526,0
303527,0
303528,0
303529,0
303530,0
303531,0
303532,0
303533,0
303534,0
303535,0
303536,1
303537,1
303538,0
303539,0
303540,0
303541,0
303542,1
303543,0
303544,0
303545,0
303546,0
303547,1
303548,0
303549,0
303550,1
303551,0
303552,1
303553,0
303554,0
303555,0
303556,0
303557,0
303558,0
303559,0
303560,0
303561,1
303562,0
303563,0
303564,0
303565,0
303566,0
303567,0
303568,0
303569,0
303570,0
303571,0
303572,1
303573,0
303574,0
303575,0
303576,0
303577,0
303578,1
303579,0
303580,1
303581,1
303582,0
303583,0
303584,0
303585,0
303586,0
303587,0
303588,0
303589,0
303590,0
303591,0
303592,0
303593,0
303594,0
303595,0
303596,0
303597,0
303598,0
303599,0
303600,0
303601,0
303602,0
303603,0
303604,0
303605,0
303606,0
303607,0
303608,1
303609,0
303610,0
303611,1
303612,0
303613,0
303614,0
303615,0
303616,0
303617,0
303618,0
303619,0
303620,0
303622,0
303623,0
303624,0
303625,0
303626,0
303627,0
303628,0
303629,0
303630,1
303631,0
303632,0
303633,0
303634,0
303635,0
303636,0
303637,0
303638,0
303639,0
303640,0
303641,0
303642,0
303643,0
303644,0
303645,0
303646,0
303647,0
303648,0
303649,0
303650,0
303651,0
303652,0
303653,0
303654,0
303655,0
303656,0
303657,0
303658,0
303659,0
303660,0
303662,0
303663,0
303664,0
303665,0
303666,0
303667,0
303668,0
303669,0
303670,0
303671,0
303672,0
303673,0
303674,0
303675,0
303676,0
303677,0
303678,1
303679,0
303680,0
303681,0
303682,0
303683,1
303684,0
303685,0
303686,1
303687,0
303688,0
303689,0
303690,0
303691,1
303692,0
303693,0
303694,0
303695,1
303696,0
303697,0
303698,0
303699,0
303700,0
303701,1
303702,0
303703,0
303704,0
303705,0
303706,0
303707,0
303708,0
303709,1
303710,0
303711,0
303712,0
303713,0
303714,0
303715,0
303716,0
303717,0
303718,0
303719,1
303720,0
303721,0
303722,0
303723,0
303724,0
303725,0
303726,0
303727,0
303728,1
303729,1
303730,1
303731,0
303732,1
303733,0
303734,0
303735,0
303736,1
303737,0
303738,0
303739,0
303740,0
303741,0
303742,0
303743,0
303744,0
303745,0
303746,0
303747,1
303748,0
303749,0
303750,1
303751,0
303752,1
303753,0
303754,1
303755,0
303756,0
303757,0
303758,0
303759,0
303760,0
303761,0
303762,0
303763,0
303764,0
303765,0
303766,0
303767,0
303768,0
303769,0
303770,0
303771,0
303772,1
303773,0
303774,0
303775,0
303776,0
303777,0
303778,0
303779,0
303780,0
303781,0
303782,0
303783,0
303784,0
303785,0
303786,0
303787,0
303788,0
303789,0
303790,0
303791,0
303792,0
303793,0
303794,0
303795,0
303796,0
303797,0
303798,0
303799,0
303800,0
303801,0
303802,0
303803,0
303804,0
303805,0
303806,0
303807,1
303808,0
303809,0
303810,0
303811,0
303812,1
303813,0
303814,0
303815,0
303816,0
303817,0
303818,0
303819,0
303820,0
303821,0
303822,0
303823,0
303824,0
303825,0
303826,0
303827,1
303828,0
303829,0
303830,1
303831,0
303832,0
303833,0
303834,0
303835,0
303836,0
303837,1
303838,0
303839,0
303840,0
303841,0
303842,1
303843,0
303844,0
303845,0
303846,0
303847,0
303848,0
303849,0
303850,0
303851,0
303852,0
303853,0
303854,0
303855,0
303856,0
303857,0
303858,0
303859,0
303860,0
303861,0
303862,0
303863,0
303864,0
303865,1
303866,0
303867,0
303868,0
303869,0
303870,0
303871,0
303872,0
303873,0
303874,0
303875,1
303876,1
303877,0
303878,0
303879,0
303880,0
303881,0
303882,0
303883,0
303884,0
303885,0
303886,0
303887,0
303888,0
303889,0
303890,0
303891,0
303892,0
303893,1
303894,0
303895,0
303896,1
303897,0
303898,1
303899,0
303900,0
303901,0
303902,0
303903,0
303904,0
303905,1
303906,1
303907,0
303908,0
303909,1
303910,1
303911,0
303912,0
303913,0
303914,0
303915,0
303916,0
303917,0
303918,0
303919,1
303920,0
303921,0
303922,0
303923,0
303924,0
303925,0
303926,0
303927,0
303928,0
303929,0
303930,0
303931,0
303932,0
303933,0
303934,0
303935,0
303936,0
303937,0
303938,0
303939,0
303940,0
303941,0
303942,0
303943,0
303945,0
303946,0
303947,0
303948,0
303949,1
303950,0
303951,0
303952,1
303953,0
303954,0
303955,0
303956,0
303957,0
303958,1
303959,0
303960,0
303961,0
303962,0
303963,0
303964,0
303965,0
303966,0
303967,0
303968,0
303969,0
303970,0
303971,0
303972,0
303973,0
303974,0
303975,0
303976,0
303977,0
303978,0
303979,0
303980,0
303981,0
303982,0
303983,0
303984,1
303985,0
303986,0
303987,0
303988,0
303989,0
303990,0
303991,0
303992,0
303993,1
303994,0
303995,0
303996,0
303997,0
303998,0
304000,0
304001,0
304002,0
304003,1
304004,0
304006,0
304007,0
304008,0
304009,0
304010,0
304011,0
304012,0
304013,0
304014,1
304015,0
304016,0
304017,0
304018,0
304019,0
304020,0
304021,0
304022,0
304023,0
304024,0
304025,0
304026,0
304027,0
304028,0
304029,0
304030,0
304031,0
304032,0
304033,0
304034,0
304035,1
304036,0
304037,0
304038,1
304039,0
304040,0
304041,0
304042,0
304043,0
304044,0
304045,0
304046,0
304047,0
304048,0
304049,1
304050,1
304051,0
304052,0
304053,0
304054,0
304055,0
304056,0
304057,0
304058,0
304059,0
304060,0
304061,0
304062,1
304063,0
304064,0
304065,0
304066,0
304067,0
304068,0
304070,0
304071,0
304072,0
304073,0
304074,0
304075,0
304076,0
304077,1
304079,0
304080,0
304081,0
304082,0
304083,0
304084,0
304085,0
304087,0
304088,0
304089,1
304090,0
304091,0
304092,0
304093,0
304095,0
304096,0
304097,0
304098,0
304099,0
304100,0
304101,0
304102,1
304103,1
304104,0
304105,0
304106,0
304107,0
304108,0
304109,0
304110,0
304111,0
304112,0
304113,0
304114,0
304115,0
304117,0
304118,0
304119,0
304120,0
304121,0
304122,1
304123,0
304125,0
304126,0
304127,0
304128,0
304129,0
304130,0
304131,0
304132,0
304133,0
304134,0
304135,0
304136,0
304137,0
304138,1
304139,0
304140,0
304141,0
304142,0
304143,0
304144,0
304145,0
304146,0
304147,1
304148,0
304149,1
304150,0
304151,0
304152,1
304153,0
304154,0
304155,0
304156,0
304157,0
304158,0
304159,0
304160,0
304161,0
304162,0
304163,0
304164,0
304165,0
304166,0
304167,1
304168,0
304169,0
304170,0
304171,0
304172,0
304173,1
304174,0
304175,0
304176,0
304177,0
304178,0
304179,0
304180,0
304181,0
304182,0
304183,0
304184,0
304185,0
304186,0
304187,0
304188,0
304189,0
304190,0
304191,0
304192,1
304193,0
304194,0
304195,0
304196,0
304197,0
304198,1
304199,0
304200,0
304201,0
304202,0
304203,0
304204,0
304205,0
304206,0
304207,0
304208,0
304209,0
304210,1
304211,1
304212,0
304213,0
304214,0
304215,0
304216,0
304217,0
304218,0
304219,0
304220,0
304221,0
304222,0
304223,0
304224,0
304225,0
304226,0
304227,0
304228,0
304229,0
304230,0
304231,0
304232,0
304233,0
304234,0
304235,0
304236,0
304237,0
304238,0
304239,0
304240,0
304241,0
304242,0
304243,0
304244,0
304245,0
304246,0
304247,0
304248,0
304249,0
304250,0
304251,0
304252,1
304253,0
304254,0
304255,0
304256,0
304257,0
304258,0
304259,0
304260,0
304261,0
304262,0
304263,0
304264,0
304265,0
304266,0
304267,0
304268,0
304269,0
304270,0
304271,0
304272,0
304273,0
304274,0
304275,0
304276,1
304277,0
304278,0
304279,0
304280,0
304281,0
304282,0
304283,0
304284,1
304285,0
304286,0
304287,0
304288,1
304289,0
304290,0
304291,0
304292,0
304293,0
304294,0
304295,0
304296,0
304297,0
304298,0
304299,0
304300,0
304302,0
304303,1
304304,0
304305,0
304306,1
304307,1
304308,0
304309,1
304310,1
304311,0
304312,0
304313,0
304314,0
304315,0
304316,0
304317,0
304318,0
304319,0
304320,0
304321,0
304322,0
304323,1
304324,0
304325,0
304326,0
304327,1
304328,0
304329,0
304330,0
304331,0
304332,0
304333,0
304334,0
304335,1
304336,0
304337,0
304338,0
304339,1
304340,0
304342,0
304343,0
304344,0
304345,0
304346,0
304347,0
304348,0
304349,0
304350,0
304351,1
304352,0
304353,0
304354,0
304355,1
304356,0
304357,0
304358,0
304359,0
304360,0
304361,0
304362,1
304363,0
304364,0
304365,0
304366,0
304367,0
304368,0
304369,0
304370,0
304371,0
304372,0
304373,1
304374,0
304375,0
304376,0
304377,0
304378,0
304379,0
304380,1
304381,0
304382,0
304383,0
304384,0
304385,1
304386,0
304387,0
304388,0
304389,0
304390,0
304391,0
304392,0
304393,0
304394,0
304395,0
304396,0
304397,0
304398,0
304399,0
304400,0
304401,0
304402,0
304403,0
304404,0
304405,1
304406,0
304407,0
304408,0
304409,0
304410,0
304411,0
304412,0
304413,0
304414,0
304415,0
304416,0
304417,0
304418,0
304419,0
304420,0
304421,0
304422,0
304423,0
304424,0
304425,0
304426,0
304427,0
304428,0
304429,0
304430,0
304431,0
304432,0
304433,0
304434,0
304436,0
304437,0
304438,0
304439,1
304440,0
304441,0
304442,0
304443,0
304444,0
304445,0
304446,0
304447,0
304448,0
304449,0
304450,1
304451,0
304452,0
304453,0
304454,0
304455,0
304456,0
304457,0
304458,0
304459,0
304460,0
304461,0
304462,0
304463,0
304464,0
304465,0
304466,1
304467,0
304468,0
304469,0
304470,0
304471,0
304472,0
304473,0
304474,0
304475,0
304476,0
304477,0
304478,0
304479,0
304480,0
304481,0
304482,0
304483,0
304484,0
304485,0
304486,0
304487,0
304488,0
304489,0
304490,1
304491,0
304492,0
304493,0
304494,0
304495,0
304496,0
304497,0
304498,0
304499,0
304500,0
304501,0
304502,0
304503,0
304504,0
304505,0
304506,0
304507,0
304508,0
304509,1
304510,0
304511,0
304512,0
304513,0
304514,0
304515,0
304516,0
304517,0
304518,1
304519,0
304520,0
304521,0
304522,0
304523,0
304524,0
304525,0
304526,1
304527,0
304528,0
304529,0
304530,0
304531,1
304532,0
304533,0
304534,0
304535,0
304536,0
304537,0
304538,0
304539,0
304540,1
304541,0
304542,0
304543,0
304544,1
304545,0
304546,0
304547,0
304548,1
304549,0
304550,0
304551,0
304552,0
304553,0
304554,0
304555,0
304556,0
304557,0
304558,0
304559,0
304560,0
304561,0
304562,0
304563,0
304564,1
304565,0
304566,0
304567,1
304568,0
304569,0
304570,0
304571,0
304572,0
304573,0
304574,0
304575,0
304576,1
304577,0
304578,0
304579,0
304580,0
304581,0
304582,0
304583,0
304584,0
304585,0
304586,0
304587,0
304588,1
304589,0
304590,0
304591,0
304592,0
304593,0
304594,0
304595,0
304596,0
304597,0
304598,1
304599,0
304601,0
304602,0
304603,0
304604,0
304605,0
304606,0
304607,0
304608,0
304609,0
304610,0
304611,0
304612,0
304613,0
304614,0
304615,0
304616,0
304617,0
304618,0
304619,0
304620,0
304621,0
304622,0
304623,0
304624,0
304625,0
304626,0
304627,0
304628,0
304629,0
304630,1
304631,0
304632,0
304633,0
304634,0
304635,0
304636,0
304637,0
304638,1
304639,0
304640,0
304641,1
304642,0
304643,0
304644,0
304645,0
304646,0
304647,0
304648,1
304649,0
304650,0
304651,0
304652,0
304654,0
304655,0
304656,0
304657,0
304658,1
304659,0
304660,0
304661,0
304662,0
304663,0
304664,0
304665,1
304666,0
304667,0
304668,0
304669,0
304670,0
304671,0
304672,0
304673,0
304674,0
304675,0
304676,0
304677,0
304678,0
304679,0
304680,0
304681,0
304682,0
304683,0
304684,0
304685,0
304686,0
304687,0
304688,0
304689,0
304690,1
304691,1
304692,0
304693,0
304694,1
304695,0
304696,0
304698,0
304699,0
304700,0
304701,0
304702,0
304703,0
304704,0
304705,0
304706,0
304707,1
304708,0
304709,0
304710,0
304711,0
304712,0
304713,0
304714,0
304715,0
304716,0
304717,1
304718,0
304719,0
304720,0
304721,0
304722,0
304723,0
304724,0
304725,0
304726,0
304727,0
304728,0
304729,0
304730,0
304731,0
304732,0
304733,0
304734,0
304735,0
304736,0
304737,0
304738,0
304739,1
304740,0
304741,0
304742,0
304743,0
304744,0
304745,0
304746,0
304747,0
304748,0
304749,0
304750,0
304751,0
304752,0
304753,0
304754,0
304755,0
304756,1
304757,1
304758,0
304759,0
304760,0
304761,1
304762,0
304763,0
304764,0
304765,0
304766,0
304767,0
304768,0
304769,0
304770,1
304771,0
304772,1
304773,0
304774,0
304775,0
304776,0
304777,0
304778,1
304779,0
304780,0
304781,0
304782,0
304783,0
304784,0
304785,0
304786,0
304787,1
304788,0
304789,1
304790,0
304791,0
304792,0
304793,0
304794,1
304795,0
304796,0
304797,0
304798,0
304799,0
304800,1
304801,0
304802,0
304803,0
304804,1
304805,0
304806,0
304807,0
304808,0
304809,0
304810,0
304811,0
304813,0
304814,0
304815,0
304816,0
304817,0
304818,0
304819,0
304820,0
304821,0
304822,1
304823,0
304824,0
304825,0
304826,0
304827,0
304828,0
304829,0
304830,0
304831,0
304832,0
304833,0
304834,1
304835,0
304836,0
304837,0
304838,0
304839,0
304840,0
304841,0
304842,0
304843,0
304844,0
304845,0
304846,0
304847,0
304848,0
304849,0
304850,1
304851,0
304852,0
304853,0
304854,0
304855,0
304856,0
304857,1
304859,0
304860,0
304861,0
304862,0
304863,0
304864,1
304865,0
304866,0
304867,0
304868,0
304869,0
304870,0
304871,0
304872,0
304873,0
304874,0
304875,0
304876,0
304877,0
304878,0
304879,0
304880,0
304881,0
304882,0
304883,0
304884,0
304885,0
304886,0
304887,0
304888,0
304889,0
304890,0
304891,0
304892,0
304893,0
304894,0
304895,0
304896,1
304897,0
304898,0
304899,0
304900,0
304901,0
304902,0
304903,0
304904,0
304905,0
304906,0
304907,1
304908,1
304909,0
304910,0
304911,0
304912,0
304913,0
304914,0
304915,0
304916,1
304917,0
304918,0
304919,0
304920,0
304921,0
304922,1
304923,0
304924,0
304925,0
304926,1
304927,0
304928,0
304929,0
304930,0
304931,0
304932,0
304933,0
304934,1
304935,0
304936,0
304937,0
304938,0
304939,0
304940,0
304941,0
304942,0
304943,0
304944,1
304945,0
304946,0
304947,0
304948,1
304949,0
304950,0
304951,0
304952,0
304953,1
304954,0
304955,0
304956,0
304957,0
304958,0
304959,0
304960,0
304961,0
304962,0
304963,0
304964,0
304965,0
304966,0
304967,0
304968,0
304969,0
304970,0
304971,1
304972,0
304973,0
304974,0
304975,0
304976,0
304977,0
304978,0
304979,0
304980,0
304981,0
304982,1
304983,0
304984,1
304985,0
304986,0
304987,0
304988,0
304989,0
304990,0
304991,0
304992,0
304993,1
304994,0
304995,0
304996,0
304997,0
304998,0
304999,0
305000,0
305001,0
305002,0
305003,0
305004,0
305005,0
305006,0
305007,0
305008,0
305009,0
305010,0
305011,0
305012,0
305013,0
305014,0
305015,0
305016,0
305017,0
305018,0
305019,0
305020,0
305021,0
305022,0
305023,1
305024,0
305025,0
305026,0
305027,0
305028,0
305029,0
305030,0
305031,0
305032,0
305033,0
305034,0
305035,1
305036,0
305037,0
305038,0
305039,0
305040,1
305041,0
305042,0
305043,0
305044,0
305045,0
305046,0
305047,0
305048,0
305049,0
305050,0
305051,0
305052,0
305053,0
305054,0
305055,0
305056,0
305057,0
305058,0
305059,0
305060,0
305061,0
305062,0
305063,0
305064,1
305065,0
305066,0
305068,0
305069,0
305070,0
305071,0
305072,0
305073,0
305074,0
305075,0
305076,0
305077,0
305078,0
305079,0
305080,0
305081,0
305082,1
305083,1
305084,1
305085,0
305086,0
305087,0
305088,0
305089,0
305090,0
305091,0
305092,0
305093,0
305094,0
305095,0
305096,0
305097,0
305098,0
305099,1
305100,0
305101,0
305102,0
305103,1
305104,0
305105,0
305106,0
305107,0
305108,0
305109,0
305110,0
305111,0
305112,0
305113,0
305114,0
305115,0
305116,0
305117,0
305118,0
305119,0
305120,0
305121,1
305122,0
305123,0
305124,0
305125,0
305126,1
305127,0
305128,0
305129,1
305130,0
305131,0
305132,0
305133,0
305134,0
305135,1
305136,0
305137,0
305138,0
305139,1
305140,0
305141,0
305142,0
305143,0
305144,0
305145,0
305146,0
305147,0
305148,0
305149,0
305150,0
305151,0
305152,0
305153,0
305154,0
305155,1
305156,0
305157,0
305158,0
305159,0
305160,0
305161,0
305162,0
305163,0
305164,0
305165,0
305166,0
305167,0
305169,0
305170,0
305171,0
305172,0
305173,0
305174,0
305175,0
305176,0
305177,1
305178,0
305179,0
305180,0
305181,0
305182,0
305183,0
305184,0
305185,0
305186,1
305187,0
305188,0
305189,0
305190,0
305191,0
305192,0
305193,0
305194,0
305195,0
305196,0
305197,1
305198,0
305199,0
305200,0
305201,0
305202,1
305203,0
305204,0
305205,0
305206,0
305207,0
305208,0
305209,0
305210,0
305211,0
305212,0
305213,0
305214,0
305215,1
305216,0
305217,0
305218,0
305219,0
305220,0
305221,0
305222,0
305223,0
305224,1
305225,0
305226,0
305227,0
305228,0
305229,0
305230,0
305231,1
305232,0
305233,0
305234,0
305235,0
305236,0
305237,0
305238,0
305239,1
305240,1
305241,0
305242,0
305243,0
305244,0
305245,0
305247,0
305248,0
305249,0
305250,0
305251,1
305252,0
305253,0
305254,0
305255,0
305256,0
305257,0
305258,0
305259,1
305260,0
305261,0
305262,0
305263,0
305264,0
305265,1
305266,0
305267,0
305268,0
305269,0
305270,1
305271,0
305272,0
305273,0
305274,0
305275,0
305276,0
305277,0
305278,1
305279,1
305280,0
305281,0
305282,0
305283,1
305284,0
305285,0
305286,0
305287,0
305288,0
305289,0
305290,1
305291,1
305292,0
305293,0
305294,0
305295,0
305296,0
305297,0
305298,0
305299,0
305300,0
305301,0
305302,1
305303,0
305304,0
305305,0
305306,0
305307,0
305308,0
305309,0
305310,0
305311,0
305312,1
305313,0
305314,0
305315,0
305317,0
305318,0
305319,1
305320,0
305321,0
305322,0
305323,1
305324,0
305325,0
305326,0
305327,0
305328,0
305329,0
305330,0
305331,0
305332,0
305333,0
305334,0
305335,0
305336,0
305337,0
305338,0
305339,0
305340,0
305341,0
305342,0
305343,0
305344,0
305345,0
305346,0
305347,0
305348,0
305349,0
305350,0
305351,0
305352,1
305353,0
305354,0
305355,0
305356,0
305357,0
305358,0
305359,0
305360,0
305361,0
305362,0
305363,0
305364,0
305365,0
305366,1
305367,0
305369,0
305370,0
305371,0
305372,0
305373,0
305374,0
305375,0
305376,0
305377,0
305378,0
305379,0
305380,0
305381,0
305382,0
305383,1
305384,0
305385,0
305386,0
305387,0
305389,1
305390,0
305391,1
305392,0
305393,0
305394,0
305395,0
305396,0
305397,0
305398,0
305399,0
305400,1
305401,0
305402,0
305403,0
305404,0
305405,0
305406,0
305407,0
305408,0
305409,0
305410,0
305411,0
305412,0
305413,0
305414,0
305415,0
305416,1
305417,0
305418,0
305419,0
305420,0
305421,0
305422,0
305423,0
305424,0
305425,0
305426,0
305427,1
305428,0
305429,0
305430,0
305431,0
305432,0
305433,0
305434,1
305435,0
305436,0
305437,0
305438,0
305439,0
305440,0
305441,0
305442,0
305443,0
305444,0
305445,0
305446,0
305447,0
305448,0
305449,0
305450,0
305451,0
305452,0
305453,0
305454,0
305455,0
305456,1
305457,0
305458,0
305459,0
305460,0
305461,0
305462,0
305463,0
305464,0
305465,0
305466,0
305467,0
305468,0
305469,0
305470,0
305471,0
305472,0
305473,0
305474,0
305475,0
305476,0
305477,0
305478,0
305479,0
305480,1
305481,0
305482,0
305483,0
305484,0
305485,0
305486,0
305487,0
305488,0
305489,0
305490,0
305491,0
305492,0
305493,0
305494,0
305495,0
305496,0
305497,1
305498,0
305499,0
305500,0
305501,0
305502,0
305503,0
305504,0
305505,0
305506,0
305507,0
305508,0
305509,0
305510,0
305511,0
305512,0
305513,0
305514,0
305515,0
305516,0
305517,1
305518,0
305519,0
305520,0
305521,0
305522,1
305523,0
305524,0
305525,1
305526,0
305527,0
305528,0
305529,0
305530,0
305531,0
305532,0
305533,0
305534,0
305535,0
305536,0
305537,0
305538,0
305539,0
305540,0
305541,1
305542,0
305543,1
305544,0
305545,0
305546,0
305547,0
305548,0
305549,0
305550,1
305551,0
305552,0
305553,0
305554,0
305555,1
305556,0
305557,0
305558,0
305559,0
305560,0
305561,0
305562,0
305563,0
305564,0
305565,0
305566,0
305567,0
305568,0
305569,0
305570,0
305571,0
305572,0
305573,0
305574,0
305575,0
305576,0
305577,0
305579,0
305580,0
305581,0
305582,0
305583,0
305584,0
305585,0
305586,0
305587,0
305588,0
305589,0
305590,0
305591,0
305592,1
305593,0
305594,0
305595,0
305596,0
305597,0
305598,0
305599,0
305600,0
305601,0
305602,0
305603,0
305604,0
305605,0
305606,0
305608,0
305609,0
305610,0
305611,0
305612,0
305613,0
305614,0
305615,0
305616,0
305617,0
305618,0
305619,0
305620,0
305621,0
305622,0
305623,0
305624,0
305625,1
305626,1
305627,0
305628,0
305629,0
305630,0
305631,0
305632,0
305633,0
305634,0
305635,1
305636,0
305637,0
305638,0
305639,0
305640,1
305641,0
305642,0
305643,0
305644,0
305645,1
305646,0
305647,0
305649,0
305651,0
305652,0
305653,1
305654,0
305655,0
305656,0
305658,1
305659,0
305660,0
305661,0
305662,1
305663,0
305664,0
305665,0
305666,0
305667,1
305668,0
305669,0
305670,0
305671,0
305672,0
305673,0
305674,0
305675,0
305676,0
305677,0
305678,0
305679,0
305680,0
305681,0
305682,0
305683,0
305684,1
305685,0
305686,0
305687,0
305688,0
305689,0
305690,0
305691,0
305692,0
305693,0
305694,0
305695,0
305696,0
305697,0
305698,0
305699,0
305700,0
305701,1
305702,0
305703,0
305704,0
305705,0
305706,1
305707,0
305708,0
305709,1
305710,0
305711,0
305712,0
305713,0
305714,0
305715,0
305716,0
305717,0
305718,0
305719,0
305720,0
305721,0
305722,0
305723,0
305724,0
305725,1
305726,0
305727,0
305728,1
305729,0
305730,0
305731,1
305732,0
305733,0
305734,0
305735,0
305736,0
305738,0
305739,0
305740,0
305741,0
305742,0
305743,0
305744,0
305745,1
305746,0
305747,0
305748,1
305749,0
305750,0
305751,0
305752,0
305753,0
305755,0
305756,0
305757,0
305758,1
305759,0
305760,0
305761,0
305762,0
305763,0
305764,0
305765,0
305766,0
305767,0
305768,0
305769,0
305770,0
305771,0
305772,0
305773,0
305774,0
305775,0
305776,0
305777,0
305778,0
305779,0
305780,0
305781,0
305782,0
305783,0
305784,0
305785,0
305786,0
305787,0
305788,1
305789,0
305790,0
305791,0
305792,0
305793,0
305794,0
305795,0
305796,1
305797,0
305798,0
305799,0
305800,1
305801,0
305802,0
305803,0
305804,0
305805,0
305806,0
305807,0
305808,0
305809,0
305810,1
305811,0
305812,1
305813,0
305814,0
305815,0
305816,0
305817,1
305818,0
305819,0
305820,0
305821,0
305822,0
305823,0
305824,1
305825,1
305826,0
305827,0
305828,0
305829,0
305831,0
305832,0
305833,0
305834,0
305835,0
305836,0
305837,1
305838,1
305839,0
305840,0
305841,0
305842,0
305843,0
305844,0
305845,0
305846,1
305847,0
305848,0
305849,1
305850,1
305851,0
305852,0
305853,0
305854,0
305855,0
305856,0
305857,0
305858,0
305859,0
305860,0
305861,0
305862,0
305863,0
305864,0
305865,0
305866,0
305867,0
305869,0
305870,0
305872,0
305873,0
305874,0
305875,0
305877,0
305878,0
305879,0
305880,0
305881,0
305882,0
305883,0
305884,0
305885,1
305886,0
305887,0
305888,0
305889,0
305890,0
305891,0
305892,0
305893,0
305894,0
305895,0
305896,0
305897,0
305898,0
305899,0
305900,0
305901,0
305902,0
305903,0
305904,0
305905,0
305906,0
305907,0
305908,1
305909,0
305910,0
305911,0
305912,0
305913,0
305914,0
305915,0
305916,0
305917,1
305918,1
305919,0
305920,0
305921,0
305922,0
305923,0
305924,0
305925,0
305926,0
305927,0
305928,0
305929,1
305930,0
305931,0
305932,0
305933,0
305935,0
305936,1
305937,0
305938,0
305939,0
305940,1
305941,0
305942,0
305943,0
305944,0
305945,0
305946,0
305947,0
305948,0
305949,0
305950,0
305951,0
305952,0
305953,0
305954,0
305955,0
305956,0
305957,0
305958,0
305959,0
305960,0
305961,0
305962,0
305963,0
305964,0
305965,0
305966,0
305967,0
305968,0
305969,1
305970,0
305971,0
305972,0
305973,0
305974,0
305975,0
305976,0
305977,0
305978,0
305979,0
305980,0
305981,0
305982,0
305983,0
305984,0
305985,1
305986,0
305987,1
305988,0
305989,0
305990,0
305991,1
305992,0
305993,0
305994,0
305995,0
305996,0
305997,0
305998,0
305999,0
306000,0
306001,1
306002,0
306003,0
306004,1
306005,0
306006,0
306007,0
306008,0
306009,0
306010,1
306011,0
306012,0
306013,0
306014,0
306015,0
306016,0
306017,1
306018,0
306019,0
306020,0
306021,1
306022,0
306023,0
306025,0
306026,1
306027,0
306028,0
306029,1
306030,1
306031,0
306032,0
306033,0
306034,0
306035,1
306036,0
306037,0
306038,0
306039,0
306040,0
306041,1
306042,1
306043,0
306044,0
306045,0
306046,1
306047,0
306048,0
306050,1
306051,0
306052,0
306053,0
306054,0
306055,0
306056,0
306057,0
306058,0
306059,0
306060,0
306061,0
306062,0
306063,0
306064,0
306065,0
306066,0
306067,0
306068,0
306069,0
306070,0
306071,0
306072,0
306073,0
306074,0
306075,0
306076,0
306077,0
306078,0
306079,0
306080,0
306081,0
306082,0
306083,0
306084,1
306085,0
306086,0
306087,1
306088,0
306089,0
306090,0
306091,0
306092,0
306093,0
306094,0
306095,0
306096,0
306097,0
306098,1
306099,0
306100,1
306101,0
306102,0
306103,0
306104,0
306105,0
306106,0
306107,0
306108,0
306109,0
306110,1
306111,0
306112,0
306113,0
306114,0
306115,0
306116,0
306117,0
306118,0
306119,0
306120,0
306121,0
306122,0
306123,0
306124,1
306125,0
306126,0
306127,0
306128,0
306129,0
306130,0
306131,0
306132,0
306133,0
306134,0
306135,0
306136,0
306137,0
306139,0
306140,0
306141,0
306142,1
306143,0
306144,0
306145,0
306146,0
306147,0
306148,1
306149,0
306150,0
306151,0
306152,0
306153,0
306154,0
306155,0
306156,0
306157,0
306158,0
306159,0
306160,0
306161,0
306162,0
306163,0
306164,0
306165,0
306166,0
306167,0
306168,1
306169,0
306170,0
306171,0
306172,0
306173,0
306174,0
306175,0
306176,0
306177,0
306178,0
306179,1
306180,0
306181,0
306182,0
306183,0
306184,0
306185,1
306186,0
306187,0
306188,0
306189,0
306190,0
306191,0
306192,0
306193,1
306194,0
306195,1
306196,0
306197,0
306198,0
306199,0
306200,0
306201,0
306202,0
306203,0
306204,0
306205,0
306206,1
306207,0
306208,0
306209,0
306210,0
306211,1
306212,0
306213,0
306214,0
306215,0
306216,0
306217,0
306218,0
306219,0
306220,1
306221,0
306222,1
306223,0
306224,0
306225,0
306226,1
306227,0
306228,0
306229,0
306230,0
306231,0
306232,0
306233,0
306234,0
306235,0
306236,0
306237,1
306238,0
306239,0
306240,0
306241,0
306242,0
306243,0
306244,0
306245,0
306246,0
306247,0
306248,0
306249,1
306250,0
306251,0
306253,0
306254,0
306255,0
306256,0
306257,0
306258,1
306259,0
306260,1
306261,0
306262,0
306263,0
306264,1
306265,0
306266,0
306267,0
306268,1
306269,0
306270,0
306271,0
306272,0
306273,0
306274,0
306275,1
306276,0
306277,0
306278,0
306279,0
306280,0
306281,0
306282,0
306283,0
306284,1
306285,0
306286,0
306287,0
306288,0
306289,0
306290,0
306291,0
306292,0
306293,0
306294,0
306295,1
306296,0
306297,1
306298,0
306299,0
306300,0
306301,0
306302,0
306303,0
306304,0
306305,1
306306,0
306307,0
306308,0
306309,0
306310,1
306311,0
306312,1
306313,1
306314,0
306315,1
306316,0
306317,0
306318,1
306319,0
306320,0
306321,1
306322,0
306323,0
306324,0
306325,0
306326,0
306327,0
306328,0
306329,0
306330,0
306331,0
306332,0
306333,0
306334,0
306335,0
306336,0
306337,0
306338,0
306339,0
306340,1
306342,0
306343,0
306344,0
306345,0
306346,0
306347,0
306348,0
306349,0
306350,0
306351,1
306352,0
306353,0
306354,0
306355,0
306356,0
306357,0
306358,1
306359,0
306360,0
306361,0
306362,0
306363,0
306364,0
306365,1
306366,0
306367,0
306368,0
306369,0
306370,0
306371,0
306372,0
306373,0
306374,0
306375,0
306376,0
306377,0
306378,0
306379,0
306380,0
306381,0
306382,0
306383,0
306384,0
306385,0
306386,0
306387,0
306388,0
306389,0
306390,1
306391,0
306392,0
306393,1
306394,0
306395,0
306396,0
306397,0
306398,1
306399,0
306400,0
306401,0
306402,0
306403,0
306404,0
306405,0
306406,0
306407,0
306408,0
306409,0
306410,0
306411,0
306412,0
306414,0
306415,0
306416,0
306417,0
306418,0
306419,0
306420,0
306421,0
306422,0
306423,0
306424,0
306425,0
306426,0
306427,0
306428,0
306429,0
306430,0
306431,0
306432,0
306433,0
306434,0
306435,1
306436,0
306437,0
306438,0
306439,0
306440,0
306441,0
306442,1
306443,0
306444,0
306445,0
306446,0
306447,0
306448,0
306449,0
306450,0
306451,0
306452,0
306453,1
306454,0
306455,0
306456,0
306457,0
306458,0
306459,1
306460,0
306461,0
306462,0
306463,0
306464,0
306465,0
306466,0
306467,0
306468,0
306469,0
306470,0
306471,0
306472,0
306473,0
306474,1
306475,1
306476,0
306477,0
306478,0
306479,0
306480,0
306481,0
306482,0
306483,0
306484,0
306485,0
306486,0
306487,1
306488,0
306489,0
306490,0
306491,0
306493,0
306494,0
306495,0
306496,0
306497,0
306498,0
306499,0
306500,0
306501,0
306502,0
306503,0
306504,0
306505,0
306506,0
306507,0
306508,0
306509,0
306510,0
306511,0
306512,0
306513,0
306514,0
306515,0
306516,0
306517,0
306518,0
306519,0
306520,0
306521,0
306522,0
306523,0
306524,0
306525,0
306526,0
306527,0
306528,0
306529,0
306530,0
306531,0
306532,0
306533,0
306534,0
306535,0
306536,1
306537,0
306538,0
306539,0
306540,0
306541,0
306542,1
306543,1
306544,1
306545,0
306546,0
306547,0
306548,1
306549,0
306550,0
306551,0
306552,0
306553,0
306554,0
306555,0
306556,0
306557,0
306558,0
306559,0
306560,0
306561,0
306562,1
306563,0
306564,1
306565,1
306566,0
306567,1
306568,0
306569,0
306570,0
306571,0
306572,1
306573,1
306574,0
306575,0
306576,0
306577,0
306578,0
306579,0
306580,0
306581,0
306582,0
306583,0
306584,0
306585,1
306586,1
306587,0
306588,0
306589,0
306590,0
306591,0
306592,0
306593,0
306594,1
306595,0
306596,0
306597,0
306598,0
306599,0
306600,0
306601,0
306602,0
306603,0
306604,1
306605,0
306606,0
306607,0
306608,0
306609,0
306610,0
306611,0
306612,0
306613,0
306614,0
306615,0
306617,0
306618,0
306619,0
306620,0
306621,0
306622,0
306623,0
306624,0
306625,0
306626,0
306627,0
306628,0
306629,0
306630,0
306631,0
306632,0
306633,0
306634,0
306635,0
306636,0
306637,0
306638,0
306640,0
306641,1
306642,0
306643,0
306644,0
306645,0
306646,0
306647,0
306648,0
306649,0
306650,0
306651,0
306652,0
306653,0
306654,0
306655,0
306656,0
306657,0
306658,0
306659,0
306660,0
306661,0
306662,0
306663,0
306664,0
306665,0
306666,0
306667,0
306668,0
306669,0
306670,1
306671,1
306672,1
306673,0
306674,1
306675,0
306676,0
306677,0
306678,1
306680,0
306681,0
306682,0
306683,0
306684,0
306685,1
306686,0
306687,1
306688,0
306689,0
306690,0
306691,0
306692,0
306693,0
306694,0
306695,0
306696,0
306697,0
306698,0
306699,0
306700,0
306701,0
306702,0
306703,0
306704,0
306705,0
306706,0
306707,1
306708,0
306709,0
306710,0
306711,1
306712,0
306713,0
306714,0
306715,0
306716,0
306717,0
306718,0
306719,0
306720,0
306721,0
306722,0
306723,0
306724,0
306725,0
306726,0
306727,0
306728,0
306729,1
306730,0
306731,0
306732,0
306733,0
306734,0
306735,0
306736,0
306737,0
306738,0
306739,0
306740,0
306741,0
306742,0
306743,0
306744,0
306746,0
306747,0
306748,0
306749,0
306750,0
306751,0
306752,0
306753,0
306754,0
306755,0
306756,0
306757,0
306758,0
306759,0
306760,0
306761,0
306762,0
306763,0
306764,0
306765,0
306766,0
306767,0
306768,0
306769,1
306770,0
306771,0
306772,0
306773,0
306774,0
306775,0
306776,0
306777,1
306778,0
306779,0
306780,0
306781,0
306782,0
306783,0
306784,0
306785,0
306786,1
306787,0
306788,0
306789,0
306790,0
306791,0
306792,0
306793,0
306794,0
306795,0
306796,0
306797,0
306798,0
306799,0
306800,0
306801,0
306802,0
306804,0
306805,0
306806,0
306807,0
306808,0
306809,0
306810,0
306811,1
306812,0
306813,0
306814,0
306816,0
306817,0
306818,0
306819,0
306820,0
306821,1
306822,0
306823,0
306824,0
306825,0
306826,0
306827,0
306828,0
306829,0
306830,0
306831,0
306832,0
306833,0
306834,1
306835,1
306836,0
306837,0
306838,0
306839,0
306840,0
306841,0
306842,0
306843,0
306844,0
306845,0
306846,1
306847,0
306848,1
306849,0
306850,0
306851,0
306852,0
306853,0
306854,0
306855,0
306856,0
306857,0
306858,0
306859,0
306860,0
306861,0
306862,0
306863,0
306864,0
306865,0
306866,0
306867,1
306868,0
306869,0
306870,0
306871,1
306872,0
306873,0
306874,0
306875,0
306876,0
306877,0
306878,0
306879,0
306880,0
306882,0
306883,0
306884,0
306885,1
306886,0
306887,0
306888,1
306889,0
306890,0
306891,1
306892,1
306893,0
306894,0
306895,0
306896,0
306897,0
306898,0
306899,0
306900,1
306901,0
306902,0
306903,0
306904,0
306905,1
306906,0
306907,0
306908,0
306909,1
306910,0
306911,0
306912,0
306913,0
306914,1
306915,0
306916,0
306917,0
306918,0
306919,0
306920,0
306921,0
306922,0
306923,0
306924,1
306925,1
306926,0
306927,0
306928,0
306929,0
306930,0
306931,0
306932,0
306933,0
306934,0
306935,0
306936,0
306937,0
306938,0
306939,0
306940,1
306941,0
306942,0
306943,0
306944,0
306945,0
306946,0
306947,0
306948,0
306949,0
306950,0
306951,0
306952,0
306953,0
306954,0
306955,0
306956,1
306957,0
306958,0
306959,0
306960,0
306961,0
306962,0
306963,0
306964,0
306965,0
306966,0
306967,0
306968,0
306969,0
306970,1
306971,0
306972,1
306973,1
306974,0
306975,0
306976,0
306977,0
306978,0
306979,0
306980,0
306981,0
306982,0
306983,0
306984,0
306985,0
306986,1
306987,0
306988,0
306989,0
306990,0
306991,0
306992,0
306993,0
306994,0
306995,0
306996,0
306997,1
306998,0
306999,0
307000,0
307001,0
307002,0
307003,0
307004,0
307005,0
307006,0
307007,0
307008,0
307009,0
307010,0
307011,0
307012,0
307013,0
307014,0
307015,1
307016,0
307017,0
307018,0
307019,0
307020,0
307021,0
307022,0
307023,0
307024,0
307025,0
307026,0
307027,0
307028,0
307029,0
307030,0
307031,0
307032,0
307033,0
307034,0
307035,0
307036,1
307037,0
307038,0
307039,0
307040,0
307041,0
307042,0
307043,0
307044,0
307045,0
307046,0
307047,0
307048,0
307049,0
307050,0
307051,0
307052,0
307053,0
307054,0
307055,0
307056,1
307057,0
307058,0
307059,0
307060,0
307061,0
307062,0
307063,0
307064,0
307065,0
307066,0
307067,0
307068,1
307069,0
307070,1
307071,0
307072,0
307073,0
307074,0
307075,0
307076,0
307077,0
307078,1
307079,0
307080,0
307081,0
307082,0
307083,0
307084,0
307085,0
307086,0
307087,0
307088,0
307089,0
307090,1
307091,0
307092,0
307093,0
307094,0
307095,0
307096,0
307097,0
307098,0
307099,0
307100,0
307101,0
307102,0
307103,0
307104,0
307105,0
307106,1
307107,0
307108,0
307109,0
307111,0
307112,0
307113,0
307114,1
307115,0
307116,0
307117,0
307118,0
307119,1
307120,0
307121,0
307122,0
307123,1
307124,0
307125,0
307126,0
307127,0
307128,0
307129,0
307130,0
307131,0
307132,0
307133,1
307134,0
307135,0
307136,0
307137,0
307138,0
307139,0
307140,0
307141,0
307142,0
307143,0
307144,0
307145,1
307146,0
307147,0
307148,0
307149,0
307150,0
307151,0
307152,0
307153,0
307154,1
307155,0
307156,1
307157,0
307158,0
307159,0
307160,0
307161,0
307162,0
307163,1
307164,0
307165,0
307166,0
307167,0
307168,1
307169,0
307170,0
307171,0
307172,0
307173,1
307174,0
307175,0
307176,0
307177,0
307178,1
307179,0
307180,1
307181,0
307182,0
307183,0
307184,0
307185,0
307186,0
307187,0
307188,0
307189,0
307190,0
307191,0
307192,0
307193,0
307194,1
307195,0
307196,0
307197,0
307198,0
307199,0
307200,1
307201,0
307202,0
307203,0
307204,0
307205,0
307206,0
307207,1
307208,0
307209,0
307210,0
307211,0
307212,0
307213,0
307214,0
307215,0
307216,0
307217,0
307218,0
307219,0
307220,0
307221,0
307222,0
307223,0
307224,0
307225,0
307226,0
307227,0
307228,0
307229,0
307230,1
307231,0
307232,0
307233,0
307234,0
307236,1
307237,0
307238,0
307239,0
307240,0
307241,0
307242,0
307243,0
307244,0
307245,0
307246,0
307247,0
307248,0
307249,0
307250,0
307251,0
307252,0
307253,0
307254,0
307255,0
307256,0
307257,0
307258,0
307259,0
307260,0
307261,0
307262,0
307263,0
307264,0
307265,0
307266,0
307267,0
307268,0
307269,0
307270,0
307271,0
307272,0
307273,0
307274,0
307275,0
307276,0
307277,0
307278,0
307279,0
307280,0
307281,0
307282,0
307283,0
307284,0
307285,0
307286,0
307287,0
307288,0
307289,0
307290,0
307291,0
307292,0
307293,0
307294,0
307295,0
307296,0
307297,0
307298,0
307299,0
307300,0
307301,0
307302,0
307303,0
307304,0
307305,0
307306,0
307307,0
307309,0
307310,0
307311,0
307312,0
307313,0
307314,0
307315,1
307316,0
307317,0
307318,0
307319,0
307320,1
307321,0
307322,0
307323,0
307324,0
307325,0
307326,0
307327,0
307328,0
307329,0
307330,0
307331,0
307332,0
307333,1
307334,0
307335,0
307336,0
307337,0
307338,0
307339,0
307340,0
307341,0
307342,0
307343,1
307344,0
307345,0
307346,0
307347,0
307348,0
307349,0
307350,0
307351,0
307352,0
307353,0
307354,0
307355,0
307356,0
307357,1
307358,0
307359,0
307360,0
307361,1
307362,0
307364,0
307365,1
307366,0
307367,0
307368,0
307369,1
307370,0
307371,0
307372,0
307373,0
307374,1
307375,0
307376,0
307377,0
307378,0
307379,0
307380,0
307381,0
307382,0
307383,0
307384,1
307385,0
307386,0
307387,0
307388,0
307389,0
307390,0
307391,0
307392,0
307393,0
307394,0
307395,0
307396,0
307397,0
307398,0
307399,1
307400,0
307401,0
307402,0
307403,0
307404,0
307405,0
307406,0
307407,1
307408,0
307409,0
307410,0
307411,0
307412,0
307413,0
307414,0
307415,0
307416,0
307417,0
307418,0
307419,0
307420,0
307421,1
307422,0
307423,0
307424,0
307425,0
307426,0
307427,0
307428,0
307429,0
307430,0
307431,0
307432,0
307433,0
307434,0
307435,1
307436,0
307437,1
307438,0
307439,0
307441,0
307442,0
307443,0
307444,0
307445,0
307446,0
307447,1
307448,0
307449,0
307450,0
307451,0
307452,1
307453,0
307454,0
307455,0
307456,0
307457,1
307458,0
307459,0
307460,0
307461,0
307462,1
307463,0
307464,0
307465,0
307466,0
307467,0
307468,0
307469,0
307470,0
307471,0
307472,0
307473,1
307474,0
307475,0
307476,0
307477,1
307478,0
307479,0
307480,0
307481,0
307482,0
307483,0
307484,0
307485,0
307486,0
307487,1
307488,0
307489,0
307490,0
307491,0
307492,1
307493,0
307494,0
307495,0
307496,0
307497,0
307498,1
307499,0
307500,0
307501,0
307502,1
307503,0
307504,0
307505,0
307506,1
307507,0
307508,1
307509,0
307510,0
307511,0
307512,0
307513,0
307514,0
307515,0
307516,0
307517,0
307518,0
307519,0
307520,0
307521,0
307522,0
307523,0
307524,1
307525,0
307526,0
307527,1
307528,0
307529,0
307530,0
307531,0
307532,0
307533,0
307534,0
307535,0
307536,0
307537,0
307538,0
307539,0
307540,1
307541,0
307542,0
307543,0
307544,0
307545,0
307546,0
307547,0
307548,1
307549,0
307550,0
307551,1
307552,0
307553,0
307554,0
307555,0
307556,1
307557,0
307558,0
307559,0
307560,0
307561,0
307562,0
307563,0
307564,0
307565,0
307566,0
307567,0
307568,0
307569,0
307570,0
307571,0
307572,0
307573,0
307574,0
307575,0
307576,0
307577,0
307578,0
307579,0
307580,0
307581,0
307582,0
307583,0
307584,0
307585,0
307586,1
307587,0
307588,0
307589,1
307590,1
307591,0
307592,0
307593,0
307594,0
307595,0
307596,0
307597,0
307598,0
307599,0
307600,0
307601,0
307602,0
307603,0
307604,0
307605,0
307606,0
307607,0
307608,0
307609,0
307610,0
307611,0
307612,0
307613,0
307614,0
307615,0
307616,0
307617,0
307618,0
307619,0
307620,0
307621,0
307622,0
307623,1
307624,0
307625,0
307626,0
307627,0
307628,1
307629,0
307630,0
307631,0
307632,0
307633,0
307635,0
307636,1
307637,1
307638,1
307639,0
307640,0
307641,0
307642,0
307643,0
307644,0
307645,0
307646,0
307647,0
307648,0
307649,0
307650,0
307651,0
307652,0
307653,0
307654,0
307655,0
307656,0
307657,1
307658,0
307659,0
307660,0
307661,0
307662,0
307663,0
307664,0
307665,0
307666,1
307667,0
307668,0
307669,0
307670,0
307671,0
307672,1
307673,1
307674,0
307675,0
307676,0
307678,0
307679,0
307680,0
307681,0
307682,0
307683,0
307684,0
307685,0
307686,0
307687,0
307688,0
307689,0
307690,0
307691,0
307692,0
307693,0
307694,0
307695,0
307696,0
307697,0
307698,0
307699,1
307700,0
307701,0
307702,0
307703,0
307704,0
307705,0
307706,0
307707,0
307708,0
307709,0
307710,0
307711,0
307712,0
307713,0
307714,1
307715,1
307716,0
307717,0
307718,0
307719,0
307720,0
307721,0
307722,0
307723,1
307724,0
307725,0
307726,0
307727,0
307728,0
307729,1
307730,0
307731,0
307732,0
307733,0
307734,1
307735,0
307736,0
307737,0
307738,0
307739,0
307740,0
307741,0
307742,0
307743,0
307744,0
307745,0
307746,0
307747,0
307748,0
307749,0
307750,0
307751,0
307752,1
307753,0
307754,0
307755,0
307756,0
307757,0
307758,0
307759,0
307760,0
307761,0
307762,0
307763,1
307764,1
307765,0
307766,0
307767,0
307768,0
307769,0
307770,0
307771,0
307772,0
307773,0
307774,0
307775,1
307776,1
307777,0
307778,0
307779,0
307780,0
307781,1
307782,0
307783,0
307784,0
307785,0
307786,0
307787,0
307788,0
307789,0
307790,0
307791,0
307792,0
307793,0
307794,1
307795,0
307796,0
307797,0
307798,1
307799,0
307800,0
307801,1
307802,0
307803,0
307804,0
307805,0
307806,0
307807,0
307808,0
307809,1
307810,0
307811,0
307812,1
307813,0
307814,0
307815,0
307816,0
307817,0
307818,0
307819,0
307820,0
307821,0
307822,0
307823,0
307824,0
307825,0
307826,0
307827,0
307828,0
307829,0
307830,0
307831,0
307832,0
307833,1
307834,1
307835,0
307836,1
307837,0
307838,0
307839,0
307840,1
307841,1
307842,1
307843,0
307844,0
307845,0
307846,0
307847,0
307848,0
307849,0
307850,0
307851,0
307852,0
307853,0
307854,0
307855,0
307856,0
307857,1
307858,0
307859,0
307860,1
307861,0
307862,1
307863,0
307864,0
307865,0
307866,0
307867,0
307868,1
307869,0
307870,0
307871,1
307872,0
307873,1
307874,0
307875,0
307876,0
307877,0
307878,0
307879,0
307880,0
307881,0
307882,0
307883,0
307884,0
307885,0
307886,1
307887,0
307888,0
307889,0
307890,0
307891,0
307892,1
307893,0
307894,0
307895,0
307896,1
307897,0
307898,0
307899,0
307900,0
307901,1
307902,0
307903,0
307904,0
307905,0
307906,0
307907,0
307908,0
307909,0
307910,0
307911,0
307912,0
307913,0
307914,1
307915,0
307916,0
307917,0
307918,0
307919,0
307920,1
307921,0
307922,1
307923,0
307924,0
307925,0
307926,0
307927,0
307928,0
307929,0
307930,0
307931,1
307932,0
307933,0
307934,0
307935,0
307936,0
307937,0
307938,0
307939,0
307940,0
307941,0
307942,0
307943,0
307944,0
307945,0
307946,0
307947,0
307948,0
307949,0
307950,0
307951,0
307952,0
307953,0
307955,0
307956,0
307957,0
307958,0
307959,1
307960,1
307961,0
307962,0
307963,0
307964,0
307965,1
307966,0
307967,0
307968,0
307969,0
307970,0
307971,0
307972,0
307973,0
307974,1
307975,0
307976,0
307977,0
307978,0
307979,0
307980,0
307981,0
307982,0
307983,0
307984,0
307985,0
307986,0
307987,0
307988,0
307989,0
307990,0
307991,1
307992,0
307993,0
307994,0
307995,0
307996,0
307997,0
307998,0
307999,1
308000,0
308001,1
308002,0
308003,0
308004,0
308005,0
308006,0
308007,0
308008,0
308009,0
308010,0
308011,0
308012,0
308013,1
308014,0
308015,1
308016,0
308017,0
308018,0
308019,0
308020,0
308021,0
308022,0
308023,0
308024,1
308025,0
308026,1
308027,0
308028,0
308029,0
308030,0
308031,1
308032,0
308033,0
308034,0
308035,0
308036,0
308037,0
308038,0
308039,0
308040,0
308041,0
308042,0
308043,0
308044,0
308045,0
308046,0
308047,0
308048,0
308049,0
308050,0
308051,0
308052,0
308053,0
308054,0
308055,0
308056,0
308057,0
308058,1
308059,1
308060,0
308061,0
308062,0
308063,0
308064,0
308065,0
308066,0
308067,0
308068,0
308069,1
308070,0
308072,0
308073,0
308074,0
308075,0
308076,0
308077,0
308078,0
308079,0
308080,0
308081,0
308082,0
308083,0
308084,0
308085,0
308086,1
308087,0
308088,0
308089,0
308090,0
308091,1
308092,0
308093,0
308094,0
308095,0
308096,0
308097,1
308098,0
308099,0
308100,0
308101,1
308102,0
308103,0
308104,0
308105,0
308106,0
308107,0
308108,1
308109,0
308110,0
308111,0
308112,1
308113,0
308114,0
308115,0
308116,0
308117,0
308118,0
308119,0
308120,0
308121,0
308122,1
308123,0
308124,0
308125,0
308126,0
308127,0
308128,0
308129,0
308130,0
308131,0
308132,0
308133,0
308134,0
308135,0
308136,0
308137,0
308138,0
308139,0
308140,0
308141,0
308142,0
308143,0
308144,0
308145,1
308146,0
308147,0
308148,0
308149,0
308150,0
308151,1
308152,0
308153,0
308154,0
308155,0
308156,0
308157,0
308158,0
308159,1
308160,0
308161,0
308163,0
308164,0
308165,1
308166,0
308167,1
308168,0
308169,1
308170,1
308171,0
308172,0
308173,0
308174,0
308175,0
308176,0
308177,0
308178,0
308179,0
308180,0
308181,1
308182,0
308183,0
308184,0
308185,0
308186,0
308187,1
308188,0
308189,0
308190,0
308191,0
308192,0
308193,0
308194,0
308195,1
308196,0
308197,1
308198,1
308199,0
308200,1
308201,0
308202,0
308203,0
308204,0
308205,0
308206,0
308207,0
308208,0
308209,0
308210,0
308211,0
308212,0
308213,0
308214,0
308215,0
308216,0
308217,0
308218,0
308219,0
308220,0
308221,0
308222,0
308223,0
308224,0
308225,0
308226,0
308227,1
308228,0
308229,0
308230,0
308231,0
308232,0
308233,0
308234,0
308235,0
308236,0
308237,0
308238,0
308239,0
308240,1
308241,0
308242,0
308243,0
308244,0
308245,0
308246,0
308247,0
308248,0
308249,0
308250,0
308252,0
308253,0
308254,0
308255,0
308256,0
308257,0
308258,0
308259,0
308260,0
308261,0
308262,0
308263,1
308264,0
308265,0
308266,0
308267,1
308268,0
308269,0
308270,0
308271,0
308272,0
308273,0
308274,0
308275,0
308277,0
308278,0
308279,0
308280,0
308281,0
308282,0
308283,0
308284,0
308285,0
308286,1
308287,0
308288,0
308289,0
308290,0
308291,0
308292,0
308293,0
308294,0
308295,1
308296,1
308297,0
308298,0
308299,0
308300,0
308301,0
308302,0
308303,0
308304,0
308305,1
308306,0
308307,1
308308,0
308309,0
308310,0
308311,0
308312,0
308313,0
308314,0
308315,0
308316,0
308317,1
308318,0
308319,0
308320,0
308321,0
308322,0
308323,0
308324,0
308325,0
308326,0
308327,1
308328,0
308329,0
308330,0
308331,0
308332,0
308333,0
308334,0
308335,0
308336,0
308337,0
308338,1
308339,0
308340,0
308341,0
308342,0
308343,1
308344,0
308345,0
308346,0
308347,0
308348,1
308349,0
308350,0
308351,0
308352,0
308353,0
308354,1
308355,0
308356,1
308357,0
308358,0
308359,0
308360,0
308362,0
308363,0
308364,0
308365,0
308366,0
308367,0
308368,0
308369,0
308370,0
308371,0
308372,0
308373,0
308374,0
308375,1
308376,0
308377,1
308378,0
308379,0
308380,0
308381,0
308382,0
308383,0
308384,0
308385,1
308386,0
308387,0
308388,0
308389,1
308390,0
308391,0
308392,0
308393,0
308394,1
308395,0
308396,0
308397,0
308398,0
308399,0
308400,0
308401,0
308402,0
308403,0
308404,0
308405,0
308406,0
308407,0
308408,0
308409,0
308410,0
308411,1
308412,0
308413,0
308414,0
308415,0
308416,1
308417,0
308418,0
308419,0
308420,0
308421,0
308422,0
308423,0
308424,0
308425,0
308426,0
308427,0
308428,0
308429,0
308430,0
308431,0
308432,0
308433,0
308434,0
308435,0
308436,0
308437,0
308438,1
308439,1
308440,0
308441,0
308442,0
308443,0
308444,0
308445,0
308446,0
308448,0
308449,0
308450,0
308451,0
308452,0
308453,0
308454,0
308455,0
308456,0
308457,0
308458,0
308459,0
308460,0
308461,0
308462,0
308463,0
308464,0
308465,0
308466,0
308467,0
308468,0
308469,0
308470,0
308471,0
308472,0
308473,0
308474,0
308475,1
308476,0
308477,0
308478,0
308479,0
308480,0
308481,0
308482,0
308483,0
308484,0
308485,1
308487,1
308488,0
308489,1
308490,1
308491,0
308492,0
308493,0
308494,0
308495,0
308496,0
308497,0
308498,0
308499,0
308500,0
308501,0
308503,0
308504,0
308505,0
308506,0
308507,0
308508,0
308509,0
308510,0
308511,0
308512,0
308513,0
308514,0
308515,1
308516,0
308517,0
308518,0
308519,0
308520,0
308521,0
308522,0
308523,0
308524,0
308525,0
308526,0
308527,0
308528,0
308529,0
308530,0
308531,0
308532,1
308533,0
308534,0
308535,0
308536,0
308537,0
308538,0
308539,0
308540,0
308541,0
308542,0
308543,0
308544,0
308545,0
308546,0
308547,0
308548,0
308549,0
308550,0
308551,0
308552,0
308553,0
308554,0
308555,0
308556,1
308557,0
308558,0
308559,0
308561,1
308562,0
308563,0
308564,0
308565,0
308566,0
308567,0
308568,1
308569,0
308570,0
308571,0
308572,0
308573,0
308574,1
308575,0
308576,0
308577,0
308578,0
308579,0
308580,0
308581,0
308582,0
308583,0
308584,0
308585,0
308586,0
308587,0
308588,1
308589,0
308590,0
308591,0
308592,0
308593,0
308594,0
308595,0
308596,0
308597,1
308598,0
308599,0
308600,0
308601,0
308602,0
308603,0
308604,0
308605,0
308606,0
308607,1
308608,0
308609,0
308611,0
308612,0
308613,0
308614,0
308615,0
308616,0
308617,0
308618,0
308619,0
308620,0
308621,1
308622,1
308623,0
308624,0
308625,0
308626,0
308627,0
308628,0
308629,0
308630,0
308631,0
308632,0
308633,0
308634,0
308635,1
308636,0
308637,0
308638,0
308639,0
308640,0
308641,1
308642,0
308643,0
308644,0
308645,0
308646,1
308647,0
308648,0
308649,0
308650,0
308651,0
308652,0
308653,0
308654,0
308655,0
308656,0
308657,0
308658,0
308659,0
308660,0
308661,0
308662,1
308663,0
308664,0
308665,0
308667,0
308668,0
308669,0
308670,0
308671,0
308672,0
308673,0
308674,0
308675,0
308676,0
308677,0
308678,0
308679,0
308680,0
308681,0
308682,0
308683,0
308684,0
308685,0
308686,0
308687,0
308688,0
308689,0
308690,0
308691,0
308692,0
308693,0
308694,0
308695,0
308696,1
308697,0
308698,0
308699,0
308700,1
308701,0
308702,0
308703,0
308704,0
308705,0
308706,0
308707,0
308708,0
308709,0
308710,0
308711,1
308712,0
308713,0
308715,0
308716,0
308717,0
308718,0
308719,0
308720,0
308721,0
308722,0
308723,0
308724,0
308725,0
308726,0
308727,0
308728,0
308729,0
308730,0
308731,0
308732,0
308733,0
308734,0
308735,0
308736,0
308737,0
308738,0
308739,0
308740,0
308741,0
308742,0
308743,0
308744,0
308745,0
308746,0
308747,0
308748,0
308749,0
308750,0
308751,0
308752,0
308753,0
308754,0
308755,0
308756,0
308757,0
308758,0
308759,0
308760,0
308761,1
308762,0
308763,0
308764,0
308765,0
308766,0
308767,1
308768,0
308769,0
308770,0
308771,0
308772,0
308773,0
308774,0
308775,0
308776,0
308777,1
308778,0
308779,0
308780,0
308781,0
308782,0
308783,0
308784,0
308785,1
308786,1
308787,0
308788,0
308789,0
308790,0
308791,0
308792,0
308793,0
308794,0
308795,0
308796,0
308797,0
308798,0
308799,0
308800,0
308801,0
308802,0
308803,0
308804,0
308805,0
308806,0
308807,0
308808,0
308809,0
308810,0
308811,0
308812,0
308813,0
308814,1
308815,0
308816,0
308817,1
308818,0
308819,0
308820,0
308821,1
308822,0
308823,0
308824,0
308825,0
308826,1
308827,0
308828,0
308829,0
308830,0
308831,0
308832,0
308833,0
308834,0
308835,0
308836,0
308837,0
308838,0
308839,0
308840,0
308841,0
308842,0
308843,0
308844,0
308845,0
308846,0
308847,0
308848,0
308849,0
308850,0
308851,0
308852,0
308853,0
308854,0
308855,0
308856,0
308857,0
308858,0
308859,0
308860,0
308861,1
308862,0
308863,0
308864,0
308865,0
308866,0
308867,0
308868,0
308869,0
308870,0
308871,0
308872,0
308873,0
308874,0
308875,1
308876,0
308877,0
308878,0
308879,0
308880,0
308881,0
308882,1
308883,0
308884,0
308885,0
308886,0
308887,0
308888,0
308889,0
308890,0
308891,0
308892,0
308893,0
308894,0
308895,0
308896,1
308897,0
308898,0
308899,0
308900,1
308901,0
308902,0
308903,1
308904,0
308905,0
308906,0
308907,0
308908,0
308909,0
308910,0
308911,0
308912,0
308913,0
308914,0
308915,0
308916,0
308917,0
308918,0
308919,1
308920,0
308921,0
308922,0
308923,0
308924,0
308925,0
308926,0
308927,0
308928,0
308929,0
308930,0
308931,0
308932,0
308933,0
308934,0
308935,0
308936,0
308937,0
308938,0
308939,0
308940,0
308941,0
308942,1
308943,0
308944,0
308945,0
308946,0
308947,0
308948,0
308949,0
308950,0
308951,0
308952,0
308953,0
308954,0
308955,0
308956,0
308957,0
308958,0
308959,0
308960,0
308961,0
308962,0
308963,0
308964,0
308965,0
308966,0
308967,0
308968,0
308970,1
308971,0
308972,0
308973,0
308974,0
308975,0
308976,1
308977,0
308978,0
308979,1
308980,0
308981,1
308982,0
308983,0
308984,0
308985,1
308986,0
308987,0
308988,0
308989,0
308990,0
308991,0
308992,0
308993,0
308994,0
308995,0
308996,0
308997,0
308998,0
308999,1
309000,0
309001,0
309002,0
309003,0
309004,1
309005,0
309006,1
309007,0
309008,0
309009,0
309010,0
309011,0
309012,0
309013,0
309014,0
309015,0
309016,0
309017,0
309018,0
309019,0
309020,0
309021,0
309022,0
309023,0
309024,0
309025,0
309026,0
309027,0
309028,0
309029,0
309030,1
309031,0
309032,0
309033,0
309034,0
309035,0
309036,0
309037,0
309038,1
309039,0
309040,0
309041,1
309042,1
309043,0
309044,0
309045,1
309046,0
309047,1
309048,0
309049,0
309050,0
309051,0
309052,0
309053,0
309054,0
309055,0
309056,0
309057,0
309058,1
309059,0
309060,0
309061,1
309062,0
309063,0
309064,0
309065,1
309066,0
309067,0
309068,0
309069,0
309070,0
309071,0
309072,0
309073,0
309074,0
309075,0
309076,0
309077,0
309078,1
309079,0
309080,0
309081,1
309082,0
309083,0
309085,0
309086,1
309087,0
309088,0
309089,0
309090,0
309091,1
309092,1
309093,0
309094,0
309095,0
309096,0
309097,0
309098,0
309099,0
309100,0
309101,0
309102,0
309104,0
309105,0
309106,0
309107,0
309108,0
309109,0
309110,1
309111,1
309112,0
309113,0
309115,0
309116,0
309117,0
309118,0
309119,0
309120,1
309121,0
309122,0
309123,0
309124,1
309125,0
309126,0
309127,0
309128,0
309129,0
309130,0
309131,1
309132,1
309133,0
309134,0
309135,0
309136,0
309137,0
309138,0
309139,0
309140,0
309141,0
309142,0
309143,0
309144,0
309145,0
309146,0
309147,0
309148,0
309149,0
309150,0
309152,0
309153,1
309154,0
309155,0
309156,0
309157,0
309158,0
309159,0
309160,1
309161,0
309162,1
309163,0
309164,0
309165,0
309166,0
309167,0
309168,0
309169,0
309170,0
309171,0
309172,0
309173,0
309174,0
309175,0
309176,0
309177,0
309178,0
309179,0
309180,0
309181,0
309182,0
309183,0
309184,0
309186,0
309187,0
309188,0
309189,0
309190,1
309191,0
309192,0
309193,0
309194,0
309195,0
309196,0
309197,0
309198,0
309199,1
309200,0
309201,1
309202,0
309203,0
309204,0
309205,0
309206,0
309207,0
309208,0
309209,0
309210,0
309211,0
309212,1
309213,1
309214,1
309215,0
309216,0
309217,0
309218,0
309219,0
309220,0
309221,0
309222,0
309223,0
309224,0
309225,0
309226,0
309227,1
309228,0
309229,1
309230,0
309231,0
309232,0
309233,0
309234,0
309235,1
309236,0
309237,0
309238,0
309239,0
309240,0
309241,0
309242,1
309243,0
309244,0
309245,0
309246,0
309247,0
309248,0
309249,0
309250,0
309251,1
309253,1
309254,1
309255,1
309256,0
309257,0
309258,0
309259,0
309260,0
309261,0
309262,1
309263,0
309264,1
309265,1
309266,0
309267,0
309268,0
309269,0
309270,1
309271,0
309272,0
309273,0
309274,0
309275,0
309276,0
309277,1
309278,0
309279,0
309280,0
309281,0
309282,1
309283,0
309284,0
309285,0
309286,1
309287,0
309288,0
309289,0
309290,0
309291,0
309292,0
309293,1
309294,0
309295,0
309296,0
309297,0
309298,1
309299,0
309300,0
309301,0
309302,0
309303,0
309304,0
309305,0
309306,0
309307,0
309308,0
309309,0
309310,0
309311,0
309312,0
309313,0
309314,0
309315,0
309316,1
309317,0
309318,0
309319,0
309320,1
309321,0
309322,0
309323,0
309324,0
309325,0
309326,0
309327,0
309328,0
309329,0
309330,0
309331,0
309332,0
309333,0
309334,0
309335,1
309336,0
309337,0
309338,0
309339,1
309340,0
309341,0
309343,0
309344,0
309345,0
309346,0
309347,0
309348,0
309349,0
309350,0
309351,0
309352,0
309353,0
309354,0
309355,0
309356,1
309357,0
309358,0
309359,0
309360,1
309361,0
309362,0
309363,0
309364,0
309366,0
309367,0
309368,1
309369,0
309370,0
309371,0
309372,0
309373,0
309374,0
309375,1
309376,0
309377,0
309378,0
309379,0
309380,0
309381,0
309382,0
309383,0
309384,0
309385,0
309386,0
309387,0
309388,0
309389,1
309390,0
309391,1
309392,1
309393,1
309394,0
309395,0
309396,1
309397,0
309398,0
309399,0
309400,0
309401,0
309402,0
309403,0
309404,0
309405,1
309406,0
309407,0
309408,0
309409,0
309410,0
309411,0
309413,0
309414,0
309415,0
309416,0
309417,0
309418,0
309419,0
309420,0
309421,0
309422,0
309423,0
309424,0
309425,0
309426,0
309427,0
309428,0
309430,0
309431,0
309432,0
309433,0
309434,0
309435,0
309436,1
309437,0
309438,0
309439,0
309440,0
309441,0
309442,0
309443,0
309444,0
309445,0
309446,0
309447,0
309448,0
309449,0
309450,0
309451,0
309452,0
309453,1
309454,0
309455,0
309456,0
309457,0
309458,0
309459,0
309460,0
309461,0
309462,0
309463,0
309464,0
309465,0
309466,1
309467,0
309468,0
309469,0
309470,0
309471,1
309472,0
309473,0
309474,0
309475,0
309476,1
309477,0
309478,0
309479,0
309480,1
309481,1
309482,0
309483,0
309484,1
309485,0
309486,0
309487,0
309488,0
309489,0
309490,0
309491,0
309492,1
309493,1
309494,0
309495,0
309496,0
309497,0
309498,0
309499,1
309500,0
309501,0
309502,0
309503,0
309504,0
309505,0
309506,1
309507,0
309508,0
309510,0
309511,0
309512,0
309513,0
309514,0
309515,0
309516,0
309517,0
309518,0
309519,0
309520,0
309521,0
309522,0
309523,0
309524,0
309525,0
309526,0
309527,0
309528,0
309529,1
309530,0
309531,0
309532,0
309533,0
309534,0
309535,0
309536,0
309537,0
309538,0
309539,0
309540,0
309541,0
309542,0
309543,0
309544,0
309545,0
309546,0
309547,0
309548,0
309549,0
309550,0
309551,0
309552,0
309553,0
309554,0
309555,1
309556,0
309557,0
309558,0
309559,0
309560,0
309561,1
309562,0
309563,0
309564,0
309565,0
309566,0
309567,0
309568,0
309569,0
309570,0
309571,0
309572,0
309573,0
309574,1
309575,0
309576,0
309577,0
309578,0
309579,1
309580,0
309581,0
309582,0
309583,0
309584,0
309585,0
309586,1
309587,0
309588,0
309589,0
309590,0
309591,0
309592,1
309593,0
309594,0
309595,0
309596,0
309597,0
309598,0
309599,1
309600,0
309601,0
309603,0
309604,0
309605,0
309606,1
309607,0
309608,0
309609,0
309610,0
309611,0
309612,0
309613,0
309614,0
309615,0
309616,0
309617,0
309618,0
309619,0
309620,0
309621,0
309622,0
309623,0
309624,0
309625,0
309626,0
309627,0
309628,0
309629,1
309630,0
309631,0
309632,0
309633,0
309634,0
309635,0
309636,0
309637,0
309638,0
309639,0
309640,0
309641,0
309642,0
309643,0
309644,0
309645,0
309646,0
309647,0
309648,0
309649,0
309650,0
309651,0
309652,0
309653,0
309654,0
309655,0
309656,0
309657,0
309658,1
309659,0
309660,1
309661,0
309662,1
309663,0
309664,1
309665,0
309666,0
309667,0
309668,0
309669,0
309670,0
309671,1
309672,0
309673,0
309674,0
309675,0
309676,0
309677,0
309678,0
309679,0
309680,0
309681,0
309682,0
309683,1
309684,0
309685,0
309686,1
309687,0
309688,0
309689,0
309690,0
309691,1
309692,1
309693,0
309694,0
309695,0
309696,0
309697,0
309698,0
309699,0
309700,1
309701,0
309702,0
309703,0
309704,0
309705,0
309706,0
309707,0
309708,0
309709,0
309710,0
309711,0
309712,0
309713,0
309714,1
309715,0
309716,0
309717,0
309718,0
309719,0
309720,0
309721,0
309722,0
309723,0
309724,1
309725,0
309726,0
309727,0
309728,0
309729,0
309730,0
309731,0
309732,0
309733,0
309734,0
309735,0
309736,0
309737,0
309738,0
309739,0
309740,0
309741,0
309742,0
309743,0
309744,0
309745,0
309746,0
309747,0
309748,0
309749,0
309750,0
309751,0
309752,0
309753,0
309754,0
309755,0
309756,0
309757,0
309758,0
309759,1
309760,0
309761,0
309762,0
309763,0
309764,1
309765,1
309766,0
309767,0
309768,0
309769,0
309770,0
309771,0
309772,0
309773,0
309774,0
309775,1
309776,0
309777,0
309778,0
309779,1
309780,0
309781,1
309782,0
309783,0
309784,0
309785,0
309786,1
309787,0
309788,0
309789,0
309790,0
309791,0
309792,1
309793,0
309794,0
309795,1
309796,0
309797,0
309798,1
309799,0
309800,0
309801,0
309802,0
309803,0
309804,0
309805,0
309806,1
309807,0
309808,0
309809,0
309810,0
309811,0
309812,1
309813,0
309814,0
309815,0
309816,0
309817,0
309818,0
309819,1
309820,0
309821,0
309822,1
309823,0
309824,0
309825,0
309826,0
309827,0
309828,0
309829,0
309830,0
309831,0
309832,0
309833,0
309834,1
309835,0
309836,1
309837,0
309838,1
309839,0
309840,0
309841,0
309842,0
309843,0
309844,1
309845,0
309846,0
309847,0
309848,1
309849,0
309850,0
309851,0
309852,1
309853,0
309854,0
309855,0
309856,0
309857,0
309858,0
309859,0
309860,0
309861,0
309862,0
309863,0
309864,0
309865,0
309866,0
309867,0
309868,1
309869,0
309870,1
309871,0
309872,0
309873,0
309874,0
309875,0
309876,0
309877,0
309878,0
309879,0
309880,0
309881,1
309882,0
309883,1
309884,1
309885,0
309886,0
309887,0
309888,0
309889,1
309890,0
309891,0
309892,0
309893,0
309894,1
309895,0
309896,0
309897,0
309898,0
309899,1
309900,0
309901,0
309902,0
309903,1
309904,0
309905,0
309906,0
309907,0
309908,1
309909,0
309911,0
309912,0
309913,0
309914,0
309915,0
309916,0
309917,0
309918,0
309919,0
309920,1
309921,1
309922,0
309923,0
309924,0
309925,0
309926,0
309927,1
309928,0
309929,0
309930,0
309931,0
309932,0
309933,0
309934,0
309935,0
309936,0
309937,0
309938,0
309939,0
309940,0
309941,0
309942,0
309943,0
309944,0
309945,0
309946,0
309947,0
309948,0
309949,0
309950,0
309951,0
309952,0
309953,0
309954,0
309955,0
309956,0
309957,0
309958,0
309959,0
309960,0
309961,0
309962,0
309963,0
309964,1
309965,0
309966,0
309967,0
309968,1
309969,0
309970,0
309971,0
309972,1
309973,0
309974,0
309975,0
309976,1
309977,0
309978,0
309979,0
309980,0
309981,0
309982,0
309983,1
309984,0
309985,0
309986,0
309987,0
309988,0
309989,0
309990,0
309991,1
309992,0
309993,0
309994,1
309996,0
309997,0
309998,0
309999,0
310000,0
310001,0
310002,0
310003,0
310004,0
310005,0
310006,0
310007,0
310008,0
310009,0
310010,0
310011,0
310012,0
310013,0
310014,0
310015,0
310016,0
310017,0
310018,0
310019,0
310020,0
310021,1
310022,0
310023,0
310024,0
310025,0
310026,0
310027,0
310028,1
310029,0
310030,0
310031,0
310032,0
310033,0
310034,0
310035,0
310036,0
310037,0
310038,1
310039,0
310040,0
310041,0
310042,1
310043,0
310044,0
310045,0
310046,0
310047,0
310048,0
310049,0
310050,0
310051,1
310052,0
310053,0
310054,0
310055,0
310056,0
310057,0
310058,0
310059,0
310060,0
310061,0
310062,0
310063,0
310064,0
310065,0
310066,0
310067,0
310068,0
310069,0
310070,0
310071,1
310072,0
310073,0
310074,0
310075,0
310076,0
310077,1
310078,1
310079,0
310080,0
310081,0
310082,1
310083,0
310084,0
310085,0
310086,0
310087,0
310088,0
310089,1
310090,0
310091,1
310092,0
310093,1
310094,0
310095,0
310096,0
310097,0
310098,0
310099,0
310100,0
310101,0
310102,0
310103,0
310104,0
310105,0
310107,0
310108,0
310109,0
310110,0
310111,0
310112,0
310113,0
310114,0
310115,0
310116,1
310117,0
310118,0
310119,0
310120,0
310121,0
310122,0
310123,1
310124,0
310125,0
310126,0
310127,1
310128,0
310129,0
310130,0
310131,0
310132,0
310133,0
310134,0
310135,0
310136,0
310137,0
310138,0
310139,0
310140,0
310141,0
310142,0
310143,0
310145,0
310146,0
310147,0
310148,1
310149,0
310150,0
310151,0
310152,0
310153,1
310154,0
310155,0
310156,0
310157,0
310158,0
310159,0
310160,0
310161,0
310162,0
310163,0
310164,0
310166,0
310167,0
310168,0
310169,0
310170,1
310171,0
310172,0
310173,0
310174,0
310175,0
310176,0
310177,0
310178,0
310179,0
310180,0
310181,0
310182,1
310183,0
310184,0
310185,0
310186,0
310187,0
310188,0
310189,0
310190,0
310191,0
310192,0
310193,0
310194,0
310195,0
310196,0
310197,0
310198,0
310199,0
310200,1
310201,1
310202,0
310203,0
310204,0
310205,0
310206,0
310207,0
310208,0
310209,0
310210,0
310211,0
310212,0
310213,0
310214,0
310215,1
310216,0
310217,0
310218,0
310219,0
310220,0
310221,0
310222,0
310223,0
310224,1
310225,1
310226,0
310227,0
310228,0
310229,0
310230,1
310231,0
310232,0
310233,0
310234,0
310235,0
310236,0
310237,0
310238,0
310239,0
310240,0
310241,0
310242,0
310243,0
310244,1
310245,0
310246,1
310247,0
310248,0
310249,0
310250,0
310251,0
310252,1
310253,0
310254,0
310255,0
310256,0
310257,0
310258,1
310259,0
310260,0
310261,0
310262,0
310263,0
310264,0
310265,0
310266,0
310267,0
310268,0
310269,0
310270,0
310271,0
310272,0
310273,0
310274,0
310275,0
310276,0
310277,0
310278,0
310279,0
310280,0
310281,0
310282,0
310283,0
310284,0
310285,0
310286,0
310287,0
310288,0
310289,0
310290,0
310291,0
310292,0
310293,0
310294,1
310295,0
310296,0
310297,0
310298,0
310299,1
310300,0
310301,0
310302,0
310303,0
310304,0
310305,1
310306,0
310307,0
310308,0
310309,1
310310,0
310311,0
310312,0
310313,0
310314,0
310315,0
310316,0
310317,0
310318,0
310319,1
310320,0
310321,0
310322,0
310323,0
310324,0
310325,0
310326,0
310327,1
310328,0
310329,0
310330,0
310331,0
310332,0
310333,0
310334,0
310335,0
310336,0
310337,0
310338,1
310339,0
310340,0
310341,0
310342,0
310344,1
310345,0
310346,0
310347,0
310348,0
310349,0
310350,0
310351,0
310352,1
310353,0
310354,0
310355,1
310356,0
310357,0
310358,0
310359,0
310360,0
310361,0
310362,0
310363,0
310364,0
310365,0
310366,0
310367,1
310368,1
310369,0
310370,0
310371,0
310372,1
310373,0
310374,1
310375,1
310376,0
310377,0
310378,0
310379,0
310380,0
310381,0
310382,0
310383,0
310384,0
310385,0
310386,0
310387,0
310388,0
310389,0
310390,0
310391,0
310392,0
310393,1
310394,1
310396,0
310397,0
310398,0
310399,0
310400,0
310401,0
310402,0
310403,0
310404,0
310405,0
310406,0
310408,0
310409,0
310410,0
310411,0
310412,0
310413,0
310414,0
310415,0
310416,0
310417,0
310418,0
310419,0
310420,1
310421,0
310422,0
310423,0
310424,0
310425,0
310426,0
310427,0
310428,0
310429,0
310430,0
310431,0
310432,0
310433,0
310434,0
310435,1
310436,0
310437,0
310438,0
310439,0
310440,0
310441,0
310442,0
310443,0
310444,0
310445,0
310446,0
310447,0
310448,0
310449,0
310450,0
310451,0
310452,0
310453,0
310454,0
310455,0
310456,0
310457,0
310458,0
310459,1
310460,0
310461,0
310462,0
310463,0
310464,0
310465,0
310466,0
310467,0
310468,0
310469,0
310470,1
310471,0
310472,0
310473,0
310474,0
310475,0
310476,0
310477,1
310478,0
310479,0
310480,0
310481,0
310482,0
310483,1
310484,0
310485,0
310486,0
310487,0
310488,1
310489,1
310490,0
310491,0
310492,0
310493,0
310494,0
310495,0
310496,1
310497,0
310498,0
310499,0
310500,0
310501,0
310502,0
310503,0
310504,0
310505,0
310506,0
310507,0
310508,0
310509,1
310510,1
310511,0
310512,0
310513,0
310514,1
310515,0
310516,1
310517,0
310518,0
310519,0
310520,0
310521,0
310522,1
310523,0
310524,0
310525,0
310526,0
310527,0
310528,1
310529,0
310530,0
310531,0
310532,0
310533,0
310534,0
310535,0
310536,0
310537,0
310539,0
310540,0
310541,0
310542,0
310543,0
310544,0
310545,0
310546,0
310547,0
310548,0
310549,0
310550,0
310551,1
310552,0
310553,0
310554,0
310555,0
310556,0
310557,0
310558,0
310559,0
310560,0
310561,0
310562,0
310563,0
310564,0
310565,1
310566,0
310567,0
310568,0
310569,0
310570,0
310571,0
310572,0
310574,0
310575,0
310576,0
310577,0
310578,0
310579,1
310580,0
310581,0
310582,0
310583,0
310584,0
310585,0
310586,0
310587,0
310588,0
310589,0
310590,0
310591,0
310592,0
310593,1
310594,0
310595,0
310596,0
310597,0
310598,1
310599,0
310600,0
310601,0
310602,0
310603,0
310604,0
310605,0
310606,0
310607,0
310608,0
310609,0
310610,0
310611,0
310612,0
310613,0
310614,1
310615,1
310616,0
310617,0
310618,0
310619,0
310620,0
310621,0
310622,0
310623,0
310624,1
310625,0
310626,0
310627,0
310628,0
310629,0
310630,0
310631,0
310632,0
310633,0
310634,0
310635,1
310636,0
310637,0
310638,0
310639,1
310640,0
310641,0
310642,0
310643,0
310644,0
310645,0
310646,0
310647,0
310648,0
310649,0
310650,0
310651,0
310652,0
310653,0
310654,0
310655,0
310656,0
310657,0
310658,1
310659,0
310660,0
310661,0
310662,0
310663,1
310664,0
310665,0
310666,1
310667,0
310668,0
310670,0
310671,0
310672,0
310673,0
310674,0
310675,0
310676,0
310677,0
310678,1
310679,0
310680,0
310681,0
310682,0
310683,1
310684,1
310685,0
310686,1
310687,0
310688,0
310689,0
310690,0
310691,0
310692,0
310693,0
310694,0
310695,0
310696,0
310697,0
310698,0
310699,0
310700,0
310701,0
310702,0
310703,1
310704,0
310705,0
310706,0
310707,0
310708,0
310710,1
310711,0
310712,1
310713,1
310714,0
310715,0
310716,0
310717,0
310718,0
310719,0
310720,0
310721,0
310722,0
310723,0
310724,0
310725,0
310726,0
310727,0
310728,0
310729,0
310730,0
310731,0
310732,0
310733,0
310734,0
310735,1
310736,0
310737,0
310738,0
310739,0
310740,0
310741,0
310742,0
310743,0
310744,0
310745,0
310746,0
310747,0
310748,0
310749,1
310750,0
310751,0
310752,0
310753,0
310754,0
310756,0
310757,0
310758,1
310759,0
310760,0
310761,0
310762,0
310763,0
310764,0
310765,0
310766,0
310767,0
310768,0
310769,0
310770,0
310771,0
310772,0
310773,0
310774,0
310775,0
310776,0
310777,0
310779,0
310780,0
310781,0
310782,1
310783,0
310784,0
310785,1
310786,0
310787,1
310788,0
310789,0
310790,1
310792,0
310793,0
310794,0
310795,0
310796,0
310797,0
310798,0
310799,0
310800,1
310801,1
310802,0
310803,0
310804,0
310805,0
310806,0
310807,0
310808,0
310809,0
310810,0
310811,0
310812,0
310814,0
310815,0
310816,1
310817,0
310818,0
310819,0
310820,0
310821,0
310822,0
310823,0
310824,0
310826,0
310827,0
310828,0
310829,0
310830,0
310831,0
310832,0
310833,0
310834,0
310835,0
310836,1
310837,0
310838,0
310839,0
310840,0
310841,0
310842,1
310843,1
310844,0
310845,0
310846,1
310847,0
310848,0
310849,0
310850,0
310851,0
310852,0
310853,0
310854,0
310855,0
310856,0
310857,0
310858,0
310859,0
310860,0
310861,1
310862,0
310863,1
310865,0
310866,0
310867,0
310868,1
310869,0
310870,0
310871,0
310872,0
310873,0
310874,0
310875,0
310876,0
310877,1
310878,0
310879,0
310881,0
310882,0
310883,0
310884,0
310885,0
310886,0
310887,0
310888,0
310889,0
310890,0
310891,0
310892,0
310893,0
310894,1
310895,0
310896,0
310897,0
310898,0
310899,1
310900,0
310901,0
310902,0
310903,0
310904,0
310905,0
310906,0
310907,0
310908,0
310909,0
310910,1
310911,0
310912,0
310913,1
310914,0
310915,0
310916,1
310917,1
310918,0
310919,0
310920,0
310921,0
310922,1
310923,0
310924,1
310925,0
310926,0
310927,0
310928,1
310929,0
310930,0
310931,0
310932,0
310933,0
310934,0
310935,0
310936,0
310937,0
310938,0
310939,0
310940,0
310941,0
310942,0
310943,0
310944,0
310945,0
310946,1
310947,1
310948,0
310949,0
310950,1
310951,0
310952,0
310953,0
310954,0
310955,1
310956,0
310957,0
310958,0
310959,1
310961,0
310962,0
310963,0
310964,0
310965,0
310966,1
310968,0
310969,0
310970,0
310971,0
310972,0
310973,0
310974,0
310975,0
310976,0
310977,0
310978,0
310979,0
310980,0
310981,0
310982,0
310983,0
310984,0
310985,0
310986,1
310987,0
310988,0
310989,0
310990,1
310991,0
310992,0
310993,0
310994,0
310995,1
310996,1
310997,0
310998,1
310999,0
311000,0
311001,0
311002,0
311003,0
311004,0
311005,0
311006,0
311007,0
311008,1
311009,0
311010,0
311011,1
311012,1
311013,0
311014,0
311015,0
311016,0
311017,0
311018,0
311020,0
311021,0
311022,0
311023,0
311024,0
311025,0
311026,0
311027,0
311028,0
311029,1
311030,0
311031,0
311032,0
311033,1
311034,0
311035,0
311036,1
311037,0
311038,0
311039,0
311040,0
311042,0
311043,0
311044,0
311045,0
311046,1
311047,0
311048,0
311049,0
311050,0
311051,0
311052,0
311053,0
311054,0
311055,0
311056,0
311057,0
311058,0
311059,0
311060,0
311061,0
311062,0
311063,1
311064,1
311065,0
311066,0
311067,0
311068,0
311069,0
311070,0
311071,1
311072,0
311073,0
311074,0
311075,0
311076,0
311077,0
311078,0
311079,0
311080,0
311081,0
311082,0
311083,0
311084,0
311085,0
311086,0
311087,1
311088,0
311089,0
311090,0
311091,0
311092,0
311093,0
311094,0
311095,1
311096,0
311097,0
311098,0
311099,0
311100,1
311101,0
311102,0
311103,0
311104,1
311105,0
311106,0
311107,0
311108,1
311109,0
311110,0
311111,0
311112,0
311113,0
311114,0
311115,0
311116,1
311117,0
311118,0
311120,0
311121,0
311122,0
311123,0
311124,0
311125,0
311126,0
311127,0
311128,1
311129,0
311130,0
311131,0
311132,0
311133,0
311134,0
311135,0
311136,1
311137,0
311138,0
311139,0
311140,0
311141,0
311142,0
311143,0
311144,0
311145,1
311146,0
311147,0
311148,0
311149,0
311150,1
311151,0
311152,0
311153,0
311154,0
311155,0
311156,0
311157,0
311158,0
311159,0
311160,0
311161,0
311162,0
311163,1
311164,0
311165,0
311166,1
311167,0
311168,0
311169,0
311170,0
311171,0
311172,0
311173,0
311174,0
311175,0
311176,0
311177,1
311178,0
311179,0
311180,0
311181,0
311182,1
311183,1
311184,0
311185,0
311186,1
311187,0
311188,0
311189,0
311190,0
311191,1
311192,1
311193,0
311194,0
311195,0
311196,1
311197,0
311198,0
311199,0
311200,0
311201,0
311202,0
311203,0
311204,0
311205,0
311206,0
311207,0
311208,0
311209,0
311210,0
311211,1
311212,0
311213,0
311214,0
311215,0
311216,0
311217,0
311218,0
311219,0
311220,1
311221,0
311222,0
311223,0
311224,0
311225,0
311227,0
311228,0
311229,0
311230,0
311231,0
311232,0
311233,0
311234,0
311235,1
311236,0
311237,0
311238,1
311239,0
311240,0
311241,0
311242,0
311243,0
311244,0
311245,0
311246,0
311247,1
311248,0
311250,0
311251,0
311252,0
311253,0
311254,0
311255,1
311256,0
311257,0
311258,0
311259,0
311260,0
311261,0
311262,0
311263,1
311264,0
311265,0
311266,0
311267,0
311268,1
311269,0
311270,0
311271,0
311272,0
311273,1
311274,0
311275,0
311276,0
311277,0
311278,0
311279,0
311280,0
311281,0
311282,0
311283,0
311284,0
311285,0
311286,0
311287,0
311288,0
311289,0
311290,0
311291,0
311292,0
311293,0
311294,0
311295,0
311296,0
311297,0
311298,0
311299,0
311300,0
311301,0
311302,0
311303,1
311304,0
311305,0
311306,0
311307,0
311308,0
311309,0
311310,0
311311,1
311312,1
311313,0
311314,0
311315,0
311316,0
311317,0
311318,0
311319,0
311320,1
311321,0
311322,0
311323,0
311324,0
311325,0
311326,1
311327,0
311328,0
311329,0
311330,0
311331,0
311332,0
311333,0
311334,0
311335,0
311336,1
311337,0
311338,0
311339,0
311340,0
311341,0
311342,0
311343,0
311344,0
311345,0
311346,1
311347,0
311348,0
311349,0
311350,0
311351,0
311352,0
311353,0
311354,1
311355,0
311356,0
311357,0
311358,0
311359,0
311360,1
311361,0
311362,1
311363,0
311364,0
311365,0
311366,0
311367,0
311368,0
311369,0
311370,0
311371,0
311372,0
311373,0
311374,0
311375,0
311376,0
311377,0
311378,0
311379,0
311380,0
311381,0
311382,0
311383,0
311384,1
311385,0
311386,0
311387,1
311388,0
311389,0
311390,1
311391,0
311392,0
311393,0
311394,1
311395,0
311396,0
311397,0
311398,0
311399,0
311400,0
311401,0
311402,0
311403,0
311404,1
311405,0
311406,0
311407,0
311408,0
311409,0
311410,0
311411,0
311412,1
311413,0
311414,0
311415,0
311416,0
311417,0
311418,0
311419,0
311420,0
311421,1
311422,0
311423,0
311424,1
311425,0
311426,0
311427,0
311428,1
311429,0
311430,0
311431,0
311432,1
311433,0
311434,0
311435,0
311436,0
311437,0
311438,0
311439,0
311440,1
311441,0
311442,0
311443,0
311444,0
311445,0
311446,0
311447,1
311448,0
311449,0
311451,0
311452,1
311453,0
311454,0
311455,0
311456,1
311457,1
311458,1
311459,0
311460,0
311461,0
311462,0
311463,1
311464,1
311465,0
311466,0
311467,0
311468,0
311469,0
311470,0
311471,0
311472,0
311473,0
311474,0
311475,0
311476,0
311477,0
311478,0
311479,0
311480,0
311481,0
311482,0
311483,0
311484,0
311485,0
311486,0
311487,0
311488,0
311489,0
311490,0
311491,0
311492,0
311493,0
311494,0
311495,0
311496,0
311497,0
311498,0
311499,0
311500,0
311501,1
311503,0
311504,0
311505,0
311506,0
311507,0
311508,0
311509,0
311510,0
311511,0
311512,1
311513,0
311514,0
311515,0
311516,0
311517,0
311518,0
311519,1
311520,0
311521,0
311522,0
311523,1
311524,0
311525,0
311526,0
311527,0
311528,0
311529,0
311530,0
311531,0
311532,0
311533,0
311534,0
311535,1
311536,0
311537,0
311538,0
311539,0
311540,0
311541,0
311542,0
311543,0
311544,0
311545,0
311546,0
311547,0
311548,0
311549,0
311550,0
311551,0
311552,0
311553,0
311554,0
311555,0
311556,0
311557,0
311558,0
311559,0
311560,0
311561,1
311562,0
311563,0
311564,0
311565,1
311566,0
311567,0
311568,1
311569,0
311570,0
311571,0
311572,0
311573,0
311574,0
311575,0
311576,0
311577,0
311578,0
311579,1
311580,0
311582,0
311583,0
311584,0
311585,0
311586,0
311587,0
311588,0
311589,1
311590,0
311591,0
311592,0
311593,0
311594,0
311595,0
311596,0
311597,1
311598,0
311599,1
311600,0
311601,0
311602,0
311603,0
311604,0
311605,0
311606,0
311607,0
311608,0
311609,1
311610,0
311611,0
311612,0
311613,0
311614,0
311615,0
311616,0
311617,0
311618,0
311619,0
311620,0
311621,0
311622,0
311623,0
311624,0
311625,0
311626,0
311627,0
311628,0
311629,0
311630,0
311631,0
311632,0
311633,1
311634,0
311635,0
311636,1
311637,1
311638,0
311639,0
311640,0
311641,0
311642,0
311643,0
311644,0
311645,1
311646,0
311647,0
311648,1
311649,0
311650,1
311651,0
311652,1
311653,0
311654,0
311655,0
311656,0
311658,0
311659,0
311660,1
311661,0
311662,0
311663,0
311665,0
311666,0
311667,0
311668,0
311669,0
311670,1
311671,0
311672,0
311673,0
311675,0
311676,0
311677,0
311678,1
311679,0
311680,0
311681,0
311682,0
311683,0
311684,0
311685,0
311686,0
311687,1
311688,0
311689,0
311690,0
311691,0
311692,0
311693,0
311694,1
311695,0
311696,0
311697,0
311698,0
311699,0
311700,0
311701,0
311702,0
311703,0
311704,0
311705,0
311706,0
311707,0
311708,1
311709,0
311710,0
311711,1
311712,0
311713,1
311714,0
311715,0
311716,0
311717,1
311718,0
311719,0
311720,0
311721,0
311722,0
311723,0
311724,0
311725,0
311726,0
311727,0
311728,0
311730,0
311731,0
311732,0
311733,0
311734,0
311735,0
311736,0
311737,0
311738,0
311739,0
311740,1
311741,0
311742,0
311743,1
311744,0
311745,0
311746,0
311747,0
311748,1
311749,0
311750,0
311751,0
311752,0
311753,1
311754,0
311755,0
311756,0
311757,1
311758,0
311759,0
311760,0
311761,0
311762,1
311763,0
311764,0
311765,0
311766,0
311767,0
311768,0
311769,0
311770,1
311771,0
311772,0
311773,1
311774,0
311775,1
311776,0
311777,0
311778,0
311779,0
311780,1
311781,0
311782,0
311783,0
311785,1
311786,0
311787,0
311788,0
311789,0
311790,0
311791,0
311792,0
311793,0
311794,0
311795,0
311796,0
311797,0
311798,0
311799,1
311800,0
311801,0
311802,1
311803,0
311804,1
311805,0
311806,0
311807,0
311808,0
311809,0
311810,0
311811,1
311812,0
311813,1
311814,1
311815,0
311816,0
311817,0
311818,0
311819,0
311820,0
311821,0
311822,0
311823,0
311824,0
311825,0
311826,0
311827,0
311828,0
311829,0
311830,0
311831,0
311832,0
311833,0
311834,0
311835,0
311836,0
311837,0
311838,0
311839,0
311840,0
311841,0
311842,0
311843,0
311844,0
311845,0
311846,0
311847,0
311848,0
311849,0
311850,0
311851,0
311852,0
311853,1
311854,0
311855,0
311856,0
311857,0
311858,0
311859,0
311860,1
311861,0
311862,1
311863,0
311864,0
311865,0
311866,1
311867,0
311868,0
311869,0
311870,0
311871,1
311872,1
311873,1
311874,0
311875,0
311876,0
311877,0
311878,0
311879,1
311880,0
311881,0
311882,0
311883,0
311884,0
311885,0
311886,0
311887,0
311888,0
311889,0
311891,0
311892,0
311893,0
311894,0
311895,0
311896,0
311897,0
311898,0
311899,0
311900,0
311901,0
311902,0
311903,0
311904,0
311905,0
311906,1
311907,1
311908,0
311909,0
311910,0
311911,1
311912,0
311913,0
311914,0
311916,0
311917,0
311918,0
311919,0
311920,0
311921,0
311922,0
311923,0
311924,0
311925,0
311926,0
311927,0
311928,0
311929,0
311930,0
311931,0
311932,0
311933,0
311934,0
311935,0
311936,0
311937,0
311938,0
311939,0
311940,0
311941,0
311942,0
311943,0
311944,1
311945,0
311946,0
311947,0
311948,0
311949,0
311950,0
311951,0
311953,0
311954,0
311955,0
311956,0
311957,0
311958,0
311959,0
311960,0
311961,0
311962,0
311963,0
311964,0
311965,0
311966,0
311968,0
311969,1
311970,0
311971,0
311972,0
311973,0
311974,0
311975,0
311976,0
311977,0
311978,1
311979,0
311980,0
311981,0
311982,0
311983,0
311984,0
311985,0
311986,0
311987,0
311988,0
311989,0
311990,0
311991,0
311992,0
311993,0
311994,1
311995,0
311996,0
311997,0
311998,0
311999,0
312000,0
312001,0
312002,0
312003,0
312004,0
312005,0
312006,0
312008,0
312009,0
312010,0
312011,0
312012,0
312013,1
312014,0
312015,1
312016,0
312017,0
312018,1
312019,0
312020,0
312021,0
312022,0
312023,0
312024,0
312025,0
312026,0
312027,0
312028,0
312029,0
312030,0
312031,0
312032,0
312033,0
312034,0
312035,0
312036,0
312037,0
312038,0
312039,0
312040,0
312041,0
312042,0
312043,0
312044,0
312045,0
312046,0
312047,1
312048,0
312049,0
312050,0
312051,0
312052,1
312053,0
312054,0
312055,0
312056,0
312057,0
312058,0
312059,0
312060,0
312061,0
312062,1
312063,0
312064,0
312065,0
312066,0
312067,0
312068,0
312069,0
312070,0
312071,0
312072,0
312073,1
312074,1
312075,0
312076,0
312077,0
312078,0
312079,0
312080,0
312081,1
312082,0
312083,0
312084,0
312085,0
312086,0
312087,0
312088,0
312089,0
312090,0
312091,0
312092,0
312093,0
312094,0
312095,0
312096,0
312097,0
312098,0
312099,0
312100,0
312101,0
312102,0
312103,0
312104,0
312105,0
312106,0
312107,0
312108,0
312109,0
312110,0
312111,0
312112,0
312113,0
312114,0
312115,0
312116,0
312117,0
312118,1
312119,0
312120,0
312121,0
312122,0
312123,0
312124,0
312125,0
312126,0
312127,0
312128,0
312129,0
312130,0
312131,0
312132,0
312133,0
312134,0
312135,1
312136,0
312137,1
312138,0
312139,1
312140,0
312141,0
312142,0
312143,0
312144,0
312145,1
312146,0
312147,0
312148,0
312149,0
312150,0
312151,0
312152,0
312153,0
312154,0
312155,0
312156,1
312157,0
312158,1
312159,0
312160,0
312161,1
312162,0
312163,0
312164,0
312165,0
312166,0
312167,0
312168,0
312169,0
312170,0
312171,1
312172,0
312173,0
312174,0
312175,0
312176,0
312177,0
312178,0
312179,0
312180,0
312181,0
312182,0
312183,0
312184,0
312185,0
312186,0
312187,0
312188,0
312189,0
312190,0
312191,0
312192,0
312193,0
312194,0
312195,0
312196,0
312197,0
312198,1
312199,0
312200,1
312201,0
312202,1
312203,0
312204,0
312205,0
312206,0
312207,0
312208,0
312209,0
312210,0
312211,0
312212,0
312213,0
312214,0
312215,0
312216,0
312217,0
312218,0
312219,0
312220,0
312221,0
312222,1
312223,1
312224,0
312225,0
312226,1
312227,0
312228,0
312229,0
312230,0
312231,1
312232,0
312233,0
312234,0
312235,0
312236,0
312237,0
312238,0
312239,0
312240,0
312241,1
312242,0
312243,0
312244,0
312245,0
312246,0
312247,0
312248,0
312249,0
312250,0
312251,0
312252,0
312253,0
312254,0
312255,0
312256,0
312257,0
312258,0
312259,0
312260,0
312261,0
312262,0
312263,0
312264,1
312265,0
312266,1
312267,0
312268,0
312269,0
312270,1
312271,0
312272,0
312273,0
312274,0
312275,0
312276,0
312277,0
312278,0
312279,0
312280,0
312281,1
312282,0
312283,0
312284,0
312285,0
312286,0
312287,0
312288,0
312289,0
312290,0
312291,0
312292,0
312293,0
312295,0
312296,0
312297,0
312298,0
312299,0
312300,0
312301,0
312302,0
312303,0
312306,0
312307,1
312308,0
312309,0
312310,0
312311,0
312312,0
312313,0
312314,0
312315,0
312316,0
312317,0
312318,0
312319,0
312320,0
312321,0
312322,0
312323,0
312324,0
312326,1
312327,0
312328,1
312329,0
312330,0
312331,1
312332,0
312333,0
312334,0
312335,0
312336,0
312337,0
312338,0
312339,0
312340,0
312341,0
312342,0
312343,1
312344,0
312345,0
312346,0
312347,0
312349,0
312350,0
312351,0
312352,0
312353,1
312354,0
312355,0
312356,0
312357,0
312358,0
312359,0
312360,0
312361,0
312362,0
312363,0
312364,0
312365,0
312366,0
312367,0
312368,0
312369,0
312370,1
312371,1
312372,1
312373,0
312374,0
312375,0
312376,0
312377,0
312378,0
312379,0
312380,0
312381,0
312382,0
312383,0
312384,1
312385,0
312386,0
312387,0
312388,0
312389,0
312390,0
312391,0
312392,0
312393,0
312394,0
312395,0
312396,0
312397,0
312398,1
312400,0
312401,0
312402,0
312403,0
312404,0
312405,0
312406,1
312407,0
312408,0
312409,0
312410,1
312411,0
312412,1
312413,0
312414,1
312415,0
312416,0
312417,0
312418,0
312419,0
312420,0
312421,0
312422,0
312423,0
312424,0
312425,0
312426,1
312427,0
312428,0
312429,0
312430,1
312431,0
312432,0
312433,0
312434,0
312435,0
312436,0
312437,0
312438,0
312439,0
312440,0
312441,0
312442,0
312443,0
312444,0
312445,0
312446,0
312447,0
312448,0
312449,0
312450,0
312451,0
312452,1
312453,0
312454,0
312455,0
312456,0
312457,0
312458,1
312460,0
312461,0
312462,0
312463,0
312464,0
312465,0
312466,0
312467,0
312468,0
312469,0
312470,0
312471,0
312472,1
312473,1
312474,0
312475,0
312476,0
312477,0
312478,0
312479,0
312480,0
312481,0
312482,0
312483,0
312484,0
312485,0
312486,0
312487,0
312488,0
312489,0
312490,0
312491,0
312492,0
312493,0
312494,0
312495,1
312496,0
312497,0
312498,0
312499,0
312500,0
312501,0
312502,0
312503,0
312504,0
312505,0
312506,0
312507,0
312508,0
312510,0
312511,0
312512,0
312513,0
312514,0
312515,0
312516,0
312517,0
312518,0
312520,1
312521,0
312522,0
312523,0
312524,0
312525,0
312526,0
312527,1
312528,0
312529,1
312530,0
312531,0
312532,0
312533,0
312534,0
312535,0
312536,0
312537,0
312538,0
312539,1
312540,0
312541,0
312542,0
312543,0
312544,0
312545,0
312546,0
312547,0
312548,0
312549,0
312550,0
312551,0
312552,0
312553,0
312554,0
312555,1
312556,0
312557,0
312558,0
312559,0
312560,0
312561,0
312562,0
312563,0
312564,0
312565,0
312566,1
312567,0
312568,0
312569,0
312570,0
312571,0
312573,0
312574,0
312575,0
312576,0
312577,0
312578,0
312579,0
312580,0
312581,0
312582,0
312583,1
312584,0
312585,0
312586,0
312587,0
312588,0
312589,0
312590,0
312591,0
312592,0
312594,0
312595,0
312596,0
312597,0
312598,0
312599,0
312600,0
312601,0
312602,0
312603,0
312604,0
312605,0
312606,0
312607,0
312608,0
312610,0
312611,0
312612,0
312613,0
312614,0
312615,0
312616,0
312617,0
312618,0
312619,0
312620,1
312621,0
312622,0
312623,0
312624,0
312625,0
312626,0
312627,0
312628,0
312629,0
312630,0
312631,0
312632,0
312633,0
312634,0
312635,0
312636,0
312637,0
312638,0
312639,0
312640,0
312641,1
312642,0
312643,0
312644,0
312645,0
312646,0
312647,0
312648,0
312649,0
312650,0
312651,0
312652,0
312653,0
312654,1
312655,0
312656,0
312657,0
312658,1
312659,1
312660,0
312661,0
312662,0
312663,0
312664,0
312665,0
312666,0
312667,0
312668,0
312669,0
312671,0
312672,1
312673,0
312674,0
312675,0
312676,0
312677,0
312678,0
312679,1
312680,0
312681,0
312682,0
312683,0
312684,0
312685,0
312686,0
312687,0
312688,1
312689,0
312690,0
312691,0
312692,0
312693,1
312694,1
312695,0
312696,0
312697,1
312698,0
312699,1
312700,0
312701,0
312702,1
312703,0
312704,0
312705,0
312706,0
312707,0
312708,0
312709,0
312710,0
312711,0
312712,0
312713,0
312714,0
312715,1
312716,0
312717,0
312718,0
312719,1
312720,0
312721,0
312722,0
312723,0
312724,0
312725,0
312726,0
312727,1
312728,0
312729,0
312730,0
312731,0
312732,0
312733,1
312734,1
312735,0
312736,0
312737,0
312738,1
312739,0
312740,0
312741,0
312742,0
312743,0
312744,0
312745,0
312746,0
312747,0
312748,0
312749,0
312750,0
312751,0
312752,0
312753,0
312754,0
312755,0
312756,0
312757,0
312758,0
312759,0
312760,0
312761,0
312762,0
312763,0
312764,0
312765,0
312766,0
312767,1
312768,0
312769,0
312770,1
312771,0
312772,0
312773,0
312774,0
312775,0
312776,0
312777,0
312778,0
312779,0
312780,0
312781,0
312782,0
312783,0
312784,0
312785,0
312786,0
312787,0
312788,1
312789,0
312790,0
312791,0
312792,0
312793,1
312794,0
312795,1
312796,0
312797,0
312798,0
312799,0
312800,0
312801,0
312802,0
312803,0
312804,0
312805,1
312806,0
312807,0
312808,0
312809,0
312810,0
312811,0
312812,0
312813,0
312814,0
312815,0
312816,0
312817,1
312818,0
312819,0
312820,0
312821,0
312822,0
312823,0
312824,0
312825,0
312827,0
312828,0
312829,0
312830,0
312831,1
312832,0
312833,0
312834,0
312835,1
312836,1
312837,0
312838,0
312839,0
312840,0
312841,0
312842,0
312843,0
312844,0
312845,0
312846,0
312847,0
312848,0
312849,0
312850,0
312851,0
312852,0
312853,0
312854,0
312855,0
312856,0
312857,0
312858,0
312859,0
312860,0
312861,0
312862,0
312863,0
312864,0
312865,0
312866,0
312867,0
312868,0
312869,0
312870,0
312871,0
312873,0
312874,0
312875,0
312876,0
312877,0
312878,0
312879,1
312880,0
312881,0
312882,0
312883,0
312885,0
312886,0
312887,0
312888,0
312889,0
312890,0
312891,0
312892,1
312893,0
312894,0
312895,0
312896,0
312897,1
312898,0
312899,0
312900,0
312901,0
312902,1
312903,0
312904,1
312905,0
312906,0
312907,0
312908,0
312909,0
312910,0
312911,0
312912,0
312913,0
312914,0
312915,0
312916,0
312917,0
312919,0
312920,0
312921,0
312922,0
312923,0
312924,0
312925,0
312926,0
312927,0
312928,0
312929,0
312930,0
312931,1
312932,0
312933,0
312934,1
312935,0
312936,0
312937,0
312938,0
312939,0
312940,0
312941,0
312942,0
312943,0
312944,0
312945,0
312946,0
312947,0
312948,0
312949,0
312950,1
312951,0
312952,0
312953,0
312954,0
312955,0
312956,1
312959,0
312960,0
312961,1
312962,1
312963,0
312964,0
312965,0
312966,1
312967,0
312968,0
312969,0
312970,1
312971,0
312972,0
312973,1
312974,0
312975,0
312976,0
312977,1
312978,0
312979,0
312980,0
312981,0
312982,0
312983,0
312984,0
312985,1
312986,0
312987,0
312988,0
312989,0
312990,0
312991,0
312992,0
312993,0
312995,0
312996,0
312997,0
312998,0
312999,0
313000,0
313001,0
313002,1
313003,0
313004,0
313005,0
313006,0
313007,0
313008,0
313010,0
313011,0
313012,0
313013,0
313014,1
313015,0
313016,0
313017,0
313018,0
313020,0
313021,0
313022,1
313023,0
313024,0
313025,0
313026,0
313027,0
313028,0
313029,0
313030,0
313031,0
313032,0
313033,0
313034,0
313035,0
313036,0
313037,0
313038,0
313039,0
313040,0
313041,0
313042,0
313043,0
313044,0
313045,0
313046,0
313047,0
313048,0
313049,0
313050,0
313051,1
313052,1
313053,1
313054,0
313055,0
313056,0
313057,0
313058,0
313059,1
313060,0
313061,0
313062,0
313063,0
313064,1
313065,0
313066,0
313067,0
313068,0
313069,0
313070,0
313071,0
313072,0
313073,0
313074,0
313075,0
313076,0
313077,0
313078,0
313079,0
313080,0
313081,0
313082,0
313083,1
313084,0
313085,0
313086,0
313087,0
313088,0
313089,0
313090,0
313091,0
313092,0
313093,0
313094,1
313095,1
313096,0
313097,0
313098,0
313099,0
313100,1
313101,1
313102,0
313103,0
313104,0
313105,0
313106,0
313107,0
313109,0
313110,0
313111,0
313112,0
313113,0
313114,0
313115,0
313116,0
313117,0
313118,1
313119,0
313120,1
313121,0
313122,0
313123,0
313124,0
313125,1
313126,0
313127,0
313128,0
313129,0
313130,1
313131,0
313132,0
313133,0
313134,1
313135,1
313136,1
313137,0
313138,1
313139,0
313140,0
313141,0
313142,0
313143,0
313144,0
313145,0
313146,0
313148,0
313149,1
313150,0
313151,0
313152,0
313153,0
313154,0
313155,1
313156,0
313157,0
313158,0
313159,1
313160,0
313161,0
313162,0
313163,1
313164,0
313165,0
313166,1
313167,0
313168,0
313169,0
313170,1
313171,0
313172,0
313173,1
313174,0
313175,0
313176,0
313177,0
313178,0
313179,0
313180,0
313181,0
313182,0
313183,0
313184,0
313185,0
313186,0
313187,0
313188,1
313189,0
313190,0
313191,0
313192,1
313193,0
313194,0
313195,1
313196,0
313197,0
313198,0
313199,0
313200,0
313201,0
313202,0
313203,0
313204,0
313205,0
313206,0
313207,0
313208,1
313209,0
313210,0
313211,0
313212,0
313213,0
313214,0
313215,0
313216,0
313217,0
313218,1
313219,0
313220,0
313221,0
313222,0
313223,0
313224,0
313225,0
313226,0
313227,0
313228,1
313229,0
313230,0
313231,0
313232,0
313233,0
313234,0
313235,0
313236,0
313237,0
313238,0
313239,0
313240,0
313241,0
313242,0
313243,0
313244,0
313245,0
313246,0
313247,0
313248,0
313249,0
313250,1
313251,0
313252,0
313253,1
313254,0
313255,0
313256,0
313257,0
313258,0
313259,0
313260,0
313261,0
313262,0
313263,0
313264,0
313265,0
313266,0
313267,0
313268,0
313269,0
313270,0
313271,0
313272,0
313273,0
313274,1
313275,0
313276,0
313277,0
313278,0
313279,0
313280,0
313281,0
313282,0
313283,0
313284,0
313285,0
313286,0
313287,1
313288,0
313289,0
313290,0
313291,0
313292,1
313293,0
313294,0
313295,0
313296,0
313297,0
313298,0
313299,0
313300,0
313301,0
313302,0
313303,0
313304,0
313305,0
313306,0
313307,0
313308,0
313309,0
313310,0
313311,0
313312,0
313313,1
313314,0
313315,0
313316,0
313317,0
313318,0
313319,1
313320,0
313321,1
313322,0
313323,0
313324,0
313325,0
313326,0
313327,0
313328,1
313329,0
313330,0
313331,0
313332,0
313333,0
313334,0
313335,0
313336,0
313337,0
313338,0
313339,0
313340,0
313341,0
313342,0
313343,0
313344,0
313345,0
313346,0
313347,0
313348,0
313349,0
313350,0
313351,0
313352,0
313353,0
313354,1
313355,0
313356,0
313357,0
313358,0
313359,0
313360,0
313361,0
313362,1
313363,0
313364,0
313365,0
313366,0
313367,0
313368,0
313369,0
313370,0
313371,0
313372,0
313373,0
313374,0
313375,1
313376,0
313377,0
313378,1
313379,0
313380,1
313381,0
313382,0
313383,0
313384,0
313385,0
313386,0
313387,0
313388,0
313389,0
313391,1
313392,0
313393,0
313394,0
313395,0
313396,0
313397,0
313398,0
313399,1
313400,0
313401,0
313402,0
313403,0
313404,0
313405,0
313406,0
313407,0
313408,1
313409,0
313410,0
313411,0
313412,1
313413,0
313414,1
313415,0
313416,0
313417,0
313418,1
313419,0
313420,0
313421,0
313422,0
313423,0
313424,0
313425,0
313426,0
313427,0
313428,0
313429,0
313430,0
313431,0
313432,0
313433,0
313434,1
313435,0
313436,0
313437,0
313438,0
313439,0
313440,0
313441,0
313442,0
313443,0
313444,0
313445,1
313446,0
313447,0
313448,0
313449,0
313450,0
313451,0
313452,1
313453,0
313454,0
313455,0
313456,1
313457,0
313458,0
313459,0
313460,0
313461,0
313462,0
313463,0
313464,0
313465,0
313466,0
313467,0
313468,0
313469,0
313470,0
313471,0
313472,0
313473,0
313474,0
313475,0
313476,0
313477,0
313478,0
313479,0
313480,0
313481,1
313482,0
313483,0
313484,0
313485,1
313486,0
313487,0
313488,0
313489,0
313490,0
313491,0
313492,0
313493,0
313494,0
313495,0
313496,0
313497,0
313498,0
313499,0
313500,0
313501,0
313502,0
313503,0
313504,0
313505,0
313506,0
313507,0
313508,0
313509,0
313510,0
313511,0
313512,0
313513,0
313514,0
313515,0
313516,0
313517,0
313518,0
313519,0
313520,0
313521,1
313522,0
313523,0
313524,0
313525,0
313526,0
313527,0
313528,0
313530,0
313531,0
313532,0
313533,0
313534,0
313535,0
313536,1
313537,1
313538,0
313539,0
313540,1
313541,1
313542,0
313543,0
313544,0
313545,0
313546,0
313547,0
313548,0
313549,0
313550,0
313551,0
313552,0
313553,0
313554,0
313555,0
313556,0
313557,1
313558,0
313559,0
313560,0
313561,0
313562,0
313563,1
313564,0
313565,0
313566,0
313567,0
313568,0
313569,0
313570,0
313571,0
313572,0
313573,0
313574,1
313575,0
313576,0
313577,0
313578,0
313579,0
313580,0
313581,1
313582,0
313583,0
313585,0
313586,0
313587,0
313588,0
313590,0
313591,0
313592,0
313593,0
313594,0
313595,0
313596,0
313597,0
313598,0
313599,0
313600,0
313601,0
313602,0
313603,0
313604,0
313605,1
313606,0
313607,0
313608,0
313609,0
313610,1
313611,1
313612,0
313613,1
313614,0
313615,1
313616,0
313617,0
313618,0
313620,0
313621,0
313622,1
313624,0
313625,0
313626,0
313627,0
313628,0
313629,0
313630,0
313631,0
313632,0
313633,0
313634,1
313635,0
313636,0
313637,0
313638,0
313639,0
313640,0
313641,0
313642,0
313643,0
313644,0
313645,1
313646,0
313647,0
313648,1
313649,0
313650,1
313651,0
313652,0
313653,0
313654,1
313655,0
313656,0
313657,0
313658,0
313659,0
313660,0
313661,0
313662,0
313663,0
313664,0
313665,0
313666,0
313667,0
313668,0
313669,0
313670,0
313671,0
313672,0
313673,0
313674,0
313675,1
313676,0
313677,0
313678,0
313679,0
313680,0
313681,0
313682,0
313683,1
313684,0
313685,0
313686,0
313687,0
313688,0
313689,0
313690,0
313691,0
313692,0
313693,1
313694,0
313695,0
313696,0
313697,1
313698,0
313699,0
313700,0
313701,0
313702,0
313703,0
313704,0
313705,0
313706,1
313707,0
313708,0
313709,0
313710,0
313711,0
313712,0
313713,0
313714,0
313715,0
313716,0
313717,0
313718,0
313719,0
313720,0
313721,0
313722,0
313723,0
313724,0
313725,0
313726,0
313727,0
313728,0
313729,0
313730,0
313731,0
313732,0
313733,0
313734,0
313735,0
313736,0
313737,0
313738,0
313739,0
313740,0
313741,1
313742,0
313743,0
313744,0
313745,0
313746,0
313747,0
313748,0
313749,0
313750,0
313751,0
313752,0
313753,0
313754,0
313755,0
313756,1
313757,0
313758,0
313759,0
313760,0
313761,0
313762,0
313763,0
313764,0
313765,0
313766,0
313767,0
313768,0
313769,0
313770,0
313771,0
313772,1
313773,0
313774,0
313775,0
313776,0
313777,0
313778,0
313779,0
313780,1
313781,0
313782,0
313783,0
313784,0
313785,1
313786,0
313787,0
313788,1
313789,0
313790,1
313791,0
313792,0
313793,0
313794,0
313795,0
313796,0
313797,0
313798,0
313799,0
313800,1
313801,0
313802,0
313803,0
313804,0
313805,0
313806,0
313807,0
313808,1
313809,0
313810,0
313811,0
313812,0
313813,0
313814,0
313815,0
313816,0
313817,0
313818,0
313819,0
313820,0
313821,1
313822,0
313823,0
313824,0
313825,0
313826,0
313827,0
313828,0
313829,1
313830,1
313831,0
313832,0
313833,0
313834,0
313835,0
313836,0
313837,1
313838,0
313839,0
313840,0
313841,0
313842,0
313843,0
313844,0
313845,0
313846,0
313847,0
313848,0
313849,0
313850,0
313851,0
313852,0
313853,0
313854,0
313855,0
313856,0
313857,0
313858,1
313859,0
313860,0
313861,0
313862,0
313863,0
313864,1
313865,0
313866,0
313867,0
313868,0
313869,0
313870,0
313871,0
313872,0
313873,1
313874,0
313875,0
313876,0
313877,0
313879,0
313880,0
313881,0
313882,0
313883,0
313884,0
313885,0
313886,1
313887,0
313888,0
313889,0
313890,0
313891,0
313892,0
313893,1
313894,0
313896,0
313897,1
313898,0
313899,0
313900,0
313901,0
313902,0
313903,0
313904,0
313905,0
313906,0
313907,0
313908,0
313909,0
313910,1
313911,0
313912,0
313913,0
313914,0
313915,0
313916,1
313917,0
313918,0
313919,0
313920,0
313921,0
313922,1
313923,0
313924,1
313925,0
313926,0
313927,0
313928,0
313929,0
313930,0
313931,0
313932,0
313933,0
313934,0
313935,0
313936,0
313937,0
313938,0
313940,0
313941,0
313942,1
313943,0
313944,0
313945,0
313946,0
313947,0
313948,0
313949,0
313950,0
313951,0
313952,0
313953,0
313954,0
313955,0
313956,0
313957,0
313958,0
313959,0
313960,0
313961,0
313962,0
313963,0
313964,0
313965,0
313966,0
313967,0
313968,0
313969,0
313970,0
313971,0
313972,0
313973,0
313974,0
313975,0
313976,1
313977,0
313978,0
313979,1
313980,0
313981,0
313982,0
313983,0
313984,0
313985,0
313986,0
313987,0
313988,0
313989,0
313990,0
313992,0
313993,0
313994,0
313995,0
313996,0
313997,1
313998,1
313999,0
314000,0
314001,0
314002,0
314003,0
314004,0
314005,0
314006,0
314007,0
314008,0
314009,0
314010,0
314011,0
314012,1
314013,0
314014,0
314015,0
314016,1
314017,0
314018,0
314019,0
314020,0
314021,0
314022,0
314023,0
314024,1
314025,0
314026,0
314027,0
314028,0
314029,0
314030,1
314031,1
314032,0
314033,0
314034,1
314035,0
314036,1
314037,0
314038,0
314039,0
314040,1
314041,0
314042,0
314043,0
314044,0
314045,0
314046,1
314047,0
314048,0
314049,0
314050,0
314051,0
314052,0
314053,0
314054,0
314055,0
314056,0
314057,0
314058,0
314059,0
314060,0
314061,0
314062,0
314063,0
314064,0
314065,0
314066,0
314067,0
314068,0
314069,0
314070,0
314071,0
314072,0
314073,0
314074,0
314075,0
314076,0
314077,0
314078,1
314079,0
314080,0
314081,0
314082,0
314083,0
314084,0
314085,0
314086,0
314087,0
314088,0
314089,0
314090,0
314091,0
314092,0
314093,0
314094,0
314095,1
314096,1
314097,0
314098,0
314099,0
314100,1
314101,0
314102,0
314103,0
314104,1
314105,0
314106,0
314107,1
314108,0
314109,0
314110,0
314111,0
314112,0
314113,1
314114,0
314116,1
314117,0
314118,0
314119,0
314120,0
314121,0
314122,0
314123,0
314124,0
314125,0
314126,0
314127,0
314128,0
314129,1
314130,0
314131,0
314132,0
314133,0
314134,0
314135,0
314136,0
314137,0
314138,0
314139,0
314140,0
314141,0
314142,0
314143,0
314145,0
314146,0
314147,0
314149,1
314150,0
314151,0
314152,0
314153,0
314154,0
314155,0
314156,0
314157,0
314158,0
314159,0
314160,1
314161,0
314162,1
314163,0
314164,0
314165,0
314166,0
314167,0
314168,0
314169,0
314170,0
314171,0
314172,0
314173,0
314174,1
314175,0
314176,0
314177,1
314178,0
314179,1
314180,0
314181,0
314182,0
314183,1
314184,1
314185,0
314186,0
314187,0
314188,0
314189,0
314190,0
314191,0
314192,0
314193,0
314194,0
314195,0
314196,0
314197,0
314198,0
314199,1
314200,0
314201,0
314202,0
314203,0
314204,0
314205,0
314206,0
314207,1
314208,0
314209,0
314210,0
314211,0
314212,0
314213,1
314214,1
314215,0
314216,0
314217,0
314218,0
314219,0
314220,0
314221,0
314222,0
314223,0
314224,0
314225,0
314226,0
314227,0
314228,0
314229,0
314230,0
314231,0
314232,0
314233,0
314234,0
314235,0
314236,0
314237,0
314238,0
314239,0
314240,0
314241,0
314242,1
314243,0
314244,0
314245,0
314246,0
314247,0
314248,0
314249,0
314250,0
314251,0
314252,1
314253,0
314254,0
314255,0
314256,0
314257,0
314258,0
314259,0
314260,0
314261,0
314262,1
314263,0
314264,0
314265,0
314266,0
314267,0
314268,0
314269,0
314270,0
314271,0
314272,0
314273,0
314274,1
314275,0
314276,0
314277,0
314278,0
314279,0
314280,1
314281,0
314282,0
314283,0
314284,0
314285,0
314286,0
314287,0
314288,1
314289,0
314290,0
314291,0
314292,0
314293,0
314294,0
314295,1
314296,0
314297,0
314298,0
314299,0
314300,0
314301,1
314302,0
314303,1
314304,0
314305,0
314306,1
314307,0
314308,0
314309,0
314310,0
314311,0
314312,0
314313,0
314314,0
314315,0
314316,0
314317,0
314318,0
314319,0
314320,0
314321,0
314322,0
314323,0
314324,0
314325,0
314326,0
314327,1
314328,1
314329,0
314330,0
314332,0
314333,0
314334,0
314335,0
314336,0
314337,0
314338,0
314340,0
314341,1
314342,0
314343,0
314344,0
314345,0
314347,0
314348,0
314349,0
314350,1
314351,0
314352,1
314353,0
314354,0
314355,0
314356,0
314357,1
314358,0
314359,0
314360,0
314361,0
314362,0
314363,0
314364,1
314365,0
314366,0
314367,0
314368,0
314369,0
314370,0
314371,0
314372,0
314373,0
314374,1
314375,0
314376,0
314377,0
314378,0
314379,1
314380,0
314382,0
314383,0
314384,0
314385,0
314386,0
314387,0
314388,0
314389,0
314390,0
314391,0
314392,0
314393,0
314394,1
314395,0
314396,1
314397,1
314398,0
314399,0
314400,0
314401,1
314402,0
314403,0
314404,1
314405,0
314406,0
314407,0
314408,0
314409,0
314411,0
314412,0
314413,0
314414,0
314416,0
314417,0
314418,0
314419,0
314420,0
314421,0
314422,0
314423,0
314424,0
314425,0
314426,0
314427,0
314428,0
314429,0
314430,0
314431,1
314432,0
314433,0
314434,0
314435,0
314436,0
314437,0
314438,0
314439,0
314440,0
314441,0
314442,0
314443,0
314444,0
314445,0
314446,0
314447,0
314448,0
314449,0
314450,0
314451,0
314452,0
314453,0
314454,0
314455,0
314456,1
314457,0
314458,0
314459,0
314460,0
314461,0
314462,0
314463,0
314464,0
314465,0
314466,0
314467,0
314468,0
314469,0
314470,0
314471,0
314472,0
314473,0
314474,0
314475,0
314476,0
314477,0
314478,0
314479,0
314480,0
314481,0
314482,0
314483,0
314484,0
314485,0
314486,0
314487,0
314488,0
314489,0
314490,0
314491,1
314492,0
314493,0
314494,0
314495,1
314496,0
314497,0
314498,0
314499,0
314500,1
314501,0
314502,0
314503,0
314504,0
314505,0
314506,0
314507,0
314508,1
314509,0
314510,1
314511,0
314512,0
314513,0
314514,0
314515,0
314516,0
314517,0
314518,0
314519,0
314520,1
314521,0
314522,0
314523,0
314524,0
314525,0
314526,0
314527,0
314528,0
314529,0
314530,0
314531,1
314532,0
314533,0
314534,0
314535,0
314536,0
314537,0
314538,0
314539,0
314540,1
314541,0
314542,0
314543,0
314544,1
314545,0
314546,0
314547,0
314548,1
314549,0
314550,0
314551,0
314552,0
314553,0
314554,0
314555,0
314556,0
314557,0
314558,0
314559,0
314560,0
314561,0
314562,0
314563,0
314564,0
314565,1
314566,0
314567,0
314568,0
314569,0
314570,0
314571,1
314572,0
314573,0
314574,0
314575,0
314576,0
314577,0
314578,0
314579,0
314580,0
314581,0
314582,0
314584,0
314585,0
314586,0
314587,0
314588,0
314589,0
314590,0
314591,0
314592,0
314593,0
314594,0
314595,0
314596,0
314597,0
314598,0
314599,0
314600,0
314601,0
314602,0
314603,0
314604,0
314605,1
314606,0
314607,0
314608,0
314609,0
314610,0
314611,0
314612,0
314613,0
314614,0
314615,0
314616,0
314617,0
314618,0
314619,0
314620,0
314621,0
314622,0
314623,0
314624,0
314625,0
314626,0
314627,1
314628,0
314629,0
314630,0
314631,1
314632,0
314633,0
314634,0
314635,0
314636,0
314637,0
314638,0
314639,0
314640,0
314641,0
314642,0
314643,0
314644,0
314645,0
314646,0
314647,1
314648,0
314649,0
314650,0
314651,1
314652,0
314653,0
314654,0
314655,0
314656,0
314657,0
314658,0
314659,0
314660,1
314661,0
314662,1
314663,0
314664,0
314665,1
314666,0
314667,0
314668,0
314669,1
314670,1
314671,0
314672,0
314673,0
314674,0
314675,1
314676,0
314677,0
314678,1
314679,0
314680,0
314681,0
314682,0
314683,0
314684,0
314685,0
314686,0
314687,0
314688,0
314689,0
314690,0
314691,0
314692,0
314693,0
314694,0
314695,0
314696,0
314697,1
314698,1
314699,0
314700,0
314701,1
314702,0
314703,0
314704,0
314705,0
314706,0
314707,0
314708,0
314710,0
314711,0
314712,0
314713,0
314714,0
314715,0
314716,0
314717,0
314718,1
314719,0
314720,0
314721,1
314722,0
314723,0
314724,0
314725,0
314726,0
314727,0
314728,0
314729,0
314730,0
314731,0
314732,0
314733,0
314734,0
314735,0
314736,0
314738,0
314739,0
314740,0
314741,0
314742,0
314743,0
314744,0
314745,0
314746,0
314747,0
314748,0
314749,0
314750,0
314751,0
314752,0
314753,0
314755,0
314756,1
314757,0
314758,0
314759,0
314760,0
314761,0
314762,0
314763,1
314764,0
314765,0
314766,0
314767,0
314768,0
314769,1
314770,0
314772,0
314773,0
314774,1
314775,0
314776,0
314777,0
314778,0
314779,0
314780,0
314781,0
314782,1
314783,0
314784,0
314785,0
314786,0
314787,0
314788,1
314789,0
314790,0
314791,0
314792,0
314793,0
314794,0
314795,1
314796,0
314797,0
314798,0
314799,0
314800,0
314801,0
314802,0
314803,0
314804,0
314805,0
314806,0
314807,1
314808,0
314809,0
314810,0
314811,0
314812,0
314813,0
314814,0
314815,0
314816,0
314818,0
314819,0
314820,0
314821,1
314822,0
314823,0
314824,0
314825,0
314826,0
314827,0
314828,0
314829,0
314831,0
314832,0
314833,0
314834,0
314835,0
314836,0
314837,0
314838,0
314839,0
314840,0
314841,1
314842,0
314843,0
314844,0
314845,0
314846,0
314847,1
314848,1
314849,0
314850,0
314851,0
314852,0
314853,0
314854,0
314855,0
314856,0
314857,0
314858,0
314859,0
314860,0
314861,0
314862,0
314863,1
314864,0
314865,0
314866,0
314867,0
314868,0
314869,0
314870,0
314871,0
314872,0
314873,0
314874,0
314875,0
314876,0
314877,0
314878,0
314879,1
314880,1
314881,0
314882,1
314883,0
314884,0
314885,1
314886,0
314887,0
314888,0
314889,0
314890,0
314891,0
314892,0
314893,0
314894,0
314895,0
314896,0
314897,0
314898,0
314899,0
314900,0
314901,0
314902,0
314903,0
314904,0
314905,1
314906,0
314907,0
314908,0
314909,0
314910,0
314911,0
314912,0
314913,0
314914,1
314915,0
314916,0
314917,0
314918,0
314919,0
314920,0
314921,0
314922,0
314923,1
314924,0
314925,0
314926,0
314927,0
314928,0
314929,0
314930,1
314931,0
314932,0
314933,0
314934,0
314935,0
314936,0
314937,0
314938,1
314939,0
314940,0
314941,0
314942,0
314943,0
314944,0
314945,0
314946,0
314947,0
314948,0
314949,0
314950,0
314951,0
314952,0
314953,0
314954,0
314955,0
314956,0
314957,0
314958,0
314959,0
314960,0
314961,1
314962,0
314963,0
314964,0
314965,0
314966,1
314967,0
314968,1
314969,0
314970,0
314971,0
314972,0
314973,0
314974,0
314975,0
314976,0
314977,0
314978,0
314979,0
314980,0
314981,1
314982,0
314983,0
314984,0
314985,0
314986,0
314987,0
314988,0
314989,0
314990,0
314991,0
314992,1
314993,0
314994,1
314995,0
314996,0
314997,0
314998,0
314999,0
315000,0
315001,0
315002,0
315003,0
315004,1
315005,0
315006,0
315007,0
315008,0
315009,0
315010,1
315011,0
315012,0
315013,1
315014,0
315015,1
315016,0
315017,0
315018,0
315019,0
315020,1
315021,0
315022,0
315023,0
315024,0
315025,1
315026,0
315027,1
315028,1
315029,0
315030,0
315031,0
315032,0
315033,0
315034,0
315035,0
315036,1
315037,1
315038,0
315039,0
315040,0
315041,0
315042,0
315043,0
315044,0
315045,0
315046,0
315047,0
315048,0
315049,0
315050,0
315051,0
315052,0
315053,0
315054,0
315055,0
315056,0
315057,0
315058,0
315059,0
315060,0
315061,0
315062,0
315063,0
315064,0
315065,0
315066,0
315067,0
315068,0
315069,0
315070,0
315071,1
315072,0
315073,0
315074,0
315075,0
315076,0
315077,0
315078,0
315079,0
315080,0
315081,1
315082,0
315083,0
315084,0
315085,0
315086,0
315087,0
315088,0
315089,0
315091,0
315092,1
315093,0
315094,0
315095,0
315096,0
315097,0
315098,0
315099,0
315100,0
315101,0
315102,0
315103,0
315104,0
315105,0
315106,0
315107,0
315108,0
315109,0
315110,0
315111,0
315112,1
315113,0
315114,0
315115,0
315116,0
315117,0
315118,0
315119,0
315120,0
315121,0
315122,0
315123,0
315124,1
315125,0
315126,1
315127,0
315128,0
315129,0
315130,0
315132,0
315133,0
315134,0
315135,0
315136,0
315137,0
315138,0
315139,1
315140,0
315141,0
315142,1
315143,1
315144,1
315145,0
315146,0
315147,0
315148,0
315149,0
315150,0
315151,0
315152,0
315153,0
315154,0
315155,0
315156,0
315157,0
315158,0
315159,0
315160,0
315161,0
315162,0
315163,0
315164,0
315165,0
315166,0
315167,0
315168,0
315169,0
315170,0
315171,0
315172,0
315173,0
315174,0
315175,0
315176,0
315177,0
315178,0
315179,0
315180,0
315181,0
315182,1
315183,0
315184,0
315185,0
315187,0
315188,0
315189,0
315190,0
315191,0
315192,0
315193,0
315194,0
315195,0
315196,0
315197,0
315198,0
315199,0
315200,1
315201,1
315202,0
315203,0
315204,0
315205,1
315206,0
315207,0
315208,0
315209,0
315210,0
315211,0
315212,0
315213,0
315214,0
315215,0
315216,0
315217,0
315218,0
315219,0
315220,0
315221,0
315222,0
315223,0
315224,0
315225,0
315226,0
315227,0
315228,0
315229,1
315230,0
315231,0
315232,0
315233,0
315234,0
315235,0
315236,0
315237,0
315238,0
315239,0
315240,0
315241,0
315242,0
315243,0
315244,0
315245,0
315246,0
315247,1
315248,1
315249,0
315250,0
315251,0
315252,1
315253,0
315254,0
315255,0
315256,0
315257,0
315258,0
315259,0
315260,1
315261,1
315262,1
315263,0
315264,0
315265,0
315266,0
315267,0
315268,0
315269,0
315270,0
315271,0
315272,0
315273,0
315274,0
315275,0
315276,0
315277,0
315278,0
315279,0
315280,0
315281,0
315282,1
315283,0
315284,0
315285,0
315286,0
315287,0
315288,0
315289,1
315290,0
315291,0
315292,0
315293,0
315294,0
315295,0
315296,1
315298,0
315299,0
315300,0
315301,0
315302,0
315303,0
315304,0
315305,1
315306,0
315307,0
315308,0
315309,0
315310,0
315311,0
315312,0
315313,0
315314,1
315315,0
315316,0
315317,0
315318,0
315319,0
315320,0
315321,0
315322,0
315323,0
315324,1
315325,0
315326,0
315327,1
315328,0
315329,0
315330,0
315331,0
315332,0
315333,0
315334,0
315335,0
315336,0
315337,0
315338,0
315339,0
315340,0
315341,0
315342,0
315343,0
315344,0
315345,0
315346,0
315347,0
315348,1
315349,0
315350,0
315351,0
315352,0
315353,0
315354,0
315355,0
315356,1
315357,0
315358,0
315359,0
315360,0
315361,0
315362,0
315363,0
315364,0
315366,0
315367,0
315368,0
315369,0
315370,0
315371,0
315372,0
315373,0
315374,0
315375,0
315376,0
315377,0
315378,0
315379,0
315380,0
315381,0
315382,1
315383,0
315384,0
315385,0
315386,0
315387,0
315388,0
315389,0
315390,0
315392,0
315394,0
315395,0
315396,0
315397,0
315398,0
315399,0
315400,0
315401,0
315402,0
315403,0
315404,0
315405,1
315406,0
315407,0
315408,0
315409,0
315410,0
315411,0
315412,0
315413,0
315414,0
315415,0
315416,0
315417,0
315418,0
315419,0
315420,0
315421,1
315422,0
315423,0
315424,1
315425,1
315426,0
315427,0
315428,0
315429,1
315430,0
315431,1
315432,0
315433,1
315434,0
315435,0
315436,0
315437,0
315438,0
315439,0
315440,0
315441,0
315442,0
315443,0
315444,0
315445,0
315446,0
315447,0
315448,0
315449,0
315450,0
315451,0
315452,0
315453,0
315454,0
315455,0
315456,0
315457,0
315458,0
315459,0
315460,0
315461,0
315462,0
315463,0
315464,0
315465,0
315466,0
315467,0
315468,0
315469,0
315470,0
315471,0
315472,0
315473,0
315474,0
315475,0
315476,0
315477,0
315478,0
315479,0
315480,0
315481,0
315482,0
315483,0
315484,0
315485,0
315486,0
315487,0
315488,0
315489,0
315490,0
315491,1
315492,0
315493,0
315494,0
315495,0
315496,0
315497,0
315498,1
315499,0
315500,0
315501,0
315502,0
315503,1
315504,0
315505,0
315506,0
315507,0
315508,0
315509,1
315510,0
315511,0
315512,0
315513,1
315514,0
315515,0
315516,0
315517,0
315518,0
315519,0
315520,1
315521,0
315522,0
315523,0
315524,0
315525,0
315526,0
315527,0
315528,0
315529,0
315530,0
315531,0
315532,0
315533,0
315534,0
315535,0
315536,0
315537,0
315538,0
315539,0
315540,0
315541,1
315542,0
315543,0
315544,0
315545,0
315546,0
315547,0
315548,0
315549,0
315550,0
315551,1
315552,0
315553,0
315554,0
315555,0
315556,0
315557,0
315558,0
315559,0
315560,0
315561,0
315562,0
315563,0
315564,0
315565,0
315566,0
315567,0
315568,0
315569,0
315570,0
315571,1
315572,0
315573,0
315574,0
315575,0
315576,0
315577,0
315578,0
315579,0
315580,0
315581,1
315582,1
315583,0
315584,0
315585,0
315586,0
315587,0
315588,0
315589,0
315590,0
315591,0
315592,0
315593,1
315594,0
315595,0
315596,0
315597,0
315598,0
315599,0
315600,0
315601,0
315602,1
315603,1
315604,0
315605,0
315606,0
315607,0
315608,0
315609,0
315610,0
315611,0
315612,0
315613,0
315614,0
315615,0
315616,0
315617,0
315618,0
315619,0
315620,0
315621,0
315622,0
315623,0
315624,1
315625,0
315626,0
315627,0
315628,0
315629,0
315630,0
315631,0
315632,0
315633,0
315634,0
315635,1
315636,0
315637,0
315638,0
315639,0
315640,0
315641,0
315642,1
315643,0
315644,0
315645,0
315646,1
315647,0
315648,0
315649,0
315650,0
315651,0
315652,0
315653,0
315654,0
315655,0
315656,0
315657,0
315658,0
315659,0
315660,0
315661,0
315662,0
315663,0
315664,0
315665,0
315666,0
315667,0
315668,0
315669,0
315670,0
315671,0
315672,0
315673,0
315675,0
315676,0
315677,0
315678,1
315679,0
315680,1
315681,0
315682,0
315683,0
315684,0
315685,0
315686,0
315687,0
315688,0
315689,0
315690,0
315691,0
315692,1
315693,0
315694,0
315695,0
315696,0
315697,0
315698,0
315699,0
315700,0
315701,0
315702,0
315703,0
315704,0
315705,0
315706,0
315707,0
315708,0
315709,1
315710,0
315711,0
315712,0
315713,0
315714,0
315715,0
315716,0
315717,1
315718,0
315719,0
315720,0
315721,0
315722,0
315723,0
315724,0
315726,0
315727,0
315728,0
315729,0
315730,0
315731,0
315732,0
315733,0
315734,0
315735,0
315736,0
315737,0
315738,0
315739,0
315740,0
315741,1
315742,0
315743,0
315744,1
315745,0
315746,0
315747,0
315748,1
315749,0
315750,0
315751,0
315752,0
315753,0
315754,0
315755,0
315756,0
315757,1
315758,0
315759,0
315760,0
315761,0
315762,0
315763,0
315764,0
315765,0
315766,0
315767,1
315768,0
315769,0
315770,0
315771,1
315772,0
315773,0
315774,0
315775,0
315776,0
315777,0
315778,0
315779,0
315780,0
315781,0
315782,0
315783,0
315784,0
315785,0
315786,0
315787,0
315788,0
315790,0
315791,0
315792,0
315793,0
315794,0
315795,0
315796,1
315797,0
315798,0
315799,0
315800,0
315801,0
315802,0
315804,0
315805,0
315806,1
315807,0
315808,0
315809,0
315810,0
315811,0
315812,0
315814,0
315815,1
315816,0
315817,0
315818,0
315819,0
315820,0
315821,0
315822,1
315823,0
315824,0
315825,0
315826,0
315827,0
315828,0
315829,0
315830,1
315831,0
315832,0
315833,0
315834,0
315835,1
315836,1
315837,0
315838,0
315839,0
315840,0
315841,0
315842,0
315843,0
315844,0
315845,0
315846,0
315847,0
315848,0
315849,0
315850,0
315851,0
315852,0
315853,0
315854,0
315855,0
315856,0
315857,0
315858,0
315859,0
315860,0
315861,0
315862,0
315863,0
315864,0
315865,0
315866,0
315867,0
315868,0
315869,0
315870,0
315871,0
315872,0
315873,0
315874,0
315875,0
315876,0
315877,0
315878,0
315879,0
315880,0
315881,0
315882,0
315883,0
315884,0
315885,0
315887,0
315888,0
315889,0
315890,0
315891,0
315892,0
315893,1
315894,0
315895,0
315896,0
315897,0
315898,0
315899,0
315900,0
315901,0
315902,0
315903,0
315904,0
315905,0
315906,0
315907,0
315908,0
315909,0
315910,0
315911,0
315912,1
315913,1
315914,0
315915,0
315916,0
315918,0
315919,0
315920,0
315921,0
315922,0
315923,0
315924,0
315925,0
315926,0
315927,1
315928,0
315929,0
315930,0
315931,0
315932,0
315933,0
315934,0
315935,0
315936,1
315937,0
315938,0
315939,0
315940,0
315941,0
315942,0
315943,0
315944,0
315945,0
315946,0
315947,1
315948,0
315949,0
315950,0
315951,0
315952,0
315953,0
315954,1
315955,0
315956,0
315957,0
315958,0
315959,0
315960,0
315961,1
315962,0
315963,1
315965,0
315966,0
315967,0
315968,0
315969,0
315970,0
315971,0
315972,0
315973,0
315974,0
315975,0
315976,0
315977,0
315978,0
315980,0
315981,0
315982,0
315983,0
315984,0
315985,0
315986,0
315987,0
315988,0
315989,0
315990,0
315991,0
315992,0
315993,0
315994,0
315995,0
315996,0
315997,0
315998,0
315999,0
316000,0
316001,0
316002,0
316003,0
316004,0
316005,0
316006,0
316008,0
316009,0
316010,0
316011,0
316012,0
316013,0
316014,0
316015,0
316016,1
316017,0
316018,0
316019,0
316020,0
316021,1
316022,0
316023,0
316024,0
316025,0
316026,0
316027,0
316028,0
316029,1
316030,0
316031,0
316032,0
316033,0
316034,1
316036,0
316037,0
316038,0
316039,0
316040,0
316041,0
316042,1
316043,0
316044,0
316045,0
316046,0
316047,0
316048,0
316049,0
316050,0
316051,0
316052,0
316053,0
316054,0
316055,1
316056,0
316057,1
316058,0
316059,0
316060,0
316061,0
316062,0
316063,0
316064,0
316065,0
316066,1
316067,0
316068,0
316069,0
316070,0
316071,0
316072,1
316073,0
316074,0
316075,0
316076,0
316077,0
316078,0
316079,0
316080,0
316081,0
316082,1
316083,1
316084,0
316085,1
316086,0
316087,0
316088,0
316089,0
316090,0
316091,0
316092,0
316093,0
316096,0
316097,0
316098,0
316099,0
316100,0
316101,1
316102,1
316103,0
316104,0
316105,0
316106,1
316107,0
316108,0
316109,0
316110,1
316111,0
316112,0
316113,0
316114,1
316115,0
316116,0
316117,0
316118,0
316119,0
316120,0
316121,0
316122,0
316123,1
316124,0
316125,0
316126,1
316127,0
316128,0
316129,0
316130,0
316131,0
316132,1
316133,0
316134,0
316135,0
316136,0
316137,0
316138,0
316139,0
316140,0
316141,0
316142,0
316143,0
316144,0
316145,1
316146,0
316147,0
316149,0
316150,0
316151,0
316152,1
316153,0
316154,0
316155,0
316156,0
316157,0
316158,0
316159,0
316160,0
316161,0
316162,0
316163,0
316164,0
316165,0
316166,0
316167,0
316169,0
316170,0
316171,0
316172,0
316173,0
316174,0
316175,0
316176,0
316177,1
316178,0
316179,0
316180,0
316181,0
316182,0
316183,0
316184,0
316185,0
316186,0
316187,0
316188,0
316189,0
316190,0
316191,0
316192,0
316193,0
316194,1
316195,0
316196,0
316197,1
316198,1
316199,0
316200,0
316201,0
316202,0
316203,0
316204,1
316205,0
316206,0
316207,0
316208,0
316209,0
316210,0
316211,0
316212,0
316213,0
316214,0
316215,0
316216,0
316217,0
316218,0
316219,0
316220,0
316221,0
316222,0
316223,0
316224,1
316225,0
316226,0
316227,0
316228,0
316229,0
316230,0
316231,0
316232,0
316233,0
316234,0
316235,0
316236,0
316237,0
316238,0
316239,0
316240,0
316241,0
316242,0
316243,0
316244,0
316245,0
316246,0
316248,0
316249,0
316250,1
316251,0
316252,0
316253,0
316254,0
316255,0
316257,0
316258,0
316259,0
316260,0
316261,1
316262,0
316263,0
316264,0
316265,0
316266,0
316267,0
316268,0
316269,0
316270,0
316271,0
316272,1
316273,0
316274,1
316275,0
316276,0
316277,1
316278,0
316279,1
316280,0
316282,0
316283,0
316284,0
316285,0
316286,0
316287,0
316288,1
316289,0
316290,0
316291,0
316292,0
316293,1
316294,0
316295,1
316296,0
316297,0
316298,0
316299,0
316300,0
316301,0
316302,0
316303,1
316304,0
316305,0
316306,0
316307,0
316308,0
316309,0
316310,0
316311,1
316312,0
316313,0
316314,0
316315,0
316316,0
316317,0
316318,0
316319,0
316320,0
316321,1
316322,0
316323,0
316324,0
316325,1
316326,0
316327,0
316328,0
316329,0
316330,1
316331,0
316332,0
316333,0
316334,0
316335,0
316336,0
316337,0
316338,0
316339,0
316340,0
316341,0
316342,0
316343,0
316344,0
316345,1
316346,1
316347,0
316348,1
316349,0
316350,0
316351,0
316353,0
316354,1
316355,0
316356,0
316357,0
316358,0
316359,0
316360,0
316361,1
316362,0
316363,0
316364,0
316365,0
316366,0
316367,1
316368,1
316369,0
316370,0
316371,0
316372,1
316373,0
316374,1
316375,0
316376,0
316377,0
316378,0
316379,0
316380,0
316381,0
316382,0
316383,1
316384,1
316385,0
316386,0
316387,0
316388,0
316389,1
316390,0
316391,0
316392,0
316393,0
316395,0
316396,0
316397,0
316398,0
316399,2
316400,0
316401,0
316402,0
316403,0
316404,0
316405,0
316406,0
316407,0
316408,1
316409,0
316410,0
316411,0
316412,0
316413,0
316414,0
316415,0
316416,0
316417,0
316418,0
316419,0
316420,0
316421,0
316422,0
316423,1
316424,0
316425,1
316426,0
316427,0
316428,1
316429,0
316430,0
316431,0
316432,0
316433,0
316434,0
316435,0
316436,0
316437,0
316438,0
316439,0
316440,0
316441,0
316442,0
316443,0
316444,0
316445,1
316446,0
316447,0
316448,0
316449,0
316450,0
316451,0
316452,0
316453,0
316454,0
316455,0
316456,0
316457,0
316458,0
316459,0
316460,0
316461,1
316462,0
316463,0
316464,0
316465,0
316466,1
316467,0
316468,0
316469,0
316470,0
316471,0
316472,0
316473,0
316474,1
316475,0
316476,0
316477,0
316478,0
316479,0
316480,1
316481,0
316482,1
316483,0
316484,0
316485,0
316486,0
316487,0
316488,0
316489,0
316490,0
316491,1
316492,0
316493,0
316494,0
316495,0
316496,1
316497,0
316498,0
316499,0
316500,0
316501,0
316502,0
316503,1
316504,0
316505,0
316506,0
316507,0
316508,0
316509,0
316510,0
316511,1
316512,0
316513,0
316514,0
316515,0
316516,1
316517,1
316518,0
316519,1
316520,0
316521,0
316522,0
316523,0
316524,0
316525,0
316526,0
316527,0
316528,0
316529,0
316530,0
316531,0
316532,0
316533,1
316534,0
316535,0
316536,1
316537,0
316538,0
316539,0
316540,0
316541,0
316542,0
316543,0
316544,1
316545,0
316546,0
316547,0
316548,0
316549,0
316550,0
316551,0
316552,0
316553,0
316554,1
316555,0
316556,0
316557,0
316558,0
316559,0
316560,0
316561,0
316562,0
316563,0
316564,0
316565,0
316566,0
316567,0
316568,0
316569,0
316570,1
316571,1
316572,0
316573,0
316574,0
316575,0
316576,0
316577,1
316578,0
316579,0
316580,1
316581,0
316582,1
316583,0
316584,0
316585,1
316586,0
316587,0
316588,0
316589,0
316590,0
316591,0
316592,0
316593,0
316594,1
316595,0
316596,0
316597,0
316598,0
316599,0
316600,0
316601,0
316602,1
316603,0
316604,0
316605,0
316606,0
316607,0
316608,0
316609,0
316610,0
316611,1
316612,0
316613,0
316614,1
316615,0
316616,0
316617,0
316618,0
316619,0
316620,0
316621,0
316622,0
316623,0
316624,0
316625,0
316626,0
316627,0
316628,0
316629,0
316630,1
316631,0
316632,0
316633,0
316634,0
316635,0
316636,0
316637,0
316638,0
316639,0
316640,0
316641,0
316642,0
316643,0
316644,0
316645,0
316646,1
316647,0
316648,0
316649,0
316650,0
316651,1
316652,0
316653,0
316654,0
316656,0
316657,0
316658,1
316659,0
316660,0
316661,1
316662,0
316663,0
316664,0
316665,1
316666,0
316667,0
316668,0
316669,0
316670,0
316671,0
316672,0
316673,0
316674,0
316675,0
316676,0
316677,0
316678,0
316679,0
316680,0
316681,0
316682,0
316683,0
316684,0
316685,0
316686,0
316687,0
316688,0
316689,0
316690,1
316691,0
316692,0
316693,0
316694,0
316695,0
316696,0
316697,0
316698,0
316699,0
316700,0
316701,0
316702,0
316703,1
316704,0
316705,0
316706,0
316707,0
316708,0
316709,0
316710,0
316711,1
316712,0
316713,1
316714,0
316715,0
316716,0
316717,0
316718,0
316719,0
316720,0
316721,0
316722,0
316723,0
316724,0
316725,0
316726,0
316727,0
316728,0
316729,0
316730,0
316731,1
316732,1
316733,0
316734,0
316736,0
316737,0
316738,0
316739,1
316740,0
316741,0
316742,1
316743,0
316744,0
316745,1
316746,0
316747,0
316748,0
316749,0
316750,0
316751,0
316752,0
316753,0
316754,0
316755,0
316756,0
316757,0
316758,1
316759,0
316760,0
316761,0
316762,0
316763,0
316764,0
316765,0
316766,0
316768,0
316769,0
316770,0
316771,1
316772,0
316773,0
316774,0
316775,0
316776,0
316777,1
316778,0
316779,0
316780,0
316781,0
316782,0
316783,1
316784,0
316785,0
316786,0
316787,0
316788,0
316789,0
316790,0
316791,0
316792,0
316793,0
316794,0
316795,0
316796,0
316797,0
316798,0
316799,0
316800,0
316801,0
316802,0
316803,0
316804,1
316805,1
316806,0
316807,0
316808,0
316809,0
316810,0
316811,0
316812,0
316813,0
316814,0
316815,0
316816,0
316817,0
316818,0
316819,0
316820,0
316821,0
316822,0
316823,0
316824,1
316825,0
316826,0
316827,1
316828,0
316829,0
316830,0
316831,0
316832,0
316833,0
316834,0
316835,0
316836,0
316837,0
316838,1
316839,0
316840,1
316841,0
316842,0
316843,0
316844,0
316845,0
316846,0
316847,0
316848,0
316849,0
316850,1
316851,0
316852,0
316853,1
316854,0
316855,0
316856,0
316857,0
316858,0
316859,0
316860,0
316861,0
316862,1
316863,0
316864,1
316865,0
316866,0
316867,0
316868,0
316869,0
316870,0
316871,1
316872,0
316873,0
316874,0
316875,0
316876,1
316877,0
316878,0
316879,0
316880,0
316881,1
316882,0
316883,1
316884,0
316885,0
316886,1
316887,0
316888,0
316889,0
316890,0
316891,0
316892,0
316893,0
316894,0
316895,0
316896,0
316897,0
316898,1
316899,0
316900,0
316901,0
316902,0
316903,0
316904,0
316905,0
316906,0
316907,0
316908,0
316909,0
316910,0
316911,1
316912,0
316913,0
316914,1
316915,0
316916,0
316917,0
316918,0
316919,0
316920,0
316921,0
316922,0
316923,0
316924,0
316925,0
316926,0
316927,0
316928,0
316929,0
316930,0
316931,0
316932,0
316933,0
316934,0
316935,0
316936,0
316937,0
316938,0
316939,0
316940,0
316941,0
316942,0
316943,1
316944,0
316945,0
316946,1
316947,1
316948,0
316949,0
316950,0
316951,0
316952,0
316953,0
316954,0
316955,0
316956,0
316957,0
316958,0
316959,0
316960,0
316961,0
316962,0
316963,0
316965,0
316966,0
316967,0
316968,0
316969,0
316970,0
316971,0
316972,0
316973,1
316974,0
316975,0
316976,0
316977,0
316978,0
316979,0
316980,0
316981,0
316982,0
316983,0
316984,0
316985,0
316986,1
316987,0
316988,0
316989,0
316990,0
316991,1
316992,0
316993,0
316994,0
316995,0
316996,0
316997,0
316998,1
316999,0
317000,0
317001,1
317002,0
317004,0
317005,0
317006,0
317007,0
317008,0
317009,0
317010,0
317011,0
317012,0
317013,0
317014,0
317015,0
317016,1
317017,0
317018,0
317019,0
317020,0
317021,0
317022,0
317023,1
317024,0
317025,0
317026,0
317027,0
317028,0
317029,0
317030,0
317031,0
317032,0
317033,0
317034,0
317035,0
317036,0
317037,0
317038,0
317039,0
317040,0
317041,0
317042,0
317043,0
317044,0
317045,0
317046,0
317047,0
317048,0
317050,0
317051,0
317052,0
317053,0
317054,0
317055,0
317056,0
317057,0
317058,0
317059,0
317060,0
317061,0
317062,0
317063,1
317064,0
317065,0
317066,1
317067,0
317068,0
317069,1
317070,0
317071,0
317072,1
317073,0
317074,0
317075,0
317076,0
317077,0
317078,0
317079,0
317080,0
317081,0
317082,0
317083,0
317084,0
317085,0
317086,0
317087,1
317088,0
317089,0
317090,1
317091,0
317092,0
317093,0
317094,0
317095,0
317096,0
317097,0
317098,0
317099,0
317100,0
317101,0
317102,0
317103,0
317104,0
317105,0
317106,1
317107,0
317108,0
317109,0
317110,1
317111,0
317112,0
317113,0
317114,0
317115,0
317116,0
317117,0
317118,0
317119,0
317120,0
317121,0
317122,0
317123,0
317124,0
317125,0
317126,0
317127,0
317128,0
317129,0
317130,0
317131,0
317132,0
317133,0
317134,1
317135,0
317136,1
317137,0
317138,0
317139,0
317140,1
317141,0
317142,0
317143,1
317144,0
317145,0
317146,0
317147,0
317148,0
317149,0
317150,0
317151,0
317152,0
317153,0
317154,0
317155,0
317156,0
317157,0
317158,0
317159,0
317160,0
317161,0
317162,0
317163,0
317164,0
317165,1
317166,0
317167,0
317168,0
317169,0
317170,0
317171,0
317172,1
317173,1
317174,0
317175,0
317176,0
317177,0
317179,0
317180,0
317181,0
317182,0
317183,0
317184,0
317185,0
317186,0
317187,0
317188,0
317189,0
317190,0
317191,0
317192,0
317193,0
317194,0
317195,0
317196,0
317197,0
317198,0
317199,0
317200,0
317201,0
317202,0
317203,0
317204,0
317205,0
317206,0
317207,0
317208,0
317209,0
317210,0
317211,0
317212,0
317213,0
317214,0
317215,0
317216,0
317217,0
317218,0
317219,0
317220,0
317221,1
317222,0
317223,0
317224,0
317225,0
317226,0
317227,0
317228,0
317229,0
317230,0
317231,0
317232,0
317233,0
317234,1
317235,1
317236,0
317237,0
317238,0
317239,0
317240,0
317241,0
317242,0
317243,0
317244,0
317245,0
317246,0
317247,0
317248,0
317249,0
317250,0
317251,0
317252,0
317253,0
317254,0
317255,0
317256,0
317257,0
317258,0
317259,0
317260,0
317261,1
317262,1
317263,0
317264,0
317265,0
317266,0
317267,0
317268,0
317269,0
317270,0
317271,0
317272,0
317273,0
317274,0
317275,0
317276,0
317277,1
317278,0
317279,0
317280,0
317281,0
317282,0
317283,0
317284,1
317285,0
317286,0
317287,0
317288,0
317289,0
317290,0
317291,0
317292,0
317293,1
317294,0
317295,0
317296,0
317298,0
317299,0
317300,0
317301,0
317303,0
317304,0
317305,0
317306,0
317307,0
317308,0
317309,0
317310,0
317311,0
317312,1
317313,0
317314,0
317315,0
317316,0
317317,0
317318,0
317319,0
317320,0
317321,0
317322,0
317323,0
317324,0
317325,0
317326,0
317327,0
317328,1
317329,0
317330,0
317331,0
317332,0
317333,0
317334,0
317335,0
317336,0
317337,0
317338,0
317339,1
317340,0
317341,0
317342,0
317343,0
317344,0
317345,0
317346,0
317347,0
317348,0
317349,0
317350,1
317351,0
317352,0
317353,0
317354,0
317355,0
317356,0
317357,1
317358,0
317359,0
317360,0
317361,0
317362,0
317363,0
317364,1
317365,0
317366,0
317367,0
317368,0
317369,0
317370,1
317371,1
317372,0
317373,0
317374,1
317375,0
317376,0
317377,1
317378,0
317380,0
317381,0
317382,0
317383,0
317384,1
317385,0
317386,0
317387,0
317388,0
317389,1
317390,0
317391,0
317392,0
317393,0
317394,0
317395,1
317396,0
317397,0
317398,0
317399,0
317400,0
317401,1
317402,0
317403,0
317405,0
317406,0
317407,0
317408,0
317409,0
317410,0
317411,0
317412,1
317413,0
317414,0
317415,0
317416,0
317417,1
317419,1
317420,0
317421,0
317422,0
317423,0
317424,0
317425,0
317426,0
317427,0
317428,0
317429,0
317430,0
317431,0
317432,0
317433,0
317434,0
317435,0
317436,0
317437,1
317438,0
317439,0
317440,0
317441,0
317442,0
317443,0
317444,0
317445,0
317446,0
317447,0
317448,0
317449,0
317450,0
317451,0
317452,0
317453,0
317454,0
317455,0
317456,0
317457,0
317458,0
317459,0
317460,0
317461,0
317462,0
317463,0
317464,0
317465,0
317466,0
317467,0
317468,0
317469,0
317470,0
317471,0
317472,0
317473,0
317474,0
317475,1
317476,0
317477,0
317478,0
317479,0
317480,1
317481,1
317482,0
317483,0
317484,0
317485,1
317486,0
317487,0
317488,1
317489,0
317490,0
317491,0
317492,0
317493,0
317494,0
317495,0
317496,0
317497,1
317498,0
317499,0
317500,0
317501,0
317502,0
317503,0
317504,0
317505,1
317506,1
317507,0
317508,0
317509,0
317510,0
317511,0
317512,0
317513,0
317514,0
317515,0
317516,0
317517,0
317518,0
317519,0
317520,1
317521,0
317522,1
317523,0
317524,0
317525,0
317526,0
317527,0
317528,0
317529,1
317530,0
317531,0
317532,1
317533,0
317534,0
317535,0
317536,0
317537,0
317538,0
317539,0
317540,0
317541,0
317542,0
317543,0
317544,0
317545,0
317546,0
317547,0
317548,0
317549,1
317550,0
317551,1
317552,0
317553,0
317554,0
317555,0
317556,0
317557,0
317558,1
317559,0
317560,0
317561,0
317562,0
317563,0
317564,0
317565,0
317566,0
317567,0
317568,0
317569,0
317570,0
317571,0
317573,0
317574,0
317575,1
317576,1
317577,0
317578,0
317579,0
317580,0
317581,0
317582,0
317583,0
317584,0
317585,0
317586,0
317587,0
317588,0
317590,0
317591,0
317592,0
317593,0
317594,0
317595,1
317596,0
317597,0
317598,0
317599,0
317600,0
317601,0
317602,0
317603,0
317605,1
317606,0
317607,0
317608,0
317609,0
317610,0
317611,0
317612,0
317613,0
317614,0
317615,0
317616,0
317617,0
317618,0
317619,0
317620,0
317621,0
317622,0
317623,0
317624,0
317625,0
317626,0
317627,0
317628,0
317629,0
317630,1
317631,0
317632,1
317633,0
317634,0
317635,0
317636,0
317637,0
317638,0
317639,0
317640,0
317641,1
317642,0
317643,0
317644,0
317645,0
317646,0
317647,0
317648,0
317649,0
317650,1
317651,0
317652,1
317653,0
317654,0
317655,1
317656,0
317657,0
317658,0
317659,0
317660,0
317661,0
317662,0
317663,0
317664,0
317665,0
317666,0
317667,0
317668,0
317669,1
317670,0
317671,1
317672,0
317673,0
317674,0
317675,0
317676,0
317677,0
317678,0
317679,0
317680,0
317681,0
317682,0
317683,0
317684,0
317685,0
317686,1
317687,0
317688,0
317689,0
317690,1
317691,0
317692,0
317693,0
317694,0
317695,0
317696,1
317697,0
317698,0
317699,0
317700,0
317701,1
317702,0
317703,0
317704,0
317705,1
317706,0
317707,0
317708,0
317709,0
317710,0
317711,0
317712,0
317713,0
317714,0
317715,0
317716,0
317717,0
317718,0
317719,0
317720,1
317721,0
317722,0
317723,0
317724,0
317725,0
317728,0
317729,0
317730,0
317731,0
317732,0
317733,0
317734,0
317735,0
317736,0
317737,0
317738,0
317739,0
317740,0
317741,0
317742,1
317743,0
317744,0
317745,0
317746,1
317747,1
317748,1
317749,0
317750,0
317751,0
317752,0
317753,0
317754,0
317755,0
317756,0
317758,0
317759,0
317760,0
317761,0
317762,0
317763,0
317764,0
317765,0
317766,0
317767,0
317768,0
317769,0
317770,0
317771,0
317772,0
317773,0
317774,0
317775,0
317776,0
317777,0
317778,0
317779,0
317780,0
317781,0
317782,0
317783,0
317784,1
317785,0
317786,0
317787,0
317788,0
317789,0
317790,0
317791,0
317792,0
317793,0
317794,1
317795,0
317796,0
317797,0
317798,0
317799,0
317800,0
317801,0
317802,0
317803,0
317805,0
317806,0
317807,0
317808,0
317809,0
317810,0
317811,1
317812,0
317813,0
317814,1
317815,0
317816,0
317817,0
317818,0
317819,0
317820,0
317821,0
317822,0
317823,0
317824,0
317825,0
317826,0
317827,0
317828,0
317829,0
317830,0
317831,0
317832,0
317833,0
317834,0
317835,1
317836,0
317837,0
317838,0
317839,0
317840,0
317841,0
317842,0
317843,0
317844,0
317845,0
317846,0
317847,0
317848,0
317849,0
317850,1
317851,0
317852,0
317853,0
317854,0
317855,0
317856,0
317857,0
317858,0
317859,0
317860,0
317861,0
317862,0
317863,0
317864,0
317865,0
317866,0
317867,0
317868,0
317869,1
317870,0
317871,0
317872,0
317873,0
317874,0
317875,0
317876,0
317877,0
317878,0
317879,0
317880,1
317881,0
317882,1
317883,0
317884,0
317885,0
317886,1
317888,0
317889,0
317890,0
317891,0
317892,0
317893,0
317894,0
317895,1
317896,0
317897,1
317898,0
317899,0
317900,0
317901,1
317902,0
317903,0
317904,0
317905,0
317906,0
317907,0
317908,0
317909,0
317910,0
317911,0
317912,0
317913,0
317914,0
317915,0
317916,0
317917,0
317918,0
317919,1
317920,0
317921,0
317922,0
317923,0
317924,1
317925,0
317926,0
317927,0
317928,0
317929,0
317930,0
317931,0
317932,0
317933,0
317934,0
317935,1
317936,0
317937,1
317938,0
317939,0
317940,0
317941,1
317942,0
317943,0
317944,0
317945,0
317946,0
317947,0
317948,0
317949,0
317950,0
317951,0
317952,0
317953,1
317954,0
317955,0
317956,0
317957,1
317958,0
317959,0
317960,0
317961,0
317962,0
317963,0
317964,0
317965,0
317966,0
317967,0
317968,0
317970,0
317971,0
317972,1
317973,1
317974,0
317975,0
317976,0
317977,0
317978,0
317979,1
317980,0
317981,0
317982,0
317983,0
317984,0
317985,0
317986,0
317987,0
317988,0
317989,0
317990,0
317991,0
317992,0
317993,0
317994,0
317995,1
317996,0
317997,0
317998,0
317999,0
318000,0
318001,1
318002,0
318003,1
318004,0
318005,0
318006,0
318007,0
318008,0
318009,0
318010,0
318011,0
318012,0
318013,0
318014,0
318015,0
318016,1
318017,0
318018,0
318019,0
318020,1
318021,0
318022,0
318023,0
318024,0
318025,0
318026,0
318027,0
318028,0
318029,0
318030,0
318031,0
318032,0
318033,0
318034,0
318035,1
318036,0
318037,0
318038,0
318039,0
318040,0
318041,0
318042,0
318043,0
318044,0
318045,0
318046,0
318047,0
318049,0
318050,0
318051,0
318052,0
318053,0
318054,0
318055,0
318056,1
318057,0
318058,0
318059,0
318060,0
318061,0
318062,0
318063,0
318064,1
318065,0
318066,0
318067,0
318068,0
318069,0
318070,1
318071,0
318072,0
318073,0
318074,0
318075,0
318076,0
318077,1
318078,0
318079,0
318080,0
318081,0
318082,0
318083,0
318085,1
318087,0
318089,0
318090,0
318091,0
318092,1
318093,0
318094,0
318095,0
318096,0
318097,0
318098,0
318099,0
318100,0
318101,0
318102,0
318103,0
318104,0
318105,0
318106,0
318107,0
318108,0
318109,0
318110,0
318111,0
318112,0
318113,0
318114,0
318115,0
318116,0
318117,0
318118,0
318119,0
318120,0
318121,0
318122,0
318123,0
318124,0
318125,0
318126,0
318127,0
318128,0
318129,0
318130,0
318131,0
318132,0
318133,0
318134,0
318135,1
318136,0
318137,1
318138,0
318139,0
318140,0
318141,0
318142,0
318143,0
318144,0
318145,0
318146,0
318147,0
318148,0
318149,0
318150,0
318151,0
318152,0
318153,0
318154,1
318155,0
318156,0
318157,0
318158,1
318159,0
318160,0
318161,1
318162,0
318163,0
318164,0
318165,0
318166,0
318167,0
318168,0
318169,0
318170,0
318171,0
318172,0
318173,0
318174,1
318175,0
318176,0
318177,1
318178,0
318179,0
318180,0
318181,0
318182,0
318183,0
318184,0
318185,0
318186,0
318187,0
318188,0
318189,0
318190,0
318191,0
318192,0
318193,0
318194,0
318195,0
318196,0
318197,1
318198,0
318199,0
318200,0
318201,0
318202,0
318203,0
318204,0
318205,0
318206,0
318207,0
318208,0
318209,0
318210,0
318211,0
318212,0
318213,1
318214,0
318215,0
318216,0
318218,0
318219,0
318220,0
318221,0
318223,0
318224,0
318225,1
318226,1
318227,0
318228,0
318229,0
318230,0
318231,0
318232,0
318233,0
318234,0
318235,0
318236,0
318237,0
318238,0
318239,0
318240,0
318241,0
318242,0
318243,0
318244,0
318245,0
318246,1
318247,0
318248,0
318249,0
318250,0
318251,0
318252,0
318253,0
318254,0
318255,0
318256,1
318257,1
318258,0
318259,0
318260,0
318261,1
318262,0
318263,0
318264,0
318265,1
318266,0
318267,0
318268,0
318269,0
318270,0
318271,0
318272,0
318273,0
318274,0
318275,0
318276,0
318277,0
318278,0
318279,0
318280,0
318281,1
318282,0
318283,0
318284,0
318285,0
318286,0
318287,0
318288,0
318289,0
318290,0
318291,0
318292,0
318293,0
318294,0
318295,0
318296,0
318297,0
318298,0
318299,1
318300,0
318301,0
318302,1
318303,1
318305,0
318306,0
318307,0
318308,0
318309,0
318310,0
318311,0
318312,1
318314,0
318315,1
318316,0
318317,1
318318,0
318319,0
318320,0
318321,0
318322,0
318323,0
318324,0
318325,0
318326,0
318327,0
318328,0
318329,0
318330,0
318331,0
318332,0
318333,0
318334,0
318335,0
318336,0
318337,0
318338,0
318339,0
318340,0
318341,0
318342,0
318343,0
318344,0
318345,1
318346,0
318347,0
318348,0
318349,0
318350,0
318351,0
318352,0
318353,0
318354,0
318355,0
318356,0
318357,1
318358,0
318359,0
318360,0
318361,0
318362,0
318363,0
318364,0
318365,0
318366,0
318367,0
318368,0
318369,0
318370,0
318371,0
318372,0
318373,0
318374,0
318375,0
318376,0
318377,0
318378,0
318379,0
318380,0
318381,0
318382,0
318383,0
318384,1
318385,0
318386,0
318387,0
318388,0
318389,0
318390,0
318391,1
318392,0
318393,0
318394,0
318395,0
318396,0
318397,0
318398,0
318399,0
318400,0
318401,0
318402,0
318403,0
318404,0
318405,0
318406,1
318407,0
318408,0
318409,0
318410,0
318411,0
318412,0
318413,1
318414,0
318415,0
318416,0
318417,0
318418,1
318419,0
318420,0
318421,0
318422,0
318423,0
318424,1
318425,0
318426,0
318427,0
318429,0
318430,0
318431,0
318432,0
318433,0
318434,0
318435,0
318436,0
318437,0
